%!PS-Adobe-3.0 EPSF-3.0
%%LanguageLevel: 3
%%Title: numerical_sol_gauss
%%Creator: Matplotlib v3.10.8, https://matplotlib.org/
%%CreationDate: Sat Feb 21 18:16:50 2026
%%Orientation: portrait
%%BoundingBox: 0 0 432 360
%%HiResBoundingBox: 0.000000 0.000000 432.000000 360.000000
%%EndComments
%%BeginProlog
/mpldict 9 dict def
mpldict begin
/_d { bind def } bind def
/m { moveto } _d
/l { lineto } _d
/r { rlineto } _d
/c { curveto } _d
/cl { closepath } _d
/ce { closepath eofill } _d
/sc { setcachedevice } _d
%!PS-Adobe-3.0 Resource-Font
%%Creator: Converted from TrueType to Type 3 by Matplotlib.
10 dict begin
/FontName /DejaVuSans def
/PaintType 0 def
/FontMatrix [0.00048828125 0 0 0.00048828125 0 0] def
/FontBBox [-2090 -948 3673 2524] def
/FontType 3 def
/Encoding [/space /hyphen /period /zero /one /two /three /four /five /six /eight /C /G /N /S /a /c /d /e /g /i /l /m /n /o /r /s /t /u /x /y] def
/CharStrings 32 dict dup begin
/.notdef 0 def
/space{651 0 0 0 0 0 sc
ce} _d
/hyphen{739 0 100 479 639 643 sc
100 643 m
639 643 l
639 479 l
100 479 l
100 643 l

ce} _d
/period{651 0 219 0 430 254 sc
219 254 m
430 254 l
430 0 l
219 0 l
219 254 l

ce} _d
/zero{1303 0 135 -29 1167 1520 sc
651 1360 m
547 1360 469 1309 416 1206 c
364 1104 338 950 338 745 c
338 540 364 387 416 284 c
469 182 547 131 651 131 c
756 131 834 182 886 284 c
939 387 965 540 965 745 c
965 950 939 1104 886 1206 c
834 1309 756 1360 651 1360 c

651 1520 m
818 1520 946 1454 1034 1321 c
1123 1189 1167 997 1167 745 c
1167 494 1123 302 1034 169 c
946 37 818 -29 651 -29 c
484 -29 356 37 267 169 c
179 302 135 494 135 745 c
135 997 179 1189 267 1321 c
356 1454 484 1520 651 1520 c

ce} _d
/one{1303 0 225 0 1114 1493 sc
254 170 m
584 170 l
584 1309 l
225 1237 l
225 1421 l
582 1493 l
784 1493 l
784 170 l
1114 170 l
1114 0 l
254 0 l
254 170 l

ce} _d
/two{1303 0 150 0 1098 1520 sc
393 170 m
1098 170 l
1098 0 l
150 0 l
150 170 l
227 249 331 356 463 489 c
596 623 679 709 713 748 c
778 821 823 882 848 932 c
874 983 887 1032 887 1081 c
887 1160 859 1225 803 1275 c
748 1325 675 1350 586 1350 c
523 1350 456 1339 385 1317 c
315 1295 240 1262 160 1217 c
160 1421 l
241 1454 317 1478 388 1495 c
459 1512 523 1520 582 1520 c
737 1520 860 1481 952 1404 c
1044 1327 1090 1223 1090 1094 c
1090 1033 1078 974 1055 919 c
1032 864 991 800 930 725 c
913 706 860 650 771 557 c
682 465 556 336 393 170 c

ce} _d
/three{1303 0 156 -29 1139 1520 sc
831 805 m
928 784 1003 741 1057 676 c
1112 611 1139 530 1139 434 c
1139 287 1088 173 987 92 c
886 11 742 -29 555 -29 c
492 -29 428 -23 361 -10 c
295 2 227 20 156 45 c
156 240 l
212 207 273 183 340 166 c
407 149 476 141 549 141 c
676 141 772 166 838 216 c
905 266 938 339 938 434 c
938 522 907 591 845 640 c
784 690 698 715 588 715 c
414 715 l
414 881 l
596 881 l
695 881 771 901 824 940 c
877 980 903 1037 903 1112 c
903 1189 876 1247 821 1288 c
767 1329 689 1350 588 1350 c
533 1350 473 1344 410 1332 c
347 1320 277 1301 201 1276 c
201 1456 l
278 1477 349 1493 416 1504 c
483 1515 547 1520 606 1520 c
759 1520 881 1485 970 1415 c
1059 1346 1104 1252 1104 1133 c
1104 1050 1080 980 1033 923 c
986 866 918 827 831 805 c

ce} _d
/four{1303 0 100 0 1188 1493 sc
774 1317 m
264 520 l
774 520 l
774 1317 l

721 1493 m
975 1493 l
975 520 l
1188 520 l
1188 352 l
975 352 l
975 0 l
774 0 l
774 352 l
100 352 l
100 547 l
721 1493 l

ce} _d
/five{1303 0 158 -29 1124 1493 sc
221 1493 m
1014 1493 l
1014 1323 l
406 1323 l
406 957 l
435 967 465 974 494 979 c
523 984 553 987 582 987 c
749 987 881 941 978 850 c
1075 759 1124 635 1124 479 c
1124 318 1074 193 974 104 c
874 15 733 -29 551 -29 c
488 -29 424 -24 359 -13 c
294 -2 227 14 158 35 c
158 238 l
218 205 280 181 344 165 c
408 149 476 141 547 141 c
662 141 754 171 821 232 c
888 293 922 375 922 479 c
922 583 888 665 821 726 c
754 787 662 817 547 817 c
493 817 439 811 385 799 c
332 787 277 768 221 743 c
221 1493 l

ce} _d
/six{1303 0 143 -29 1174 1520 sc
676 827 m
585 827 513 796 460 734 c
407 672 381 587 381 479 c
381 372 407 287 460 224 c
513 162 585 131 676 131 c
767 131 838 162 891 224 c
944 287 971 372 971 479 c
971 587 944 672 891 734 c
838 796 767 827 676 827 c

1077 1460 m
1077 1276 l
1026 1300 975 1318 923 1331 c
872 1344 821 1350 770 1350 c
637 1350 535 1305 464 1215 c
394 1125 354 989 344 807 c
383 865 433 909 492 940 c
551 971 617 987 688 987 c
838 987 956 941 1043 850 c
1130 759 1174 636 1174 479 c
1174 326 1129 203 1038 110 c
947 17 827 -29 676 -29 c
503 -29 371 37 280 169 c
189 302 143 494 143 745 c
143 981 199 1169 311 1309 c
423 1450 573 1520 762 1520 c
813 1520 864 1515 915 1505 c
967 1495 1021 1480 1077 1460 c

ce} _d
/eight{1303 0 139 -29 1163 1520 sc
651 709 m
555 709 479 683 424 632 c
369 581 342 510 342 420 c
342 330 369 259 424 208 c
479 157 555 131 651 131 c
747 131 823 157 878 208 c
933 260 961 331 961 420 c
961 510 933 581 878 632 c
823 683 748 709 651 709 c

449 795 m
362 816 295 857 246 916 c
198 975 174 1048 174 1133 c
174 1252 216 1347 301 1416 c
386 1485 503 1520 651 1520 c
800 1520 916 1485 1001 1416 c
1086 1347 1128 1252 1128 1133 c
1128 1048 1104 975 1055 916 c
1007 857 940 816 854 795 c
951 772 1027 728 1081 662 c
1136 596 1163 515 1163 420 c
1163 275 1119 164 1030 87 c
942 10 816 -29 651 -29 c
486 -29 360 10 271 87 c
183 164 139 275 139 420 c
139 515 166 596 221 662 c
276 728 352 772 449 795 c

375 1114 m
375 1037 399 976 447 933 c
496 890 564 868 651 868 c
738 868 805 890 854 933 c
903 976 928 1037 928 1114 c
928 1191 903 1252 854 1295 c
805 1338 738 1360 651 1360 c
564 1360 496 1338 447 1295 c
399 1252 375 1191 375 1114 c

ce} _d
/C{1430 0 115 -29 1319 1520 sc
1319 1378 m
1319 1165 l
1251 1228 1178 1276 1101 1307 c
1024 1338 943 1354 856 1354 c
685 1354 555 1302 464 1197 c
373 1093 328 942 328 745 c
328 548 373 398 464 293 c
555 189 685 137 856 137 c
943 137 1024 153 1101 184 c
1178 215 1251 263 1319 326 c
1319 115 l
1248 67 1173 31 1094 7 c
1015 -17 932 -29 844 -29 c
618 -29 440 40 310 178 c
180 317 115 506 115 745 c
115 985 180 1174 310 1312 c
440 1451 618 1520 844 1520 c
933 1520 1017 1508 1096 1484 c
1175 1461 1250 1425 1319 1378 c

ce} _d
/G{1587 0 115 -29 1419 1520 sc
1219 213 m
1219 614 l
889 614 l
889 780 l
1419 780 l
1419 139 l
1341 84 1255 42 1161 13 c
1067 -15 967 -29 860 -29 c
627 -29 444 39 312 175 c
181 312 115 502 115 745 c
115 989 181 1179 312 1315 c
444 1452 627 1520 860 1520 c
957 1520 1050 1508 1137 1484 c
1225 1460 1306 1425 1380 1378 c
1380 1163 l
1305 1226 1226 1274 1142 1306 c
1058 1338 970 1354 877 1354 c
694 1354 557 1303 465 1201 c
374 1099 328 947 328 745 c
328 544 374 392 465 290 c
557 188 694 137 877 137 c
948 137 1012 143 1068 155 c
1124 168 1174 187 1219 213 c

ce} _d
/N{1532 0 201 0 1331 1493 sc
201 1493 m
473 1493 l
1135 244 l
1135 1493 l
1331 1493 l
1331 0 l
1059 0 l
397 1249 l
397 0 l
201 0 l
201 1493 l

ce} _d
/S{1300 0 135 -29 1186 1520 sc
1096 1444 m
1096 1247 l
1019 1284 947 1311 879 1329 c
811 1347 745 1356 682 1356 c
572 1356 487 1335 427 1292 c
368 1249 338 1189 338 1110 c
338 1044 358 994 397 960 c
437 927 512 900 623 879 c
745 854 l
896 825 1007 775 1078 702 c
1150 630 1186 533 1186 412 c
1186 267 1137 158 1040 83 c
943 8 801 -29 614 -29 c
543 -29 468 -21 388 -5 c
309 11 226 35 141 66 c
141 274 l
223 228 303 193 382 170 c
461 147 538 135 614 135 c
729 135 818 158 881 203 c
944 248 975 313 975 397 c
975 470 952 528 907 569 c
862 610 789 641 686 662 c
563 686 l
412 716 303 763 236 827 c
169 891 135 980 135 1094 c
135 1226 181 1330 274 1406 c
367 1482 496 1520 659 1520 c
729 1520 800 1514 873 1501 c
946 1488 1020 1469 1096 1444 c

ce} _d
/a{1255 0 123 -29 1069 1147 sc
702 563 m
553 563 450 546 393 512 c
336 478 307 420 307 338 c
307 273 328 221 371 182 c
414 144 473 125 547 125 c
649 125 731 161 792 233 c
854 306 885 402 885 522 c
885 563 l
702 563 l

1069 639 m
1069 0 l
885 0 l
885 170 l
843 102 791 52 728 19 c
665 -13 589 -29 498 -29 c
383 -29 292 3 224 67 c
157 132 123 218 123 326 c
123 452 165 547 249 611 c
334 675 460 707 627 707 c
885 707 l
885 725 l
885 810 857 875 801 921 c
746 968 668 991 567 991 c
503 991 441 983 380 968 c
319 953 261 930 205 899 c
205 1069 l
272 1095 338 1114 401 1127 c
464 1140 526 1147 586 1147 c
748 1147 869 1105 949 1021 c
1029 937 1069 810 1069 639 c

ce} _d
/c{1126 0 113 -29 999 1147 sc
999 1077 m
999 905 l
947 934 895 955 842 969 c
790 984 737 991 684 991 c
565 991 472 953 406 877 c
340 802 307 696 307 559 c
307 422 340 316 406 240 c
472 165 565 127 684 127 c
737 127 790 134 842 148 c
895 163 947 184 999 213 c
999 43 l
948 19 894 1 839 -11 c
784 -23 726 -29 664 -29 c
495 -29 361 24 262 130 c
163 236 113 379 113 559 c
113 742 163 885 263 990 c
364 1095 501 1147 676 1147 c
733 1147 788 1141 842 1129 c
896 1118 948 1100 999 1077 c

ce} _d
/d{1300 0 113 -29 1114 1556 sc
930 950 m
930 1556 l
1114 1556 l
1114 0 l
930 0 l
930 168 l
891 101 842 52 783 19 c
724 -13 654 -29 571 -29 c
436 -29 325 25 240 133 c
155 241 113 383 113 559 c
113 735 155 877 240 985 c
325 1093 436 1147 571 1147 c
654 1147 724 1131 783 1098 c
842 1066 891 1017 930 950 c

303 559 m
303 424 331 317 386 240 c
442 163 519 125 616 125 c
713 125 790 163 846 240 c
902 317 930 424 930 559 c
930 694 902 800 846 877 c
790 954 713 993 616 993 c
519 993 442 954 386 877 c
331 800 303 694 303 559 c

ce} _d
/e{1260 0 113 -29 1151 1147 sc
1151 606 m
1151 516 l
305 516 l
313 389 351 293 419 226 c
488 160 583 127 705 127 c
776 127 844 136 910 153 c
977 170 1043 196 1108 231 c
1108 57 l
1042 29 974 8 905 -7 c
836 -22 765 -29 694 -29 c
515 -29 374 23 269 127 c
165 231 113 372 113 549 c
113 732 162 878 261 985 c
360 1093 494 1147 662 1147 c
813 1147 932 1098 1019 1001 c
1107 904 1151 773 1151 606 c

967 660 m
966 761 937 841 882 901 c
827 961 755 991 664 991 c
561 991 479 962 417 904 c
356 846 320 764 311 659 c
967 660 l

ce} _d
/g{1300 0 113 -426 1114 1147 sc
930 573 m
930 706 902 810 847 883 c
792 956 715 993 616 993 c
517 993 440 956 385 883 c
330 810 303 706 303 573 c
303 440 330 337 385 264 c
440 191 517 154 616 154 c
715 154 792 191 847 264 c
902 337 930 440 930 573 c

1114 139 m
1114 -52 1072 -193 987 -286 c
902 -379 773 -426 598 -426 c
533 -426 472 -421 415 -411 c
358 -402 302 -387 248 -367 c
248 -188 l
302 -217 355 -239 408 -253 c
461 -267 514 -274 569 -274 c
690 -274 780 -242 840 -179 c
900 -116 930 -21 930 106 c
930 197 l
892 131 843 82 784 49 c
725 16 654 0 571 0 c
434 0 323 52 239 157 c
155 262 113 400 113 573 c
113 746 155 885 239 990 c
323 1095 434 1147 571 1147 c
654 1147 725 1131 784 1098 c
843 1065 892 1016 930 950 c
930 1120 l
1114 1120 l
1114 139 l

ce} _d
/i{569 0 193 0 377 1556 sc
193 1120 m
377 1120 l
377 0 l
193 0 l
193 1120 l

193 1556 m
377 1556 l
377 1323 l
193 1323 l
193 1556 l

ce} _d
/l{569 0 193 0 377 1556 sc
193 1556 m
377 1556 l
377 0 l
193 0 l
193 1556 l

ce} _d
/m{1995 0 186 0 1821 1147 sc
1065 905 m
1111 988 1166 1049 1230 1088 c
1294 1127 1369 1147 1456 1147 c
1573 1147 1663 1106 1726 1024 c
1789 943 1821 827 1821 676 c
1821 0 l
1636 0 l
1636 670 l
1636 777 1617 857 1579 909 c
1541 961 1483 987 1405 987 c
1310 987 1234 955 1179 892 c
1124 829 1096 742 1096 633 c
1096 0 l
911 0 l
911 670 l
911 778 892 858 854 909 c
816 961 757 987 678 987 c
584 987 509 955 454 891 c
399 828 371 742 371 633 c
371 0 l
186 0 l
186 1120 l
371 1120 l
371 946 l
413 1015 463 1065 522 1098 c
581 1131 650 1147 731 1147 c
812 1147 881 1126 938 1085 c
995 1044 1038 984 1065 905 c

ce} _d
/n{1298 0 186 0 1124 1147 sc
1124 676 m
1124 0 l
940 0 l
940 670 l
940 776 919 855 878 908 c
837 961 775 987 692 987 c
593 987 514 955 457 892 c
400 829 371 742 371 633 c
371 0 l
186 0 l
186 1120 l
371 1120 l
371 946 l
415 1013 467 1064 526 1097 c
586 1130 655 1147 733 1147 c
862 1147 959 1107 1025 1027 c
1091 948 1124 831 1124 676 c

ce} _d
/o{1253 0 113 -29 1141 1147 sc
627 991 m
528 991 450 952 393 875 c
336 798 307 693 307 559 c
307 425 335 319 392 242 c
449 165 528 127 627 127 c
725 127 803 166 860 243 c
917 320 946 426 946 559 c
946 692 917 797 860 874 c
803 952 725 991 627 991 c

627 1147 m
787 1147 913 1095 1004 991 c
1095 887 1141 743 1141 559 c
1141 376 1095 232 1004 127 c
913 23 787 -29 627 -29 c
466 -29 340 23 249 127 c
158 232 113 376 113 559 c
113 743 158 887 249 991 c
340 1095 466 1147 627 1147 c

ce} _d
/r{842 0 186 0 842 1147 sc
842 948 m
821 960 799 969 774 974 c
750 980 723 983 694 983 c
590 983 510 949 454 881 c
399 814 371 717 371 590 c
371 0 l
186 0 l
186 1120 l
371 1120 l
371 946 l
410 1014 460 1064 522 1097 c
584 1130 659 1147 748 1147 c
761 1147 775 1146 790 1144 c
805 1143 822 1140 841 1137 c
842 948 l

ce} _d
/s{1067 0 111 -29 967 1147 sc
907 1087 m
907 913 l
855 940 801 960 745 973 c
689 986 631 993 571 993 c
480 993 411 979 365 951 c
320 923 297 881 297 825 c
297 782 313 749 346 724 c
379 700 444 677 543 655 c
606 641 l
737 613 829 573 884 522 c
939 471 967 400 967 309 c
967 205 926 123 843 62 c
761 1 648 -29 504 -29 c
444 -29 381 -23 316 -11 c
251 0 183 18 111 41 c
111 231 l
179 196 246 169 312 151 c
378 134 443 125 508 125 c
595 125 661 140 708 169 c
755 199 778 241 778 295 c
778 345 761 383 727 410 c
694 437 620 462 506 487 c
442 502 l
328 526 246 563 195 612 c
144 662 119 730 119 817 c
119 922 156 1004 231 1061 c
306 1118 412 1147 549 1147 c
617 1147 681 1142 741 1132 c
801 1122 856 1107 907 1087 c

ce} _d
/t{803 0 55 0 754 1438 sc
375 1438 m
375 1120 l
754 1120 l
754 977 l
375 977 l
375 369 l
375 278 387 219 412 193 c
437 167 488 154 565 154 c
754 154 l
754 0 l
565 0 l
423 0 325 26 271 79 c
217 132 190 229 190 369 c
190 977 l
55 977 l
55 1120 l
190 1120 l
190 1438 l
375 1438 l

ce} _d
/u{1298 0 174 -29 1112 1147 sc
174 442 m
174 1120 l
358 1120 l
358 449 l
358 343 379 263 420 210 c
461 157 523 131 606 131 c
705 131 784 163 841 226 c
899 289 928 376 928 485 c
928 1120 l
1112 1120 l
1112 0 l
928 0 l
928 172 l
883 104 831 53 772 20 c
713 -13 645 -29 567 -29 c
438 -29 341 11 274 91 c
207 171 174 288 174 442 c

637 1147 m
637 1147 l

ce} _d
/x{1212 0 59 0 1145 1120 sc
1124 1120 m
719 575 l
1145 0 l
928 0 l
602 440 l
276 0 l
59 0 l
494 586 l
96 1120 l
313 1120 l
610 721 l
907 1120 l
1124 1120 l

ce} _d
/y{1212 0 61 -426 1151 1120 sc
659 -104 m
607 -237 556 -324 507 -365 c
458 -406 392 -426 309 -426 c
162 -426 l
162 -272 l
270 -272 l
321 -272 360 -260 388 -236 c
416 -212 447 -155 481 -66 c
514 18 l
61 1120 l
256 1120 l
606 244 l
956 1120 l
1151 1120 l
659 -104 l

ce} _d
end readonly def

/BuildGlyph {
 exch begin
 CharStrings exch
 2 copy known not {pop /.notdef} if
 true 3 1 roll get exec
 end
} _d

/BuildChar {
 1 index /Encoding get exch get
 1 index /BuildGlyph get exec
} _d

FontName currentdict end definefont pop
end
%%EndProlog
mpldict begin
0 0 translate
0 0 432 360 rectclip
gsave
0 0 m
432 0 l
432 360 l
0 360 l
cl
1 setgray
fill
grestore
gsave
54 44.28 m
321.84 44.28 l
321.84 312.12 l
54 312.12 l
cl
1 setgray
fill
grestore
gsave
54 44.28 267.84 267.84 rectclip

54 44.28 translate
[1 0 0 1 0 0] concat
268.56 268.56 scale
/DataString 373 string def
373 373 8 [ 373 0 0 -373 0 373 ]
{
currentfile DataString readhexstring pop
} bind false 3 colorimage
fde724fde724fde724fde724fde724fde724fde724fde724fde724fde724fde724fde724fde724fde724fde724fde724fde724fde724fde724fde724fde724fd
e724fde724fde724fde724fde724fde724fde724fde724fde724fde724fde724fde724fde724fde724fde724fde724fde724fde724fde724fde724fde724fde7
24fde724fde724fde724fde724fde724fde724fde724fde724fde724fde724fde724fde724fde724fde724fde724fde724fde724fde724fde724fde724fde724
fde724fde724fde724fde724fde724fde724fde724fde724fde724fde724fde724fde724fde724fde724fde724fde724fde724fde724fde724fde724fde724fd
e724fde724fde724fde724fde724fde724fde724fde724fde724fde724fde724fde724fde724fde724fde724fde724fde724fde724fde724fde724fde724fde7
24fde724fde724fde724fde724fde724fde724fde724fde724fde724fde724fde724fde724fde724fde724fde724fde724fde724fde724fde724fde724fde724
fde724fde724fde724fde724fde724fde724fde724fde724fde724fde724fde724fde724fde724fde724fde724fde724fde724fde724fde724fde724fde724fd
e724fde724fde724fde724fde724fde724fde724fde724fde724fde724fde724fde724fde724fde724fde724fde724fde724fde724fde724fde724fde724fde7
24fde724fde724fde724fde724fde724fde724fde724fde724fde724fde724fde724fde724fde724fde724fde724fde724fde724fde724fde724fde724fde724
fde724fde724fde724fde724fde724fde724fde724fde724fde724fde724fde724fde724fde724fde724fde724fde724fde724fde724fde724fde724fde724fd
e724fde724fde724fde724fde724fde724fde724fde724fde724fde724fde724fde724fde724fde724fde724fde724fde724fde724fde724fde724fde724fde7
24fde724fde724fde724fde724fde724fde724fde724fde724fde724fde724fde724fde724fde724fde724fde724fde724fde724fde724fde724fde724fde724
fde724fde724fde724fde724fde724fde724fde724fde724fde724fde724fde724fde724fde724fde724fde724fde724fde724fde724fde724fde724fde724fd
e724fde724fde724fde724fde724fde724fde724fde724fde724fde724fde724fde724fde724fde724fde724fde724fde724fde724fde724fde724fde724fde7
24fde724fde724fde724fde724fde724fde724fde724fde724fde724fde724fde724fde724fde724fde724fde724fde724fde724fde724fde724fde724fde724
fde724fde724fde724fde724fde724fde724fde724fde724fde724fde724fde724fde724fde724fde724fde724fde724fde724fde724fde724fde724fde724fd
e724fde724fde724fde724fde724fde724fde724fde724fde724fde724fde724fde724fde724fde724fde724fde724fde724fde724fde724fde724fde724fde7
24fde724fde724fde724fde724fde724fde724fde724fde724fde724fde724fde724fde724fde724fde724fde724fde724fde724fde724fde724fde724fde724
fde724fde724fde724fde724fde724fde724fde724fde724fde724fde724fde724fde724fde724fde724fde724fde724fde724fde724fde724fde724fde724fd
e724fde724fde724fde724fde724fde724fde724fde724fde724fde724fde724fde724fde724fde724fde724fde724fde724fde724fde724fde724fde724fde7
24fde724fde724fde724fde724fde724fde724fde724fde724fde724fde724fde724fde724fde724fde724fde724fde724fde724fde724fde724fde724fde724
fde724fde724fde724fde724fde724fde724fde724fde724fde724fde724fde724fde724fde724fde724fde724fde724fde724fde724fde724fde724fde724fd
e724fde724fde724fde724fde724fde724fde724fde724fde724fde724fde724fde724fde724fde724fde724fde724fde724fde724fde724fde724fde724fde7
24fde724fde724fde724fde724fde724fde724fde724fde724fde724fde724fde724fde724fde724fde724fde724fde724fde724fde724fde724fde724fde724
fde724fde724fde724fde724fde724fde724fde724fde724fde724fde724fde724fde724fde724fde724fde724fde724fde724fde724fde724fde724fde724fd
e724fde724fde724fde724fde724fde724fde724fde724fde724fde724fde724fde724fde724fde724fde724fde724fde724fde724fde724fde724fde724fde7
24fde724fde724fde724fde724fde724fde724fde724fde724fde724fde724fde724fde724fde724fde724fde724fde724fde724fde724fde724fde724fde724
fde724fde724fde724fde724fde724fde724fde724fde724fde724fde724fde724fde724fde724fde724fde724fde724fde724fde724fde724fde724fde724fd
e724fde724fde724fde724fde724fde724fde724fde724fde724fde724fde724fde724fde724fde724fde724fde724fde724fde724fde724fde724fde724fde7
24fde724fde724fde724fde724fde724fde724fde724fde724fde724fde724fde724fde724fde724fde724fde724fde724fde724fde724fde724fde724fde724
fde724fde724fde724fde724fde724fde724fde724fde724fde724fde724fde724fde724fde724fde724fde724fde724fde724fde724fde724fde724fde724fd
e724fde724fde724fde724fde724fde724fde724fde724fde724fde724fde724fde724fde724fde724fde724fde724fde724fde724fde724fde724fde724fde7
24fde724fde724fde724fde724fde724fde724fde724fde724fde724fde724fde724fde724fde724fde724fde724fde724fde724fde724fde724fde724fde724
fde724fde724fde724fde724fde724fde724fde724fde724fde724fde724fde724fde724fde724fde724fde724fde724fde724fde724fde724fde724fde724fd
e724fde724fde724fde724fde724fde724fde724fde724fde724fde724fde724fde724fde724fde724fde724fde724fde724fde724fde724fde724fde724fde7
24fde724fde724fde724fde724fde724fde724fde724fde724fde724fde724fde724fde724fde724fde724fde724fde724fde724fde724fde724fde724fde724
fde724fde724fde724fde724fde724fde724fde724fde724fde724fde724fde724fde724fde724fde724fde724fde724fde724fde724fde724fde724fde724fd
e724fde724fde724fde724fde724fde724fde724fde724fde724fde724fde724fde724fde724fde724fde724fde724fde724fde724fde724fde724fde724fde7
24fde724fde724fde724fde724fde724fde724fde724fde724fde724fde724fde724fde724fde724fde724fde724fde724fde724fde724fde724fde724fde724
fde724fde724fde724fde724fde724fde724fde724fde724fde724fde724fde724fde724fde724fde724fde724fde724fde724fde724fde724fde724fde724fd
e724fde724fde724fde724fde724fde724fde724fde724fde724fde724fde724fde724fde724fde724fde724fde724fde724fde724fde724fde724fde724fde7
24fde724fde724fde724fde724fde724fde724fde724fde724fde724fde724fde724fde724fde724fde724fde724fde724fde724fde724fde724fde724fde724
fde724fde724fde724fde724fde724fde724fde724fde724fde724fde724fde724fde724fde724fde724fde724fde724fde724fde724fde724fde724fde724fd
e724fde724fde724fde724fde724fde724fde724fde724fde724fde724fde724fde724fde724fde724fde724fde724fde724fde724fde724fde724fde724fde7
24fde724fde724fde724fde724fde724fde724fde724fde724fde724fde724fde724fde724fde724fde724fde724fde724fde724fde724fde724fde724fde724
fde724fde724fde724fde724fde724fde724fde724fde724fde724fde724fde724fde724fde724fde724fde724fde724fde724fde724fde724fde724fde724fd
e724fde724fde724fde724fde724fde724fde724fde724fde724fde724fde724fde724fde724fde724fde724fde724fde724fde724fde724fde724fde724fde7
24fde724fde724fde724fde724fde724fde724fde724fde724fde724fde724fde724fde724fde724fde724fde724fde724fde724fde724fde724fde724fde724
fde724fde724fde724fde724fde724fde724fde724fde724fde724fde724fde724fde724fde724fde724fde724fde724fde724fde724fde724fde724fde724fd
e724fde724fde724fde724fde724fde724fde724fde724fde724fde724fde724fde724fde724fde724fde724fde724fde724fde724fde724fde724fde724fde7
24fde724fde724fde724fde724fde724fde724fde724fde724fde724fde724fde724fde724fde724fde724fde724fde724fde724fde724fde724fde724fde724
fde724fde724fde724fde724fde724fde724fde724fde724fde724fde724fde724fde724fde724fde724fde724fde724fde724fde724fde724fde724fde724fd
e724fde724fde724fde724fde724fde724fde724fde724fde724fde724fde724fde724fde724fde724fde724fde724fde724fde724fde724fde724fde724fde7
24fde724fde724fde724fde724fde724fde724fde724fde724fde724fde724fde724fde724fde724fde724fde724fde724fde724fde724fde724fde724fde724
fde724fde724fde724fde724fde724fde724fde724fde724fde724fde724fde724fde724fde724fde724fde724fde724fde724fde724fde724fde724fde724fd
e724fde724fde724fde724fde724fde724fde724fde724fde724fde724fde724fde724fde724fde724fde724fde724fde724fde724fde724fde724fde724fde7
24fde724fde724fde724fde724fde724fde724fde724fde724fde724fde724fde724fde724fde724fde724fde724fde724fde724fde724fde724fde724fde724
fde724fde724fde724fde724fde724fde724fde724fde724fde724fde724fde724fde724fde724fde724fde724fde724fde724fde724fde724fde724fde724fd
e724fde724fde724fde724fde724fde724fde724fde724fde724fde724fde724fde724fde724fde724fde724fde724fde724fde724fde724fde724fde724fde7
24fde724fde724fde724fde724fde724fde724fde724fde724fde724fde724fde724fde724fde724fde724fde724fde724fde724fde724fde724fde724fde724
fde724fde724fde724fde724fde724fde724fde724fde724fde724fde724fde724fde724fde724fde724fde724fde724fde724fde724fde724fde724fde724fd
e724fde724fde724fde724fde724fde724fde724fde724fde724fde724fde724fde724fde724fde724fde724fde724fde724fde724fde724fde724fde724fde7
24fde724fde724fde724fde724fde724fde724fde724fde724fde724fde724fde724fde724fde724fde724fde724fde724fde724fde724fde724fde724fde724
fde724fde724fde724fde724fde724fde724fde724fde724fde724fde724fde724fde724fde724fde724fde724fde724fde724fde724fde724fde724fde724fd
e724fde724fde724fde724fde724fde724fde724fde724fde724fde724fde724fde724fde724fde724fde724fde724fde724fde724fde724fde724fde724fde7
24fde724fde724fde724fde724fde724fde724fde724fde724fde724fde724fde724fde724fde724fde724fde724fde724fde724fde724fde724fde724fde724
fde724fde724fde724fde724fde724fde724fde724fde724fde724fde724fde724fde724fde724fde724fde724fde724fde724fde724fde724fde724fde724fd
e724fde724fde724fde724fde724fde724fde724fde724fde724fde724fde724fde724fde724fde724fde724fde724fde724fde724fde724fde724fde724fde7
24fde724fde724fde724fde724fde724fde724fde724fde724fde724fde724fde724fde724fde724fde724fde724fde724fde724fde724fde724fde724fde724
fde724fde724fde724fde724fde724fde724fde724fde724fde724fde724fde724fde724fde724fde724fde724fde724fde724fde724fde724fde724fde724fd
e724fde724fde724fde724fde724fde724fde724fde724fde724fde724fde724fde724fde724fde724fde724fde724fde724fde724fde724fde724fde724fde7
24fde724fde724fde724fde724fde724fde724fde724fde724fde724fde724fde724fde724fde724fde724fde724fde724fde724fde724fde724fde724fde724
fde724fde724fde724fde724fde724fde724fde724fde724fde724fde724fde724fde724fde724fde724fde724fde724fde724fde724fde724fde724fde724fd
e724fde724fde724fde724fde724fde724fde724fde724fde724fde724fde724fde724fde724fde724fde724fde724fde724fde724fde724fde724fde724fde7
24fde724fde724fde724fde724fde724fde724fde724fde724fde724fde724fde724fde724fde724fde724fde724fde724fde724fde724fde724fde724fde724
fde724fde724fde724fde724fde724fde724fde724fde724fde724fde724fde724fde724fde724fde724fde724fde724fde724fde724fde724fde724fde724fd
e724fde724fde724fde724fde724fde724fde724fde724fde724fde724fde724fde724fde724fde724fde724fde724fde724fde724fde724fde724fde724fde7
24fde724fde724fde724fde724fde724fde724fde724fde724fde724fde724fde724fde724fde724fde724fde724fde724fde724fde724fde724fde724fde724
fde724fde724fde724fde724fde724fde724fde724fde724fde724fde724fde724fde724fde724fde724fde724fde724fde724fde724fde724fde724fde724fd
e724fde724fde724fde724fde724fde724fde724fde724fde724fde724fde724fde724fde724fde724fde724fde724fde724fde724fde724fde724fde724fde7
24fde724fde724fde724fde724fde724fde724fde724fde724fde724fde724fde724fde724fde724fde724fde724fde724fde724fde724fde724fde724fde724
fde724fde724fde724fde724fde724fde724fde724fde724fde724fde724fde724fde724fde724fde724fde724fde724fde724fde724fde724fde724fde724fd
e724fde724fde724fde724fde724fde724fde724fde724fde724fde724fde724fde724fde724fde724fde724fde724fde724fde724fde724fde724fde724fde7
24fde724fde724fde724fde724fde724fde724fde724fde724fde724fde724fde724fde724fde724fde724fde724fde724fde724fde724fde724fde724fde724
fde724fde724fde724fde724fde724fde724fde724fde724fde724fde724fde724fde724fde724fde724fde724fde724fde724fde724fde724fde724fde724fd
e724fde724fde724fde724fde724fde724fde724fde724fde724fde724fde724fde724fde724fde724fde724fde724fde724fde724fde724fde724fde724fde7
24fde724fde724fde724fde724fde724fde724fde724fde724fde724fde724fde724fde724fde724fde724fde724fde724fde724fde724fde724fde724fde724
fde724fde724fde724fde724fde724fde724fde724fde724fde724fde724fde724fde724fde724fde724fde724fde724fde724fde724fde724fde724fde724fd
e724fde724fde724fde724fde724fde724fde724fde724fde724fde724fde724fde724fde724fde724fde724fde724fde724fde724fde724fde724fde724fde7
24fde724fde724fde724fde724fde724fde724fde724fde724fde724fde724fde724fde724fde724fde724fde724fde724fde724fde724fde724fde724fde724
fde724fde724fde724fde724fde724fde724fde724fde724fde724fde724fde724fde724fde724fde724fde724fde724fde724fde724fde724fde724fde724fd
e724fde724fde724fde724fde724fde724fde724fde724fde724fde724fde724fde724fde724fde724fde724fde724fde724fde724fde724fde724fde724fde7
24fde724fde724fde724fde724fde724fde724fde724fde724fde724fde724fde724fde724fde724fde724fde724fde724fde724fde724fde724fde724fde724
fde724fde724fde724fde724fde724fde724fde724fde724fde724fde724fde724fde724fde724fde724fde724fde724fde724fde724fde724fde724fde724fd
e724fde724fde724fde724fde724fde724fde724fde724fde724fde724fde724fde724fde724fde724fde724fde724fde724fde724fde724fde724fde724fde7
24fde724fde724fde724fde724fde724fde724fde724fde724fde724fde724fde724fde724fde724fde724fde724fde724fde724fde724fde724fde724fde724
fde724fde724fde724fde724fde724fde724fde724fde724fde724fde724fde724fde724fde724fde724fde724fde724fde724fde724fde724fde724fde724fd
e724fde724fde724fde724fde724fde724fde724fde724fde724fde724fde724fde724fde724fde724fde724fde724fde724fde724fde724fde724fde724fde7
24fde724fde724fde724fde724fde724fde724fde724fde724fde724fde724fde724fde724fde724fde724fde724fde724fde724fde724fde724fde724fde724
fde724fde724fde724fde724fde724fde724fde724fde724fde724fde724fde724fde724fde724fde724fde724fde724fde724fde724fde724fde724fde724fd
e724fde724fde724fde724fde724fde724fde724fde724fde724fde724fde724fde724fde724fde724fde724fde724fde724fde724fde724fde724fde724fde7
24fde724fde724fde724fde724fde724fde724fde724fde724fde724fde724fde724fde724fde724fde724fde724fde724fde724fde724fde724fde724fde724
fde724fde724fde724fde724fde724fde724fde724fde724fde724fde724fde724fde724fde724fde724fde724fde724fde724fde724fde724fde724fde724fd
e724fde724fde724fde724fde724fde724fde724fde724fde724fde724fde724fde724fde724fde724fde724fde724fde724fde724fde724fde724fde724fde7
24fde724fde724fde724fde724fde724fde724fde724fde724fde724fde724fde724fde724fde724fde724fde724fde724fde724fde724fde724fde724fde724
fde724fde724fde724fde724fde724fde724fde724fde724fde724fde724fde724fde724fde724fde724fde724fde724fde724fde724fde724fde724fde724fd
e724fde724fde724fde724fde724fde724fde724fde724fde724fde724fde724fde724fde724fde724fde724fde724fde724fde724fde724fde724fde724fde7
24fde724fde724fde724fde724fde724fde724fde724fde724fde724fde724fde724fde724fde724fde724fde724fde724fde724fde724fde724fde724fde724
fde724fde724fde724fde724fde724fde724fde724fde724fde724fde724fde724fde724fde724fde724fde724fde724fde724fde724fde724fde724fde724fd
e724fde724fde724fde724fde724fde724fde724fde724fde724fde724fde724fde724fde724fde724fde724fde724fde724fde724fde724fde724fde724fde7
24fde724fde724fde724fde724fde724fde724fde724fde724fde724fde724fde724fde724fde724fde724fde724fde724fde724fde724fde724fde724fde724
fde724fde724fde724fde724fde724fde724fde724fde724fde724fde724fde724fde724fde724fde724fde724fde724fde724fde724fde724fde724fde724fd
e724fde724fde724fde724fde724fde724fde724fde724fde724fde724fde724fde724fde724fde724fde724fde724fde724fde724fde724fde724fde724fde7
24fde724fde724fde724fde724fde724fde724fde724fde724fde724fde724fde724fde724fde724fde724fde724fde724fde724fde724fde724fde724fde724
fde724fde724fde724fde724fde724fde724fde724fde724fde724fde724fde724fde724fde724fde724fde724fde724fde724fde724fde724fde724fde724fd
e724fde724fde724fde724fde724fde724fde724fde724fde724fde724fde724fde724fde724fde724fde724fde724fde724fde724fde724fde724fde724fde7
24fde724fde724fde724fde724fde724fde724fde724fde724fde724fde724fde724fde724fde724fde724fde724fde724fde724fde724fde724fde724fde724
fde724fde724fde724fde724fde724fde724fde724fde724fde724fde724fde724fde724fde724fde724fde724fde724fde724fde724fde724fde724fde724fd
e724fde724fde724fde724fde724fde724fde724fde724fde724fde724fde724fde724fde724fde724fde724fde724fde724fde724fde724fde724fde724fde7
24fde724fde724fde724fde724fde724fde724fde724fde724fde724fde724fde724fde724fde724fde724fde724fde724fde724fde724fde724fde724fde724
fde724fde724fde724fde724fde724fde724fde724fde724fde724fde724fde724fde724fde724fde724fde724fde724fde724fde724fde724fde724fde724fd
e724fde724fde724fde724fde724fde724fde724fde724fde724fde724fde724fde724fde724fde724fde724fde724fde724fde724fde724fde724fde724fde7
24fde724fde724fde724fde724fde724fde724fde724fde724dce218dce218dce218dce218dce218dce218dce218e1e318e1e318e1e318e1e318e1e318e1e318
e1e318e1e318e4e318e4e318e4e318e4e318e4e318e4e318e4e318e7e419e7e419e7e419e7e419e7e419e7e419e7e419e7e419e7e419e7e419e7e419e7e419e7
e419e7e419e7e419e9e419e9e419e9e419e9e419e9e419e9e419e9e419e9e419e9e419e9e419e9e419e9e419e9e419e9e419e9e419e9e419e9e419e9e419e9e4
19e9e419e9e419ece41aece41aece41aece41aece41aece41aece41aece41aece41aece41aece41aece41aece41aece41aece41aece41aece41aece41aece41a
ece41aece41aece41aece41aece41aece41aece41aece41aece41aece41aece41aece41aece41aece41aece41aece41aece41aece41aece41aece41aece41aec
e41aece41aece41aece41aece41aece41aece41aece41aece41aece41aece41aece41aeee51beee51beee51beee51beee51beee51beee51beee51beee51beee5
1beee51beee51beee51beee51beee51beee51beee51beee51beee51beee51beee51beee51beee51beee51beee51beee51beee51beee51beee51beee51beee51b
eee51beee51beee51beee51beee51beee51beee51beee51beee51beee51beee51beee51beee51beee51beee51beee51beee51beee51beee51beee51beee51bee
e51beee51beee51beee51beee51beee51beee51beee51beee51beee51beee51beee51beee51beee51beee51beee51beee51beee51beee51beee51beee51beee5
1beee51beee51beee51beee51beee51beee51beee51beee51beee51beee51beee51beee51beee51beee51beee51beee51beee51beee51beee51beee51beee51b
eee51beee51beee51beee51beee51beee51beee51beee51beee51beee51beee51beee51beee51beee51beee51beee51beee51beee51beee51beee51beee51bee
e51beee51beee51beee51beee51beee51beee51beee51beee51beee51beee51beee51beee51beee51beee51beee51beee51beee51beee51beee51beee51beee5
1beee51beee51beee51beee51beee51beee51beee51beee51bece41aece41aece41aece41aece41aece41aece41aece41aece41aece41aece41aece41aece41a
ece41aece41aece41aece41aece41aece41aece41aece41aece41aece41aece41aece41aece41aece41aece41aece41aece41aece41aece41aece41aece41aec
e41aece41aece41aece41aece41aece41aece41aece41aece41aece41aece41aece41aece41aece41aece41aece41aece41ae9e419e9e419e9e419e9e419e9e4
19e9e419e9e419e9e419e9e419e9e419e9e419e9e419e9e419e9e419e9e419e9e419e9e419e9e419e9e419e9e419e9e419e9e419e7e419e7e419e7e419e7e419
e7e419e7e419e7e419e7e419e7e419e7e419e7e419e7e419e7e419e7e419e7e419e4e318e4e318e4e318e4e318e4e318e4e318e4e318e1e318e1e318e1e318e1
e318e1e318e1e318e1e318dce218dce218dce218dce218dce218dce218dce218dce218d2e11bd2e11bd2e11bd2e11bd2e11bd2e11bd2e11bdce218dce218dce2
18dce218dce218dce218dce218e1e318e1e318e1e318e1e318e1e318e1e318e1e318e1e318e4e318e4e318e4e318e4e318e4e318e4e318e4e318e7e419e7e419
e7e419e7e419e7e419e7e419e7e419e7e419e7e419e7e419e7e419e7e419e7e419e7e419e7e419e9e419e9e419e9e419e9e419e9e419e9e419e9e419e9e419e9
e419e9e419e9e419e9e419e9e419e9e419e9e419e9e419e9e419e9e419e9e419e9e419e9e419ece41aece41aece41aece41aece41aece41aece41aece41aece4
1aece41aece41aece41aece41aece41aece41aece41aece41aece41aece41aece41aece41aece41aece41aece41aece41aece41aece41aece41aece41aece41a
ece41aece41aece41aece41aece41aece41aece41aece41aece41aece41aece41aece41aece41aece41aece41aece41aece41aece41aece41aece41aece41aec
e41aeee51beee51beee51beee51beee51beee51beee51beee51beee51beee51beee51beee51beee51beee51beee51beee51beee51beee51beee51beee51beee5
1beee51beee51beee51beee51beee51beee51beee51beee51beee51beee51beee51beee51beee51beee51beee51beee51beee51beee51beee51beee51beee51b
eee51beee51beee51beee51beee51beee51beee51beee51beee51beee51beee51beee51beee51beee51beee51beee51beee51beee51beee51beee51beee51bee
e51beee51beee51beee51beee51beee51beee51beee51beee51beee51beee51beee51beee51beee51beee51beee51beee51beee51beee51beee51beee51beee5
1beee51beee51beee51beee51beee51beee51beee51beee51beee51beee51beee51beee51beee51beee51beee51beee51beee51beee51beee51beee51beee51b
eee51beee51beee51beee51beee51beee51beee51beee51beee51beee51beee51beee51beee51beee51beee51beee51beee51beee51beee51beee51beee51bee
e51beee51beee51beee51beee51beee51beee51beee51beee51beee51beee51beee51beee51beee51beee51beee51beee51beee51beee51bece41aece41aece4
1aece41aece41aece41aece41aece41aece41aece41aece41aece41aece41aece41aece41aece41aece41aece41aece41aece41aece41aece41aece41aece41a
ece41aece41aece41aece41aece41aece41aece41aece41aece41aece41aece41aece41aece41aece41aece41aece41aece41aece41aece41aece41aece41aec
e41aece41aece41aece41aece41aece41ae9e419e9e419e9e419e9e419e9e419e9e419e9e419e9e419e9e419e9e419e9e419e9e419e9e419e9e419e9e419e9e4
19e9e419e9e419e9e419e9e419e9e419e9e419e7e419e7e419e7e419e7e419e7e419e7e419e7e419e7e419e7e419e7e419e7e419e7e419e7e419e7e419e7e419
e4e318e4e318e4e318e4e318e4e318e4e318e4e318e1e318e1e318e1e318e1e318e1e318e1e318e1e318dce218dce218dce218dce218dce218dce218dce218dc
e218d2e11bd2e11bd2e11bd2e11bd2e11bd2e11bd2e11bdce218dce218dce218dce218dce218dce218dce218e1e318e1e318e1e318e1e318e1e318e1e318e1e3
18e1e318e4e318e4e318e4e318e4e318e4e318e4e318e4e318e7e419e7e419e7e419e7e419e7e419e7e419e7e419e7e419e7e419e7e419e7e419e7e419e7e419
e7e419e7e419e9e419e9e419e9e419e9e419e9e419e9e419e9e419e9e419e9e419e9e419e9e419e9e419e9e419e9e419e9e419e9e419e9e419e9e419e9e419e9
e419e9e419ece41aece41aece41aece41aece41aece41aece41aece41aece41aece41aece41aece41aece41aece41aece41aece41aece41aece41aece41aece4
1aece41aece41aece41aece41aece41aece41aece41aece41aece41aece41aece41aece41aece41aece41aece41aece41aece41aece41aece41aece41aece41a
ece41aece41aece41aece41aece41aece41aece41aece41aece41aece41aece41aeee51beee51beee51beee51beee51beee51beee51beee51beee51beee51bee
e51beee51beee51beee51beee51beee51beee51beee51beee51beee51beee51beee51beee51beee51beee51beee51beee51beee51beee51beee51beee51beee5
1beee51beee51beee51beee51beee51beee51beee51beee51beee51beee51beee51beee51beee51beee51beee51beee51beee51beee51beee51beee51beee51b
eee51beee51beee51beee51beee51beee51beee51beee51beee51beee51beee51beee51beee51beee51beee51beee51beee51beee51beee51beee51beee51bee
e51beee51beee51beee51beee51beee51beee51beee51beee51beee51beee51beee51beee51beee51beee51beee51beee51beee51beee51beee51beee51beee5
1beee51beee51beee51beee51beee51beee51beee51beee51beee51beee51beee51beee51beee51beee51beee51beee51beee51beee51beee51beee51beee51b
eee51beee51beee51beee51beee51beee51beee51beee51beee51beee51beee51beee51beee51beee51beee51beee51beee51beee51beee51beee51beee51bee
e51beee51beee51beee51beee51beee51beee51beee51bece41aece41aece41aece41aece41aece41aece41aece41aece41aece41aece41aece41aece41aece4
1aece41aece41aece41aece41aece41aece41aece41aece41aece41aece41aece41aece41aece41aece41aece41aece41aece41aece41aece41aece41aece41a
ece41aece41aece41aece41aece41aece41aece41aece41aece41aece41aece41aece41aece41aece41aece41aece41ae9e419e9e419e9e419e9e419e9e419e9
e419e9e419e9e419e9e419e9e419e9e419e9e419e9e419e9e419e9e419e9e419e9e419e9e419e9e419e9e419e9e419e9e419e7e419e7e419e7e419e7e419e7e4
19e7e419e7e419e7e419e7e419e7e419e7e419e7e419e7e419e7e419e7e419e4e318e4e318e4e318e4e318e4e318e4e318e4e318e1e318e1e318e1e318e1e318
e1e318e1e318e1e318dce218dce218dce218dce218dce218dce218dce218dce218d2e11bd2e11bd2e11bd2e11bd2e11bd2e11bd2e11bdce218dce218dce218dc
e218dce218dce218dce218e1e318e1e318e1e318e1e318e1e318e1e318e1e318e1e318e4e318e4e318e4e318e4e318e4e318e4e318e4e318e7e419e7e419e7e4
19e7e419e7e419e7e419e7e419e7e419e7e419e7e419e7e419e7e419e7e419e7e419e7e419e9e419e9e419e9e419e9e419e9e419e9e419e9e419e9e419e9e419
e9e419e9e419e9e419e9e419e9e419e9e419e9e419e9e419e9e419e9e419e9e419e9e419ece41aece41aece41aece41aece41aece41aece41aece41aece41aec
e41aece41aece41aece41aece41aece41aece41aece41aece41aece41aece41aece41aece41aece41aece41aece41aece41aece41aece41aece41aece41aece4
1aece41aece41aece41aece41aece41aece41aece41aece41aece41aece41aece41aece41aece41aece41aece41aece41aece41aece41aece41aece41aece41a
eee51beee51beee51beee51beee51beee51beee51beee51beee51beee51beee51beee51beee51beee51beee51beee51beee51beee51beee51beee51beee51bee
e51beee51beee51beee51beee51beee51beee51beee51beee51beee51beee51beee51beee51beee51beee51beee51beee51beee51beee51beee51beee51beee5
1beee51beee51beee51beee51beee51beee51beee51beee51beee51beee51beee51beee51beee51beee51beee51beee51beee51beee51beee51beee51beee51b
eee51beee51beee51beee51beee51beee51beee51beee51beee51beee51beee51beee51beee51beee51beee51beee51beee51beee51beee51beee51beee51bee
e51beee51beee51beee51beee51beee51beee51beee51beee51beee51beee51beee51beee51beee51beee51beee51beee51beee51beee51beee51beee51beee5
1beee51beee51beee51beee51beee51beee51beee51beee51beee51beee51beee51beee51beee51beee51beee51beee51beee51beee51beee51beee51beee51b
eee51beee51beee51beee51beee51beee51beee51beee51beee51beee51beee51beee51beee51beee51beee51beee51beee51beee51bece41aece41aece41aec
e41aece41aece41aece41aece41aece41aece41aece41aece41aece41aece41aece41aece41aece41aece41aece41aece41aece41aece41aece41aece41aece4
1aece41aece41aece41aece41aece41aece41aece41aece41aece41aece41aece41aece41aece41aece41aece41aece41aece41aece41aece41aece41aece41a
ece41aece41aece41aece41aece41ae9e419e9e419e9e419e9e419e9e419e9e419e9e419e9e419e9e419e9e419e9e419e9e419e9e419e9e419e9e419e9e419e9
e419e9e419e9e419e9e419e9e419e9e419e7e419e7e419e7e419e7e419e7e419e7e419e7e419e7e419e7e419e7e419e7e419e7e419e7e419e7e419e7e419e4e3
18e4e318e4e318e4e318e4e318e4e318e4e318e1e318e1e318e1e318e1e318e1e318e1e318e1e318dce218dce218dce218dce218dce218dce218dce218dce218
d2e11bd2e11bd2e11bd2e11bd2e11bd2e11bd2e11bdce218dce218dce218dce218dce218dce218dce218e1e318e1e318e1e318e1e318e1e318e1e318e1e318e1
e318e4e318e4e318e4e318e4e318e4e318e4e318e4e318e7e419e7e419e7e419e7e419e7e419e7e419e7e419e7e419e7e419e7e419e7e419e7e419e7e419e7e4
19e7e419e9e419e9e419e9e419e9e419e9e419e9e419e9e419e9e419e9e419e9e419e9e419e9e419e9e419e9e419e9e419e9e419e9e419e9e419e9e419e9e419
e9e419ece41aece41aece41aece41aece41aece41aece41aece41aece41aece41aece41aece41aece41aece41aece41aece41aece41aece41aece41aece41aec
e41aece41aece41aece41aece41aece41aece41aece41aece41aece41aece41aece41aece41aece41aece41aece41aece41aece41aece41aece41aece41aece4
1aece41aece41aece41aece41aece41aece41aece41aece41aece41aece41aeee51beee51beee51beee51beee51beee51beee51beee51beee51beee51beee51b
eee51beee51beee51beee51beee51beee51beee51beee51beee51beee51beee51beee51beee51beee51beee51beee51beee51beee51beee51beee51beee51bee
e51beee51beee51beee51beee51beee51beee51beee51beee51beee51beee51beee51beee51beee51beee51beee51beee51beee51beee51beee51beee51beee5
1beee51beee51beee51beee51beee51beee51beee51beee51beee51beee51beee51beee51beee51beee51beee51beee51beee51beee51beee51beee51beee51b
eee51beee51beee51beee51beee51beee51beee51beee51beee51beee51beee51beee51beee51beee51beee51beee51beee51beee51beee51beee51beee51bee
e51beee51beee51beee51beee51beee51beee51beee51beee51beee51beee51beee51beee51beee51beee51beee51beee51beee51beee51beee51beee51beee5
1beee51beee51beee51beee51beee51beee51beee51beee51beee51beee51beee51beee51beee51beee51beee51beee51beee51beee51beee51beee51beee51b
eee51beee51beee51beee51beee51beee51beee51bece41aece41aece41aece41aece41aece41aece41aece41aece41aece41aece41aece41aece41aece41aec
e41aece41aece41aece41aece41aece41aece41aece41aece41aece41aece41aece41aece41aece41aece41aece41aece41aece41aece41aece41aece41aece4
1aece41aece41aece41aece41aece41aece41aece41aece41aece41aece41aece41aece41aece41aece41aece41ae9e419e9e419e9e419e9e419e9e419e9e419
e9e419e9e419e9e419e9e419e9e419e9e419e9e419e9e419e9e419e9e419e9e419e9e419e9e419e9e419e9e419e9e419e7e419e7e419e7e419e7e419e7e419e7
e419e7e419e7e419e7e419e7e419e7e419e7e419e7e419e7e419e7e419e4e318e4e318e4e318e4e318e4e318e4e318e4e318e1e318e1e318e1e318e1e318e1e3
18e1e318e1e318dce218dce218dce218dce218dce218dce218dce218dce218d2e11bd2e11bd2e11bd2e11bd2e11bd2e11bd2e11bdce218dce218dce218dce218
dce218dce218dce218e1e318e1e318e1e318e1e318e1e318e1e318e1e318e1e318e4e318e4e318e4e318e4e318e4e318e4e318e4e318e7e419e7e419e7e419e7
e419e7e419e7e419e7e419e7e419e7e419e7e419e7e419e7e419e7e419e7e419e7e419e9e419e9e419e9e419e9e419e9e419e9e419e9e419e9e419e9e419e9e4
19e9e419e9e419e9e419e9e419e9e419e9e419e9e419e9e419e9e419e9e419e9e419ece41aece41aece41aece41aece41aece41aece41aece41aece41aece41a
ece41aece41aece41aece41aece41aece41aece41aece41aece41aece41aece41aece41aece41aece41aece41aece41aece41aece41aece41aece41aece41aec
e41aece41aece41aece41aece41aece41aece41aece41aece41aece41aece41aece41aece41aece41aece41aece41aece41aece41aece41aece41aece41aeee5
1beee51beee51beee51beee51beee51beee51beee51beee51beee51beee51beee51beee51beee51beee51beee51beee51beee51beee51beee51beee51beee51b
eee51beee51beee51beee51beee51beee51beee51beee51beee51beee51beee51beee51beee51beee51beee51beee51beee51beee51beee51beee51beee51bee
e51beee51beee51beee51beee51beee51beee51beee51beee51beee51beee51beee51beee51beee51beee51beee51beee51beee51beee51beee51beee51beee5
1beee51beee51beee51beee51beee51beee51beee51beee51beee51beee51beee51beee51beee51beee51beee51beee51beee51beee51beee51beee51beee51b
eee51beee51beee51beee51beee51beee51beee51beee51beee51beee51beee51beee51beee51beee51beee51beee51beee51beee51beee51beee51beee51bee
e51beee51beee51beee51beee51beee51beee51beee51beee51beee51beee51beee51beee51beee51beee51beee51beee51beee51beee51beee51beee51beee5
1beee51beee51beee51beee51beee51beee51beee51beee51beee51beee51beee51beee51beee51beee51beee51beee51beee51bece41aece41aece41aece41a
ece41aece41aece41aece41aece41aece41aece41aece41aece41aece41aece41aece41aece41aece41aece41aece41aece41aece41aece41aece41aece41aec
e41aece41aece41aece41aece41aece41aece41aece41aece41aece41aece41aece41aece41aece41aece41aece41aece41aece41aece41aece41aece41aece4
1aece41aece41aece41aece41ae9e419e9e419e9e419e9e419e9e419e9e419e9e419e9e419e9e419e9e419e9e419e9e419e9e419e9e419e9e419e9e419e9e419
e9e419e9e419e9e419e9e419e9e419e7e419e7e419e7e419e7e419e7e419e7e419e7e419e7e419e7e419e7e419e7e419e7e419e7e419e7e419e7e419e4e318e4
e318e4e318e4e318e4e318e4e318e4e318e1e318e1e318e1e318e1e318e1e318e1e318e1e318dce218dce218dce218dce218dce218dce218dce218dce218d2e1
1bd2e11bd2e11bd2e11bd2e11bd2e11bd2e11bdce218dce218dce218dce218dce218dce218dce218e1e318e1e318e1e318e1e318e1e318e1e318e1e318e1e318
e4e318e4e318e4e318e4e318e4e318e4e318e4e318e7e419e7e419e7e419e7e419e7e419e7e419e7e419e7e419e7e419e7e419e7e419e7e419e7e419e7e419e7
e419e9e419e9e419e9e419e9e419e9e419e9e419e9e419e9e419e9e419e9e419e9e419e9e419e9e419e9e419e9e419e9e419e9e419e9e419e9e419e9e419e9e4
19ece41aece41aece41aece41aece41aece41aece41aece41aece41aece41aece41aece41aece41aece41aece41aece41aece41aece41aece41aece41aece41a
ece41aece41aece41aece41aece41aece41aece41aece41aece41aece41aece41aece41aece41aece41aece41aece41aece41aece41aece41aece41aece41aec
e41aece41aece41aece41aece41aece41aece41aece41aece41aece41aeee51beee51beee51beee51beee51beee51beee51beee51beee51beee51beee51beee5
1beee51beee51beee51beee51beee51beee51beee51beee51beee51beee51beee51beee51beee51beee51beee51beee51beee51beee51beee51beee51beee51b
eee51beee51beee51beee51beee51beee51beee51beee51beee51beee51beee51beee51beee51beee51beee51beee51beee51beee51beee51beee51beee51bee
e51beee51beee51beee51beee51beee51beee51beee51beee51beee51beee51beee51beee51beee51beee51beee51beee51beee51beee51beee51beee51beee5
1beee51beee51beee51beee51beee51beee51beee51beee51beee51beee51beee51beee51beee51beee51beee51beee51beee51beee51beee51beee51beee51b
eee51beee51beee51beee51beee51beee51beee51beee51beee51beee51beee51beee51beee51beee51beee51beee51beee51beee51beee51beee51beee51bee
e51beee51beee51beee51beee51beee51beee51beee51beee51beee51beee51beee51beee51beee51beee51beee51beee51beee51beee51beee51beee51beee5
1beee51beee51beee51beee51beee51beee51bece41aece41aece41aece41aece41aece41aece41aece41aece41aece41aece41aece41aece41aece41aece41a
ece41aece41aece41aece41aece41aece41aece41aece41aece41aece41aece41aece41aece41aece41aece41aece41aece41aece41aece41aece41aece41aec
e41aece41aece41aece41aece41aece41aece41aece41aece41aece41aece41aece41aece41aece41aece41ae9e419e9e419e9e419e9e419e9e419e9e419e9e4
19e9e419e9e419e9e419e9e419e9e419e9e419e9e419e9e419e9e419e9e419e9e419e9e419e9e419e9e419e9e419e7e419e7e419e7e419e7e419e7e419e7e419
e7e419e7e419e7e419e7e419e7e419e7e419e7e419e7e419e7e419e4e318e4e318e4e318e4e318e4e318e4e318e4e318e1e318e1e318e1e318e1e318e1e318e1
e318e1e318dce218dce218dce218dce218dce218dce218dce218dce218d2e11bd2e11bd2e11bd2e11bd2e11bd2e11bd2e11bdce218dce218dce218dce218dce2
18dce218dce218e1e318e1e318e1e318e1e318e1e318e1e318e1e318e1e318e4e318e4e318e4e318e4e318e4e318e4e318e4e318e7e419e7e419e7e419e7e419
e7e419e7e419e7e419e7e419e7e419e7e419e7e419e7e419e7e419e7e419e7e419e9e419e9e419e9e419e9e419e9e419e9e419e9e419e9e419e9e419e9e419e9
e419e9e419e9e419e9e419e9e419e9e419e9e419e9e419e9e419e9e419e9e419ece41aece41aece41aece41aece41aece41aece41aece41aece41aece41aece4
1aece41aece41aece41aece41aece41aece41aece41aece41aece41aece41aece41aece41aece41aece41aece41aece41aece41aece41aece41aece41aece41a
ece41aece41aece41aece41aece41aece41aece41aece41aece41aece41aece41aece41aece41aece41aece41aece41aece41aece41aece41aece41aeee51bee
e51beee51beee51beee51beee51beee51beee51beee51beee51beee51beee51beee51beee51beee51beee51beee51beee51beee51beee51beee51beee51beee5
1beee51beee51beee51beee51beee51beee51beee51beee51beee51beee51beee51beee51beee51beee51beee51beee51beee51beee51beee51beee51beee51b
eee51beee51beee51beee51beee51beee51beee51beee51beee51beee51beee51beee51beee51beee51beee51beee51beee51beee51beee51beee51beee51bee
e51beee51beee51beee51beee51beee51beee51beee51beee51beee51beee51beee51beee51beee51beee51beee51beee51beee51beee51beee51beee51beee5
1beee51beee51beee51beee51beee51beee51beee51beee51beee51beee51beee51beee51beee51beee51beee51beee51beee51beee51beee51beee51beee51b
eee51beee51beee51beee51beee51beee51beee51beee51beee51beee51beee51beee51beee51beee51beee51beee51beee51beee51beee51beee51beee51bee
e51beee51beee51beee51beee51beee51beee51beee51beee51beee51beee51beee51beee51beee51beee51beee51beee51bece41aece41aece41aece41aece4
1aece41aece41aece41aece41aece41aece41aece41aece41aece41aece41aece41aece41aece41aece41aece41aece41aece41aece41aece41aece41aece41a
ece41aece41aece41aece41aece41aece41aece41aece41aece41aece41aece41aece41aece41aece41aece41aece41aece41aece41aece41aece41aece41aec
e41aece41aece41aece41ae9e419e9e419e9e419e9e419e9e419e9e419e9e419e9e419e9e419e9e419e9e419e9e419e9e419e9e419e9e419e9e419e9e419e9e4
19e9e419e9e419e9e419e9e419e7e419e7e419e7e419e7e419e7e419e7e419e7e419e7e419e7e419e7e419e7e419e7e419e7e419e7e419e7e419e4e318e4e318
e4e318e4e318e4e318e4e318e4e318e1e318e1e318e1e318e1e318e1e318e1e318e1e318dce218dce218dce218dce218dce218dce218dce218dce218d2e11bd2
e11bd2e11bd2e11bd2e11bd2e11bd2e11bbdde26bdde26bdde26bdde26bdde26bdde26bdde26c5df21c5df21c5df21c5df21c5df21c5df21c5df21c5df21cae0
1ecae01ecae01ecae01ecae01ecae01ecae01ecde01dcde01dcde01dcde01dcde01dcde01dcde01dcfe11ccfe11ccfe11ccfe11ccfe11ccfe11ccfe11ccfe11c
d2e11bd2e11bd2e11bd2e11bd2e11bd2e11bd2e11bd4e11ad4e11ad4e11ad4e11ad4e11ad4e11ad4e11ad4e11ad4e11ad4e11ad4e11ad4e11ad4e11ad4e11ad7
e219d7e219d7e219d7e219d7e219d7e219d7e219d7e219d7e219d7e219d7e219d7e219d7e219d7e219d7e219dae218dae218dae218dae218dae218dae218dae2
18dae218dae218dae218dae218dae218dae218dae218dae218dae218dae218dae218dae218dae218dae218dae218dae218dae218dae218dae218dae218dae218
dae218dce218dce218dce218dce218dce218dce218dce218dce218dce218dce218dce218dce218dce218dce218dce218dce218dce218dce218dce218dce218dc
e218dce218dce218dce218dce218dce218dce218dce218dce218dce218dce218dce218dce218dce218dce218dce218dce218dce218dce218dce218dce218dce2
18dce218dce218dce218dce218dce218dce218dce218dce218dce218dce218dce218dce218dce218dce218dce218dce218dce218dce218dce218dce218dce218
dce218dce218dce218dce218dce218dce218dce218dce218dce218dce218dce218dce218dce218dce218dce218dce218dce218dce218dce218dce218dce218dc
e218dce218dce218dce218dce218dce218dce218dce218dce218dce218dce218dce218dce218dce218dce218dce218dce218dce218dce218dce218dce218dce2
18dce218dce218dce218dce218dce218dce218dce218dce218dce218dce218dce218dce218dce218dce218dce218dce218dce218dce218dce218dce218dce218
dce218dce218dce218dce218dce218dce218dce218dce218dce218dce218dce218dce218dce218dce218dce218dce218dce218dce218dce218dce218dce218dc
e218dce218dce218dce218dce218dce218dce218dce218dce218dce218dce218dce218dce218dae218dae218dae218dae218dae218dae218dae218dae218dae2
18dae218dae218dae218dae218dae218dae218dae218dae218dae218dae218dae218dae218dae218dae218dae218dae218dae218dae218dae218dae218dae218
d7e219d7e219d7e219d7e219d7e219d7e219d7e219d7e219d7e219d7e219d7e219d7e219d7e219d7e219d4e11ad4e11ad4e11ad4e11ad4e11ad4e11ad4e11ad4
e11ad4e11ad4e11ad4e11ad4e11ad4e11ad4e11ad4e11ad2e11bd2e11bd2e11bd2e11bd2e11bd2e11bd2e11bcfe11ccfe11ccfe11ccfe11ccfe11ccfe11ccfe1
1ccde01dcde01dcde01dcde01dcde01dcde01dcde01dcde01dcae01ecae01ecae01ecae01ecae01ecae01ecae01ec5df21c5df21c5df21c5df21c5df21c5df21
c5df21bdde26bdde26bdde26bdde26bdde26bdde26bdde26bdde26b2dd2cb2dd2cb2dd2cb2dd2cb2dd2cb2dd2cb2dd2cbdde26bdde26bdde26bdde26bdde26bd
de26bdde26c5df21c5df21c5df21c5df21c5df21c5df21c5df21c5df21cae01ecae01ecae01ecae01ecae01ecae01ecae01ecde01dcde01dcde01dcde01dcde0
1dcde01dcde01dcfe11ccfe11ccfe11ccfe11ccfe11ccfe11ccfe11ccfe11cd2e11bd2e11bd2e11bd2e11bd2e11bd2e11bd2e11bd4e11ad4e11ad4e11ad4e11a
d4e11ad4e11ad4e11ad4e11ad4e11ad4e11ad4e11ad4e11ad4e11ad4e11ad7e219d7e219d7e219d7e219d7e219d7e219d7e219d7e219d7e219d7e219d7e219d7
e219d7e219d7e219d7e219dae218dae218dae218dae218dae218dae218dae218dae218dae218dae218dae218dae218dae218dae218dae218dae218dae218dae2
18dae218dae218dae218dae218dae218dae218dae218dae218dae218dae218dae218dce218dce218dce218dce218dce218dce218dce218dce218dce218dce218
dce218dce218dce218dce218dce218dce218dce218dce218dce218dce218dce218dce218dce218dce218dce218dce218dce218dce218dce218dce218dce218dc
e218dce218dce218dce218dce218dce218dce218dce218dce218dce218dce218dce218dce218dce218dce218dce218dce218dce218dce218dce218dce218dce2
18dce218dce218dce218dce218dce218dce218dce218dce218dce218dce218dce218dce218dce218dce218dce218dce218dce218dce218dce218dce218dce218
dce218dce218dce218dce218dce218dce218dce218dce218dce218dce218dce218dce218dce218dce218dce218dce218dce218dce218dce218dce218dce218dc
e218dce218dce218dce218dce218dce218dce218dce218dce218dce218dce218dce218dce218dce218dce218dce218dce218dce218dce218dce218dce218dce2
18dce218dce218dce218dce218dce218dce218dce218dce218dce218dce218dce218dce218dce218dce218dce218dce218dce218dce218dce218dce218dce218
dce218dce218dce218dce218dce218dce218dce218dce218dce218dce218dce218dce218dce218dce218dce218dce218dce218dce218dce218dce218dce218dc
e218dce218dae218dae218dae218dae218dae218dae218dae218dae218dae218dae218dae218dae218dae218dae218dae218dae218dae218dae218dae218dae2
18dae218dae218dae218dae218dae218dae218dae218dae218dae218dae218d7e219d7e219d7e219d7e219d7e219d7e219d7e219d7e219d7e219d7e219d7e219
d7e219d7e219d7e219d4e11ad4e11ad4e11ad4e11ad4e11ad4e11ad4e11ad4e11ad4e11ad4e11ad4e11ad4e11ad4e11ad4e11ad4e11ad2e11bd2e11bd2e11bd2
e11bd2e11bd2e11bd2e11bcfe11ccfe11ccfe11ccfe11ccfe11ccfe11ccfe11ccde01dcde01dcde01dcde01dcde01dcde01dcde01dcde01dcae01ecae01ecae0
1ecae01ecae01ecae01ecae01ec5df21c5df21c5df21c5df21c5df21c5df21c5df21bdde26bdde26bdde26bdde26bdde26bdde26bdde26bdde26b2dd2cb2dd2c
b2dd2cb2dd2cb2dd2cb2dd2cb2dd2cbdde26bdde26bdde26bdde26bdde26bdde26bdde26c5df21c5df21c5df21c5df21c5df21c5df21c5df21c5df21cae01eca
e01ecae01ecae01ecae01ecae01ecae01ecde01dcde01dcde01dcde01dcde01dcde01dcde01dcfe11ccfe11ccfe11ccfe11ccfe11ccfe11ccfe11ccfe11cd2e1
1bd2e11bd2e11bd2e11bd2e11bd2e11bd2e11bd4e11ad4e11ad4e11ad4e11ad4e11ad4e11ad4e11ad4e11ad4e11ad4e11ad4e11ad4e11ad4e11ad4e11ad7e219
d7e219d7e219d7e219d7e219d7e219d7e219d7e219d7e219d7e219d7e219d7e219d7e219d7e219d7e219dae218dae218dae218dae218dae218dae218dae218da
e218dae218dae218dae218dae218dae218dae218dae218dae218dae218dae218dae218dae218dae218dae218dae218dae218dae218dae218dae218dae218dae2
18dce218dce218dce218dce218dce218dce218dce218dce218dce218dce218dce218dce218dce218dce218dce218dce218dce218dce218dce218dce218dce218
dce218dce218dce218dce218dce218dce218dce218dce218dce218dce218dce218dce218dce218dce218dce218dce218dce218dce218dce218dce218dce218dc
e218dce218dce218dce218dce218dce218dce218dce218dce218dce218dce218dce218dce218dce218dce218dce218dce218dce218dce218dce218dce218dce2
18dce218dce218dce218dce218dce218dce218dce218dce218dce218dce218dce218dce218dce218dce218dce218dce218dce218dce218dce218dce218dce218
dce218dce218dce218dce218dce218dce218dce218dce218dce218dce218dce218dce218dce218dce218dce218dce218dce218dce218dce218dce218dce218dc
e218dce218dce218dce218dce218dce218dce218dce218dce218dce218dce218dce218dce218dce218dce218dce218dce218dce218dce218dce218dce218dce2
18dce218dce218dce218dce218dce218dce218dce218dce218dce218dce218dce218dce218dce218dce218dce218dce218dce218dce218dce218dce218dce218
dce218dce218dce218dce218dce218dce218dce218dce218dce218dce218dce218dce218dae218dae218dae218dae218dae218dae218dae218dae218dae218da
e218dae218dae218dae218dae218dae218dae218dae218dae218dae218dae218dae218dae218dae218dae218dae218dae218dae218dae218dae218dae218d7e2
19d7e219d7e219d7e219d7e219d7e219d7e219d7e219d7e219d7e219d7e219d7e219d7e219d7e219d4e11ad4e11ad4e11ad4e11ad4e11ad4e11ad4e11ad4e11a
d4e11ad4e11ad4e11ad4e11ad4e11ad4e11ad4e11ad2e11bd2e11bd2e11bd2e11bd2e11bd2e11bd2e11bcfe11ccfe11ccfe11ccfe11ccfe11ccfe11ccfe11ccd
e01dcde01dcde01dcde01dcde01dcde01dcde01dcde01dcae01ecae01ecae01ecae01ecae01ecae01ecae01ec5df21c5df21c5df21c5df21c5df21c5df21c5df
21bdde26bdde26bdde26bdde26bdde26bdde26bdde26bdde26b2dd2cb2dd2cb2dd2cb2dd2cb2dd2cb2dd2cb2dd2cbdde26bdde26bdde26bdde26bdde26bdde26
bdde26c5df21c5df21c5df21c5df21c5df21c5df21c5df21c5df21cae01ecae01ecae01ecae01ecae01ecae01ecae01ecde01dcde01dcde01dcde01dcde01dcd
e01dcde01dcfe11ccfe11ccfe11ccfe11ccfe11ccfe11ccfe11ccfe11cd2e11bd2e11bd2e11bd2e11bd2e11bd2e11bd2e11bd4e11ad4e11ad4e11ad4e11ad4e1
1ad4e11ad4e11ad4e11ad4e11ad4e11ad4e11ad4e11ad4e11ad4e11ad7e219d7e219d7e219d7e219d7e219d7e219d7e219d7e219d7e219d7e219d7e219d7e219
d7e219d7e219d7e219dae218dae218dae218dae218dae218dae218dae218dae218dae218dae218dae218dae218dae218dae218dae218dae218dae218dae218da
e218dae218dae218dae218dae218dae218dae218dae218dae218dae218dae218dce218dce218dce218dce218dce218dce218dce218dce218dce218dce218dce2
18dce218dce218dce218dce218dce218dce218dce218dce218dce218dce218dce218dce218dce218dce218dce218dce218dce218dce218dce218dce218dce218
dce218dce218dce218dce218dce218dce218dce218dce218dce218dce218dce218dce218dce218dce218dce218dce218dce218dce218dce218dce218dce218dc
e218dce218dce218dce218dce218dce218dce218dce218dce218dce218dce218dce218dce218dce218dce218dce218dce218dce218dce218dce218dce218dce2
18dce218dce218dce218dce218dce218dce218dce218dce218dce218dce218dce218dce218dce218dce218dce218dce218dce218dce218dce218dce218dce218
dce218dce218dce218dce218dce218dce218dce218dce218dce218dce218dce218dce218dce218dce218dce218dce218dce218dce218dce218dce218dce218dc
e218dce218dce218dce218dce218dce218dce218dce218dce218dce218dce218dce218dce218dce218dce218dce218dce218dce218dce218dce218dce218dce2
18dce218dce218dce218dce218dce218dce218dce218dce218dce218dce218dce218dce218dce218dce218dce218dce218dce218dce218dce218dce218dce218
dce218dae218dae218dae218dae218dae218dae218dae218dae218dae218dae218dae218dae218dae218dae218dae218dae218dae218dae218dae218dae218da
e218dae218dae218dae218dae218dae218dae218dae218dae218dae218d7e219d7e219d7e219d7e219d7e219d7e219d7e219d7e219d7e219d7e219d7e219d7e2
19d7e219d7e219d4e11ad4e11ad4e11ad4e11ad4e11ad4e11ad4e11ad4e11ad4e11ad4e11ad4e11ad4e11ad4e11ad4e11ad4e11ad2e11bd2e11bd2e11bd2e11b
d2e11bd2e11bd2e11bcfe11ccfe11ccfe11ccfe11ccfe11ccfe11ccfe11ccde01dcde01dcde01dcde01dcde01dcde01dcde01dcde01dcae01ecae01ecae01eca
e01ecae01ecae01ecae01ec5df21c5df21c5df21c5df21c5df21c5df21c5df21bdde26bdde26bdde26bdde26bdde26bdde26bdde26bdde26b2dd2cb2dd2cb2dd
2cb2dd2cb2dd2cb2dd2cb2dd2cbdde26bdde26bdde26bdde26bdde26bdde26bdde26c5df21c5df21c5df21c5df21c5df21c5df21c5df21c5df21cae01ecae01e
cae01ecae01ecae01ecae01ecae01ecde01dcde01dcde01dcde01dcde01dcde01dcde01dcfe11ccfe11ccfe11ccfe11ccfe11ccfe11ccfe11ccfe11cd2e11bd2
e11bd2e11bd2e11bd2e11bd2e11bd2e11bd4e11ad4e11ad4e11ad4e11ad4e11ad4e11ad4e11ad4e11ad4e11ad4e11ad4e11ad4e11ad4e11ad4e11ad7e219d7e2
19d7e219d7e219d7e219d7e219d7e219d7e219d7e219d7e219d7e219d7e219d7e219d7e219d7e219dae218dae218dae218dae218dae218dae218dae218dae218
dae218dae218dae218dae218dae218dae218dae218dae218dae218dae218dae218dae218dae218dae218dae218dae218dae218dae218dae218dae218dae218dc
e218dce218dce218dce218dce218dce218dce218dce218dce218dce218dce218dce218dce218dce218dce218dce218dce218dce218dce218dce218dce218dce2
18dce218dce218dce218dce218dce218dce218dce218dce218dce218dce218dce218dce218dce218dce218dce218dce218dce218dce218dce218dce218dce218
dce218dce218dce218dce218dce218dce218dce218dce218dce218dce218dce218dce218dce218dce218dce218dce218dce218dce218dce218dce218dce218dc
e218dce218dce218dce218dce218dce218dce218dce218dce218dce218dce218dce218dce218dce218dce218dce218dce218dce218dce218dce218dce218dce2
18dce218dce218dce218dce218dce218dce218dce218dce218dce218dce218dce218dce218dce218dce218dce218dce218dce218dce218dce218dce218dce218
dce218dce218dce218dce218dce218dce218dce218dce218dce218dce218dce218dce218dce218dce218dce218dce218dce218dce218dce218dce218dce218dc
e218dce218dce218dce218dce218dce218dce218dce218dce218dce218dce218dce218dce218dce218dce218dce218dce218dce218dce218dce218dce218dce2
18dce218dce218dce218dce218dce218dce218dce218dce218dce218dce218dce218dae218dae218dae218dae218dae218dae218dae218dae218dae218dae218
dae218dae218dae218dae218dae218dae218dae218dae218dae218dae218dae218dae218dae218dae218dae218dae218dae218dae218dae218dae218d7e219d7
e219d7e219d7e219d7e219d7e219d7e219d7e219d7e219d7e219d7e219d7e219d7e219d7e219d4e11ad4e11ad4e11ad4e11ad4e11ad4e11ad4e11ad4e11ad4e1
1ad4e11ad4e11ad4e11ad4e11ad4e11ad4e11ad2e11bd2e11bd2e11bd2e11bd2e11bd2e11bd2e11bcfe11ccfe11ccfe11ccfe11ccfe11ccfe11ccfe11ccde01d
cde01dcde01dcde01dcde01dcde01dcde01dcde01dcae01ecae01ecae01ecae01ecae01ecae01ecae01ec5df21c5df21c5df21c5df21c5df21c5df21c5df21bd
de26bdde26bdde26bdde26bdde26bdde26bdde26bdde26b2dd2cb2dd2cb2dd2cb2dd2cb2dd2cb2dd2cb2dd2cbdde26bdde26bdde26bdde26bdde26bdde26bdde
26c5df21c5df21c5df21c5df21c5df21c5df21c5df21c5df21cae01ecae01ecae01ecae01ecae01ecae01ecae01ecde01dcde01dcde01dcde01dcde01dcde01d
cde01dcfe11ccfe11ccfe11ccfe11ccfe11ccfe11ccfe11ccfe11cd2e11bd2e11bd2e11bd2e11bd2e11bd2e11bd2e11bd4e11ad4e11ad4e11ad4e11ad4e11ad4
e11ad4e11ad4e11ad4e11ad4e11ad4e11ad4e11ad4e11ad4e11ad7e219d7e219d7e219d7e219d7e219d7e219d7e219d7e219d7e219d7e219d7e219d7e219d7e2
19d7e219d7e219dae218dae218dae218dae218dae218dae218dae218dae218dae218dae218dae218dae218dae218dae218dae218dae218dae218dae218dae218
dae218dae218dae218dae218dae218dae218dae218dae218dae218dae218dce218dce218dce218dce218dce218dce218dce218dce218dce218dce218dce218dc
e218dce218dce218dce218dce218dce218dce218dce218dce218dce218dce218dce218dce218dce218dce218dce218dce218dce218dce218dce218dce218dce2
18dce218dce218dce218dce218dce218dce218dce218dce218dce218dce218dce218dce218dce218dce218dce218dce218dce218dce218dce218dce218dce218
dce218dce218dce218dce218dce218dce218dce218dce218dce218dce218dce218dce218dce218dce218dce218dce218dce218dce218dce218dce218dce218dc
e218dce218dce218dce218dce218dce218dce218dce218dce218dce218dce218dce218dce218dce218dce218dce218dce218dce218dce218dce218dce218dce2
18dce218dce218dce218dce218dce218dce218dce218dce218dce218dce218dce218dce218dce218dce218dce218dce218dce218dce218dce218dce218dce218
dce218dce218dce218dce218dce218dce218dce218dce218dce218dce218dce218dce218dce218dce218dce218dce218dce218dce218dce218dce218dce218dc
e218dce218dce218dce218dce218dce218dce218dce218dce218dce218dce218dce218dce218dce218dce218dce218dce218dce218dce218dce218dce218dce2
18dae218dae218dae218dae218dae218dae218dae218dae218dae218dae218dae218dae218dae218dae218dae218dae218dae218dae218dae218dae218dae218
dae218dae218dae218dae218dae218dae218dae218dae218dae218d7e219d7e219d7e219d7e219d7e219d7e219d7e219d7e219d7e219d7e219d7e219d7e219d7
e219d7e219d4e11ad4e11ad4e11ad4e11ad4e11ad4e11ad4e11ad4e11ad4e11ad4e11ad4e11ad4e11ad4e11ad4e11ad4e11ad2e11bd2e11bd2e11bd2e11bd2e1
1bd2e11bd2e11bcfe11ccfe11ccfe11ccfe11ccfe11ccfe11ccfe11ccde01dcde01dcde01dcde01dcde01dcde01dcde01dcde01dcae01ecae01ecae01ecae01e
cae01ecae01ecae01ec5df21c5df21c5df21c5df21c5df21c5df21c5df21bdde26bdde26bdde26bdde26bdde26bdde26bdde26bdde26b2dd2cb2dd2cb2dd2cb2
dd2cb2dd2cb2dd2cb2dd2cbdde26bdde26bdde26bdde26bdde26bdde26bdde26c5df21c5df21c5df21c5df21c5df21c5df21c5df21c5df21cae01ecae01ecae0
1ecae01ecae01ecae01ecae01ecde01dcde01dcde01dcde01dcde01dcde01dcde01dcfe11ccfe11ccfe11ccfe11ccfe11ccfe11ccfe11ccfe11cd2e11bd2e11b
d2e11bd2e11bd2e11bd2e11bd2e11bd4e11ad4e11ad4e11ad4e11ad4e11ad4e11ad4e11ad4e11ad4e11ad4e11ad4e11ad4e11ad4e11ad4e11ad7e219d7e219d7
e219d7e219d7e219d7e219d7e219d7e219d7e219d7e219d7e219d7e219d7e219d7e219d7e219dae218dae218dae218dae218dae218dae218dae218dae218dae2
18dae218dae218dae218dae218dae218dae218dae218dae218dae218dae218dae218dae218dae218dae218dae218dae218dae218dae218dae218dae218dce218
dce218dce218dce218dce218dce218dce218dce218dce218dce218dce218dce218dce218dce218dce218dce218dce218dce218dce218dce218dce218dce218dc
e218dce218dce218dce218dce218dce218dce218dce218dce218dce218dce218dce218dce218dce218dce218dce218dce218dce218dce218dce218dce218dce2
18dce218dce218dce218dce218dce218dce218dce218dce218dce218dce218dce218dce218dce218dce218dce218dce218dce218dce218dce218dce218dce218
dce218dce218dce218dce218dce218dce218dce218dce218dce218dce218dce218dce218dce218dce218dce218dce218dce218dce218dce218dce218dce218dc
e218dce218dce218dce218dce218dce218dce218dce218dce218dce218dce218dce218dce218dce218dce218dce218dce218dce218dce218dce218dce218dce2
18dce218dce218dce218dce218dce218dce218dce218dce218dce218dce218dce218dce218dce218dce218dce218dce218dce218dce218dce218dce218dce218
dce218dce218dce218dce218dce218dce218dce218dce218dce218dce218dce218dce218dce218dce218dce218dce218dce218dce218dce218dce218dce218dc
e218dce218dce218dce218dce218dce218dce218dce218dce218dce218dce218dae218dae218dae218dae218dae218dae218dae218dae218dae218dae218dae2
18dae218dae218dae218dae218dae218dae218dae218dae218dae218dae218dae218dae218dae218dae218dae218dae218dae218dae218dae218d7e219d7e219
d7e219d7e219d7e219d7e219d7e219d7e219d7e219d7e219d7e219d7e219d7e219d7e219d4e11ad4e11ad4e11ad4e11ad4e11ad4e11ad4e11ad4e11ad4e11ad4
e11ad4e11ad4e11ad4e11ad4e11ad4e11ad2e11bd2e11bd2e11bd2e11bd2e11bd2e11bd2e11bcfe11ccfe11ccfe11ccfe11ccfe11ccfe11ccfe11ccde01dcde0
1dcde01dcde01dcde01dcde01dcde01dcde01dcae01ecae01ecae01ecae01ecae01ecae01ecae01ec5df21c5df21c5df21c5df21c5df21c5df21c5df21bdde26
bdde26bdde26bdde26bdde26bdde26bdde26bdde26b2dd2cb2dd2cb2dd2cb2dd2cb2dd2cb2dd2cb2dd2c9fd9389fd9389fd9389fd9389fd9389fd9389fd938a7
db33a7db33a7db33a7db33a7db33a7db33a7db33a7db33afdc2eafdc2eafdc2eafdc2eafdc2eafdc2eafdc2eb5dd2bb5dd2bb5dd2bb5dd2bb5dd2bb5dd2bb5dd
2bb7dd29b7dd29b7dd29b7dd29b7dd29b7dd29b7dd29b7dd29bade27bade27bade27bade27bade27bade27bade27bdde26bdde26bdde26bdde26bdde26bdde26
bdde26bfdf24bfdf24bfdf24bfdf24bfdf24bfdf24bfdf24c2df22c2df22c2df22c2df22c2df22c2df22c2df22c2df22c5df21c5df21c5df21c5df21c5df21c5
df21c5df21c5df21c5df21c5df21c5df21c5df21c5df21c5df21c7e01fc7e01fc7e01fc7e01fc7e01fc7e01fc7e01fc7e01fc7e01fc7e01fc7e01fc7e01fc7e0
1fc7e01fc7e01fc7e01fc7e01fc7e01fc7e01fc7e01fc7e01fc7e01fcae01ecae01ecae01ecae01ecae01ecae01ecae01ecae01ecae01ecae01ecae01ecae01e
cae01ecae01ecae01ecae01ecae01ecae01ecae01ecae01ecae01ecae01ecae01ecae01ecae01ecae01ecae01ecae01ecae01ecae01ecae01ecae01ecae01eca
e01ecae01ecae01ecae01ecde01dcde01dcde01dcde01dcde01dcde01dcde01dcde01dcde01dcde01dcde01dcde01dcde01dcde01dcde01dcde01dcde01dcde0
1dcde01dcde01dcde01dcde01dcde01dcde01dcde01dcde01dcde01dcde01dcde01dcde01dcde01dcde01dcde01dcde01dcde01dcde01dcde01dcde01dcde01d
cde01dcde01dcde01dcde01dcde01dcde01dcde01dcde01dcde01dcde01dcde01dcde01dcde01dcde01dcde01dcde01dcde01dcde01dcde01dcde01dcde01dcd
e01dcde01dcde01dcde01dcde01dcde01dcde01dcde01dcde01dcde01dcde01dcde01dcde01dcde01dcde01dcde01dcde01dcde01dcde01dcde01dcde01dcde0
1dcde01dcde01dcde01dcde01dcde01dcde01dcae01ecae01ecae01ecae01ecae01ecae01ecae01ecae01ecae01ecae01ecae01ecae01ecae01ecae01ecae01e
cae01ecae01ecae01ecae01ecae01ecae01ecae01ecae01ecae01ecae01ecae01ecae01ecae01ecae01ecae01ecae01ecae01ecae01ecae01ecae01ecae01ec7
e01fc7e01fc7e01fc7e01fc7e01fc7e01fc7e01fc7e01fc7e01fc7e01fc7e01fc7e01fc7e01fc7e01fc7e01fc7e01fc7e01fc7e01fc7e01fc7e01fc7e01fc7e0
1fc5df21c5df21c5df21c5df21c5df21c5df21c5df21c5df21c5df21c5df21c5df21c5df21c5df21c5df21c5df21c2df22c2df22c2df22c2df22c2df22c2df22
c2df22bfdf24bfdf24bfdf24bfdf24bfdf24bfdf24bfdf24bdde26bdde26bdde26bdde26bdde26bdde26bdde26bdde26bade27bade27bade27bade27bade27ba
de27bade27b7dd29b7dd29b7dd29b7dd29b7dd29b7dd29b7dd29b5dd2bb5dd2bb5dd2bb5dd2bb5dd2bb5dd2bb5dd2bb5dd2bafdc2eafdc2eafdc2eafdc2eafdc
2eafdc2eafdc2ea7db33a7db33a7db33a7db33a7db33a7db33a7db339fd9389fd9389fd9389fd9389fd9389fd9389fd9389fd93895d73f95d73f95d73f95d73f
95d73f95d73f95d73f9fd9389fd9389fd9389fd9389fd9389fd9389fd938a7db33a7db33a7db33a7db33a7db33a7db33a7db33a7db33afdc2eafdc2eafdc2eaf
dc2eafdc2eafdc2eafdc2eb5dd2bb5dd2bb5dd2bb5dd2bb5dd2bb5dd2bb5dd2bb7dd29b7dd29b7dd29b7dd29b7dd29b7dd29b7dd29b7dd29bade27bade27bade
27bade27bade27bade27bade27bdde26bdde26bdde26bdde26bdde26bdde26bdde26bfdf24bfdf24bfdf24bfdf24bfdf24bfdf24bfdf24c2df22c2df22c2df22
c2df22c2df22c2df22c2df22c2df22c5df21c5df21c5df21c5df21c5df21c5df21c5df21c5df21c5df21c5df21c5df21c5df21c5df21c5df21c7e01fc7e01fc7
e01fc7e01fc7e01fc7e01fc7e01fc7e01fc7e01fc7e01fc7e01fc7e01fc7e01fc7e01fc7e01fc7e01fc7e01fc7e01fc7e01fc7e01fc7e01fc7e01fcae01ecae0
1ecae01ecae01ecae01ecae01ecae01ecae01ecae01ecae01ecae01ecae01ecae01ecae01ecae01ecae01ecae01ecae01ecae01ecae01ecae01ecae01ecae01e
cae01ecae01ecae01ecae01ecae01ecae01ecae01ecae01ecae01ecae01ecae01ecae01ecae01ecae01ecde01dcde01dcde01dcde01dcde01dcde01dcde01dcd
e01dcde01dcde01dcde01dcde01dcde01dcde01dcde01dcde01dcde01dcde01dcde01dcde01dcde01dcde01dcde01dcde01dcde01dcde01dcde01dcde01dcde0
1dcde01dcde01dcde01dcde01dcde01dcde01dcde01dcde01dcde01dcde01dcde01dcde01dcde01dcde01dcde01dcde01dcde01dcde01dcde01dcde01dcde01d
cde01dcde01dcde01dcde01dcde01dcde01dcde01dcde01dcde01dcde01dcde01dcde01dcde01dcde01dcde01dcde01dcde01dcde01dcde01dcde01dcde01dcd
e01dcde01dcde01dcde01dcde01dcde01dcde01dcde01dcde01dcde01dcde01dcde01dcde01dcde01dcde01dcde01dcde01dcae01ecae01ecae01ecae01ecae0
1ecae01ecae01ecae01ecae01ecae01ecae01ecae01ecae01ecae01ecae01ecae01ecae01ecae01ecae01ecae01ecae01ecae01ecae01ecae01ecae01ecae01e
cae01ecae01ecae01ecae01ecae01ecae01ecae01ecae01ecae01ecae01ec7e01fc7e01fc7e01fc7e01fc7e01fc7e01fc7e01fc7e01fc7e01fc7e01fc7e01fc7
e01fc7e01fc7e01fc7e01fc7e01fc7e01fc7e01fc7e01fc7e01fc7e01fc7e01fc5df21c5df21c5df21c5df21c5df21c5df21c5df21c5df21c5df21c5df21c5df
21c5df21c5df21c5df21c5df21c2df22c2df22c2df22c2df22c2df22c2df22c2df22bfdf24bfdf24bfdf24bfdf24bfdf24bfdf24bfdf24bdde26bdde26bdde26
bdde26bdde26bdde26bdde26bdde26bade27bade27bade27bade27bade27bade27bade27b7dd29b7dd29b7dd29b7dd29b7dd29b7dd29b7dd29b5dd2bb5dd2bb5
dd2bb5dd2bb5dd2bb5dd2bb5dd2bb5dd2bafdc2eafdc2eafdc2eafdc2eafdc2eafdc2eafdc2ea7db33a7db33a7db33a7db33a7db33a7db33a7db339fd9389fd9
389fd9389fd9389fd9389fd9389fd9389fd93895d73f95d73f95d73f95d73f95d73f95d73f95d73f9fd9389fd9389fd9389fd9389fd9389fd9389fd938a7db33
a7db33a7db33a7db33a7db33a7db33a7db33a7db33afdc2eafdc2eafdc2eafdc2eafdc2eafdc2eafdc2eb5dd2bb5dd2bb5dd2bb5dd2bb5dd2bb5dd2bb5dd2bb7
dd29b7dd29b7dd29b7dd29b7dd29b7dd29b7dd29b7dd29bade27bade27bade27bade27bade27bade27bade27bdde26bdde26bdde26bdde26bdde26bdde26bdde
26bfdf24bfdf24bfdf24bfdf24bfdf24bfdf24bfdf24c2df22c2df22c2df22c2df22c2df22c2df22c2df22c2df22c5df21c5df21c5df21c5df21c5df21c5df21
c5df21c5df21c5df21c5df21c5df21c5df21c5df21c5df21c7e01fc7e01fc7e01fc7e01fc7e01fc7e01fc7e01fc7e01fc7e01fc7e01fc7e01fc7e01fc7e01fc7
e01fc7e01fc7e01fc7e01fc7e01fc7e01fc7e01fc7e01fc7e01fcae01ecae01ecae01ecae01ecae01ecae01ecae01ecae01ecae01ecae01ecae01ecae01ecae0
1ecae01ecae01ecae01ecae01ecae01ecae01ecae01ecae01ecae01ecae01ecae01ecae01ecae01ecae01ecae01ecae01ecae01ecae01ecae01ecae01ecae01e
cae01ecae01ecae01ecde01dcde01dcde01dcde01dcde01dcde01dcde01dcde01dcde01dcde01dcde01dcde01dcde01dcde01dcde01dcde01dcde01dcde01dcd
e01dcde01dcde01dcde01dcde01dcde01dcde01dcde01dcde01dcde01dcde01dcde01dcde01dcde01dcde01dcde01dcde01dcde01dcde01dcde01dcde01dcde0
1dcde01dcde01dcde01dcde01dcde01dcde01dcde01dcde01dcde01dcde01dcde01dcde01dcde01dcde01dcde01dcde01dcde01dcde01dcde01dcde01dcde01d
cde01dcde01dcde01dcde01dcde01dcde01dcde01dcde01dcde01dcde01dcde01dcde01dcde01dcde01dcde01dcde01dcde01dcde01dcde01dcde01dcde01dcd
e01dcde01dcde01dcde01dcde01dcde01dcae01ecae01ecae01ecae01ecae01ecae01ecae01ecae01ecae01ecae01ecae01ecae01ecae01ecae01ecae01ecae0
1ecae01ecae01ecae01ecae01ecae01ecae01ecae01ecae01ecae01ecae01ecae01ecae01ecae01ecae01ecae01ecae01ecae01ecae01ecae01ecae01ec7e01f
c7e01fc7e01fc7e01fc7e01fc7e01fc7e01fc7e01fc7e01fc7e01fc7e01fc7e01fc7e01fc7e01fc7e01fc7e01fc7e01fc7e01fc7e01fc7e01fc7e01fc7e01fc5
df21c5df21c5df21c5df21c5df21c5df21c5df21c5df21c5df21c5df21c5df21c5df21c5df21c5df21c5df21c2df22c2df22c2df22c2df22c2df22c2df22c2df
22bfdf24bfdf24bfdf24bfdf24bfdf24bfdf24bfdf24bdde26bdde26bdde26bdde26bdde26bdde26bdde26bdde26bade27bade27bade27bade27bade27bade27
bade27b7dd29b7dd29b7dd29b7dd29b7dd29b7dd29b7dd29b5dd2bb5dd2bb5dd2bb5dd2bb5dd2bb5dd2bb5dd2bb5dd2bafdc2eafdc2eafdc2eafdc2eafdc2eaf
dc2eafdc2ea7db33a7db33a7db33a7db33a7db33a7db33a7db339fd9389fd9389fd9389fd9389fd9389fd9389fd9389fd93895d73f95d73f95d73f95d73f95d7
3f95d73f95d73f9fd9389fd9389fd9389fd9389fd9389fd9389fd938a7db33a7db33a7db33a7db33a7db33a7db33a7db33a7db33afdc2eafdc2eafdc2eafdc2e
afdc2eafdc2eafdc2eb5dd2bb5dd2bb5dd2bb5dd2bb5dd2bb5dd2bb5dd2bb7dd29b7dd29b7dd29b7dd29b7dd29b7dd29b7dd29b7dd29bade27bade27bade27ba
de27bade27bade27bade27bdde26bdde26bdde26bdde26bdde26bdde26bdde26bfdf24bfdf24bfdf24bfdf24bfdf24bfdf24bfdf24c2df22c2df22c2df22c2df
22c2df22c2df22c2df22c2df22c5df21c5df21c5df21c5df21c5df21c5df21c5df21c5df21c5df21c5df21c5df21c5df21c5df21c5df21c7e01fc7e01fc7e01f
c7e01fc7e01fc7e01fc7e01fc7e01fc7e01fc7e01fc7e01fc7e01fc7e01fc7e01fc7e01fc7e01fc7e01fc7e01fc7e01fc7e01fc7e01fc7e01fcae01ecae01eca
e01ecae01ecae01ecae01ecae01ecae01ecae01ecae01ecae01ecae01ecae01ecae01ecae01ecae01ecae01ecae01ecae01ecae01ecae01ecae01ecae01ecae0
1ecae01ecae01ecae01ecae01ecae01ecae01ecae01ecae01ecae01ecae01ecae01ecae01ecae01ecde01dcde01dcde01dcde01dcde01dcde01dcde01dcde01d
cde01dcde01dcde01dcde01dcde01dcde01dcde01dcde01dcde01dcde01dcde01dcde01dcde01dcde01dcde01dcde01dcde01dcde01dcde01dcde01dcde01dcd
e01dcde01dcde01dcde01dcde01dcde01dcde01dcde01dcde01dcde01dcde01dcde01dcde01dcde01dcde01dcde01dcde01dcde01dcde01dcde01dcde01dcde0
1dcde01dcde01dcde01dcde01dcde01dcde01dcde01dcde01dcde01dcde01dcde01dcde01dcde01dcde01dcde01dcde01dcde01dcde01dcde01dcde01dcde01d
cde01dcde01dcde01dcde01dcde01dcde01dcde01dcde01dcde01dcde01dcde01dcde01dcde01dcde01dcde01dcde01dcae01ecae01ecae01ecae01ecae01eca
e01ecae01ecae01ecae01ecae01ecae01ecae01ecae01ecae01ecae01ecae01ecae01ecae01ecae01ecae01ecae01ecae01ecae01ecae01ecae01ecae01ecae0
1ecae01ecae01ecae01ecae01ecae01ecae01ecae01ecae01ecae01ec7e01fc7e01fc7e01fc7e01fc7e01fc7e01fc7e01fc7e01fc7e01fc7e01fc7e01fc7e01f
c7e01fc7e01fc7e01fc7e01fc7e01fc7e01fc7e01fc7e01fc7e01fc7e01fc5df21c5df21c5df21c5df21c5df21c5df21c5df21c5df21c5df21c5df21c5df21c5
df21c5df21c5df21c5df21c2df22c2df22c2df22c2df22c2df22c2df22c2df22bfdf24bfdf24bfdf24bfdf24bfdf24bfdf24bfdf24bdde26bdde26bdde26bdde
26bdde26bdde26bdde26bdde26bade27bade27bade27bade27bade27bade27bade27b7dd29b7dd29b7dd29b7dd29b7dd29b7dd29b7dd29b5dd2bb5dd2bb5dd2b
b5dd2bb5dd2bb5dd2bb5dd2bb5dd2bafdc2eafdc2eafdc2eafdc2eafdc2eafdc2eafdc2ea7db33a7db33a7db33a7db33a7db33a7db33a7db339fd9389fd9389f
d9389fd9389fd9389fd9389fd9389fd93895d73f95d73f95d73f95d73f95d73f95d73f95d73f9fd9389fd9389fd9389fd9389fd9389fd9389fd938a7db33a7db
33a7db33a7db33a7db33a7db33a7db33a7db33afdc2eafdc2eafdc2eafdc2eafdc2eafdc2eafdc2eb5dd2bb5dd2bb5dd2bb5dd2bb5dd2bb5dd2bb5dd2bb7dd29
b7dd29b7dd29b7dd29b7dd29b7dd29b7dd29b7dd29bade27bade27bade27bade27bade27bade27bade27bdde26bdde26bdde26bdde26bdde26bdde26bdde26bf
df24bfdf24bfdf24bfdf24bfdf24bfdf24bfdf24c2df22c2df22c2df22c2df22c2df22c2df22c2df22c2df22c5df21c5df21c5df21c5df21c5df21c5df21c5df
21c5df21c5df21c5df21c5df21c5df21c5df21c5df21c7e01fc7e01fc7e01fc7e01fc7e01fc7e01fc7e01fc7e01fc7e01fc7e01fc7e01fc7e01fc7e01fc7e01f
c7e01fc7e01fc7e01fc7e01fc7e01fc7e01fc7e01fc7e01fcae01ecae01ecae01ecae01ecae01ecae01ecae01ecae01ecae01ecae01ecae01ecae01ecae01eca
e01ecae01ecae01ecae01ecae01ecae01ecae01ecae01ecae01ecae01ecae01ecae01ecae01ecae01ecae01ecae01ecae01ecae01ecae01ecae01ecae01ecae0
1ecae01ecae01ecde01dcde01dcde01dcde01dcde01dcde01dcde01dcde01dcde01dcde01dcde01dcde01dcde01dcde01dcde01dcde01dcde01dcde01dcde01d
cde01dcde01dcde01dcde01dcde01dcde01dcde01dcde01dcde01dcde01dcde01dcde01dcde01dcde01dcde01dcde01dcde01dcde01dcde01dcde01dcde01dcd
e01dcde01dcde01dcde01dcde01dcde01dcde01dcde01dcde01dcde01dcde01dcde01dcde01dcde01dcde01dcde01dcde01dcde01dcde01dcde01dcde01dcde0
1dcde01dcde01dcde01dcde01dcde01dcde01dcde01dcde01dcde01dcde01dcde01dcde01dcde01dcde01dcde01dcde01dcde01dcde01dcde01dcde01dcde01d
cde01dcde01dcde01dcde01dcde01dcae01ecae01ecae01ecae01ecae01ecae01ecae01ecae01ecae01ecae01ecae01ecae01ecae01ecae01ecae01ecae01eca
e01ecae01ecae01ecae01ecae01ecae01ecae01ecae01ecae01ecae01ecae01ecae01ecae01ecae01ecae01ecae01ecae01ecae01ecae01ecae01ec7e01fc7e0
1fc7e01fc7e01fc7e01fc7e01fc7e01fc7e01fc7e01fc7e01fc7e01fc7e01fc7e01fc7e01fc7e01fc7e01fc7e01fc7e01fc7e01fc7e01fc7e01fc7e01fc5df21
c5df21c5df21c5df21c5df21c5df21c5df21c5df21c5df21c5df21c5df21c5df21c5df21c5df21c5df21c2df22c2df22c2df22c2df22c2df22c2df22c2df22bf
df24bfdf24bfdf24bfdf24bfdf24bfdf24bfdf24bdde26bdde26bdde26bdde26bdde26bdde26bdde26bdde26bade27bade27bade27bade27bade27bade27bade
27b7dd29b7dd29b7dd29b7dd29b7dd29b7dd29b7dd29b5dd2bb5dd2bb5dd2bb5dd2bb5dd2bb5dd2bb5dd2bb5dd2bafdc2eafdc2eafdc2eafdc2eafdc2eafdc2e
afdc2ea7db33a7db33a7db33a7db33a7db33a7db33a7db339fd9389fd9389fd9389fd9389fd9389fd9389fd9389fd93895d73f95d73f95d73f95d73f95d73f95
d73f95d73f9fd9389fd9389fd9389fd9389fd9389fd9389fd938a7db33a7db33a7db33a7db33a7db33a7db33a7db33a7db33afdc2eafdc2eafdc2eafdc2eafdc
2eafdc2eafdc2eb5dd2bb5dd2bb5dd2bb5dd2bb5dd2bb5dd2bb5dd2bb7dd29b7dd29b7dd29b7dd29b7dd29b7dd29b7dd29b7dd29bade27bade27bade27bade27
bade27bade27bade27bdde26bdde26bdde26bdde26bdde26bdde26bdde26bfdf24bfdf24bfdf24bfdf24bfdf24bfdf24bfdf24c2df22c2df22c2df22c2df22c2
df22c2df22c2df22c2df22c5df21c5df21c5df21c5df21c5df21c5df21c5df21c5df21c5df21c5df21c5df21c5df21c5df21c5df21c7e01fc7e01fc7e01fc7e0
1fc7e01fc7e01fc7e01fc7e01fc7e01fc7e01fc7e01fc7e01fc7e01fc7e01fc7e01fc7e01fc7e01fc7e01fc7e01fc7e01fc7e01fc7e01fcae01ecae01ecae01e
cae01ecae01ecae01ecae01ecae01ecae01ecae01ecae01ecae01ecae01ecae01ecae01ecae01ecae01ecae01ecae01ecae01ecae01ecae01ecae01ecae01eca
e01ecae01ecae01ecae01ecae01ecae01ecae01ecae01ecae01ecae01ecae01ecae01ecae01ecde01dcde01dcde01dcde01dcde01dcde01dcde01dcde01dcde0
1dcde01dcde01dcde01dcde01dcde01dcde01dcde01dcde01dcde01dcde01dcde01dcde01dcde01dcde01dcde01dcde01dcde01dcde01dcde01dcde01dcde01d
cde01dcde01dcde01dcde01dcde01dcde01dcde01dcde01dcde01dcde01dcde01dcde01dcde01dcde01dcde01dcde01dcde01dcde01dcde01dcde01dcde01dcd
e01dcde01dcde01dcde01dcde01dcde01dcde01dcde01dcde01dcde01dcde01dcde01dcde01dcde01dcde01dcde01dcde01dcde01dcde01dcde01dcde01dcde0
1dcde01dcde01dcde01dcde01dcde01dcde01dcde01dcde01dcde01dcde01dcde01dcde01dcde01dcde01dcde01dcae01ecae01ecae01ecae01ecae01ecae01e
cae01ecae01ecae01ecae01ecae01ecae01ecae01ecae01ecae01ecae01ecae01ecae01ecae01ecae01ecae01ecae01ecae01ecae01ecae01ecae01ecae01eca
e01ecae01ecae01ecae01ecae01ecae01ecae01ecae01ecae01ec7e01fc7e01fc7e01fc7e01fc7e01fc7e01fc7e01fc7e01fc7e01fc7e01fc7e01fc7e01fc7e0
1fc7e01fc7e01fc7e01fc7e01fc7e01fc7e01fc7e01fc7e01fc7e01fc5df21c5df21c5df21c5df21c5df21c5df21c5df21c5df21c5df21c5df21c5df21c5df21
c5df21c5df21c5df21c2df22c2df22c2df22c2df22c2df22c2df22c2df22bfdf24bfdf24bfdf24bfdf24bfdf24bfdf24bfdf24bdde26bdde26bdde26bdde26bd
de26bdde26bdde26bdde26bade27bade27bade27bade27bade27bade27bade27b7dd29b7dd29b7dd29b7dd29b7dd29b7dd29b7dd29b5dd2bb5dd2bb5dd2bb5dd
2bb5dd2bb5dd2bb5dd2bb5dd2bafdc2eafdc2eafdc2eafdc2eafdc2eafdc2eafdc2ea7db33a7db33a7db33a7db33a7db33a7db33a7db339fd9389fd9389fd938
9fd9389fd9389fd9389fd9389fd93895d73f95d73f95d73f95d73f95d73f95d73f95d73f9fd9389fd9389fd9389fd9389fd9389fd9389fd938a7db33a7db33a7
db33a7db33a7db33a7db33a7db33a7db33afdc2eafdc2eafdc2eafdc2eafdc2eafdc2eafdc2eb5dd2bb5dd2bb5dd2bb5dd2bb5dd2bb5dd2bb5dd2bb7dd29b7dd
29b7dd29b7dd29b7dd29b7dd29b7dd29b7dd29bade27bade27bade27bade27bade27bade27bade27bdde26bdde26bdde26bdde26bdde26bdde26bdde26bfdf24
bfdf24bfdf24bfdf24bfdf24bfdf24bfdf24c2df22c2df22c2df22c2df22c2df22c2df22c2df22c2df22c5df21c5df21c5df21c5df21c5df21c5df21c5df21c5
df21c5df21c5df21c5df21c5df21c5df21c5df21c7e01fc7e01fc7e01fc7e01fc7e01fc7e01fc7e01fc7e01fc7e01fc7e01fc7e01fc7e01fc7e01fc7e01fc7e0
1fc7e01fc7e01fc7e01fc7e01fc7e01fc7e01fc7e01fcae01ecae01ecae01ecae01ecae01ecae01ecae01ecae01ecae01ecae01ecae01ecae01ecae01ecae01e
cae01ecae01ecae01ecae01ecae01ecae01ecae01ecae01ecae01ecae01ecae01ecae01ecae01ecae01ecae01ecae01ecae01ecae01ecae01ecae01ecae01eca
e01ecae01ecde01dcde01dcde01dcde01dcde01dcde01dcde01dcde01dcde01dcde01dcde01dcde01dcde01dcde01dcde01dcde01dcde01dcde01dcde01dcde0
1dcde01dcde01dcde01dcde01dcde01dcde01dcde01dcde01dcde01dcde01dcde01dcde01dcde01dcde01dcde01dcde01dcde01dcde01dcde01dcde01dcde01d
cde01dcde01dcde01dcde01dcde01dcde01dcde01dcde01dcde01dcde01dcde01dcde01dcde01dcde01dcde01dcde01dcde01dcde01dcde01dcde01dcde01dcd
e01dcde01dcde01dcde01dcde01dcde01dcde01dcde01dcde01dcde01dcde01dcde01dcde01dcde01dcde01dcde01dcde01dcde01dcde01dcde01dcde01dcde0
1dcde01dcde01dcde01dcde01dcae01ecae01ecae01ecae01ecae01ecae01ecae01ecae01ecae01ecae01ecae01ecae01ecae01ecae01ecae01ecae01ecae01e
cae01ecae01ecae01ecae01ecae01ecae01ecae01ecae01ecae01ecae01ecae01ecae01ecae01ecae01ecae01ecae01ecae01ecae01ecae01ec7e01fc7e01fc7
e01fc7e01fc7e01fc7e01fc7e01fc7e01fc7e01fc7e01fc7e01fc7e01fc7e01fc7e01fc7e01fc7e01fc7e01fc7e01fc7e01fc7e01fc7e01fc7e01fc5df21c5df
21c5df21c5df21c5df21c5df21c5df21c5df21c5df21c5df21c5df21c5df21c5df21c5df21c5df21c2df22c2df22c2df22c2df22c2df22c2df22c2df22bfdf24
bfdf24bfdf24bfdf24bfdf24bfdf24bfdf24bdde26bdde26bdde26bdde26bdde26bdde26bdde26bdde26bade27bade27bade27bade27bade27bade27bade27b7
dd29b7dd29b7dd29b7dd29b7dd29b7dd29b7dd29b5dd2bb5dd2bb5dd2bb5dd2bb5dd2bb5dd2bb5dd2bb5dd2bafdc2eafdc2eafdc2eafdc2eafdc2eafdc2eafdc
2ea7db33a7db33a7db33a7db33a7db33a7db33a7db339fd9389fd9389fd9389fd9389fd9389fd9389fd9389fd93895d73f95d73f95d73f95d73f95d73f95d73f
95d73f88d54788d54788d54788d54788d54788d54788d54790d64390d64390d64390d64390d64390d64390d64390d64397d83e97d83e97d83e97d83e97d83e97
d83e97d83e9dd93a9dd93a9dd93a9dd93a9dd93a9dd93a9dd93aa2da37a2da37a2da37a2da37a2da37a2da37a2da37a2da37a5da35a5da35a5da35a5da35a5da
35a5da35a5da35a7db33a7db33a7db33a7db33a7db33a7db33a7db33aadb32aadb32aadb32aadb32aadb32aadb32aadb32addc30addc30addc30addc30addc30
addc30addc30addc30afdc2eafdc2eafdc2eafdc2eafdc2eafdc2eafdc2eb2dd2cb2dd2cb2dd2cb2dd2cb2dd2cb2dd2cb2dd2cb2dd2cb2dd2cb2dd2cb2dd2cb2
dd2cb2dd2cb2dd2cb2dd2cb5dd2bb5dd2bb5dd2bb5dd2bb5dd2bb5dd2bb5dd2bb5dd2bb5dd2bb5dd2bb5dd2bb5dd2bb5dd2bb5dd2bb7dd29b7dd29b7dd29b7dd
29b7dd29b7dd29b7dd29b7dd29b7dd29b7dd29b7dd29b7dd29b7dd29b7dd29b7dd29b7dd29b7dd29b7dd29b7dd29b7dd29b7dd29b7dd29bade27bade27bade27
bade27bade27bade27bade27bade27bade27bade27bade27bade27bade27bade27bade27bade27bade27bade27bade27bade27bade27bade27bade27bade27ba
de27bade27bade27bade27bade27bade27bade27bade27bade27bade27bade27bade27bade27bade27bade27bade27bade27bade27bade27bade27bade27bade
27bade27bade27bade27bade27bade27bade27bade27bade27bade27bade27bade27bade27bade27bade27bade27bade27bade27bade27bade27bade27bade27
bade27bade27bade27bade27bade27bade27bade27bade27bade27bade27bade27bade27bade27bade27bade27bade27bade27bade27bade27bade27bade27ba
de27bade27bade27bade27bade27bade27bade27bade27bade27bade27bade27bade27bade27bade27bade27bade27bade27bade27bade27bade27bade27bade
27bade27bade27bade27bade27bade27bade27bade27b7dd29b7dd29b7dd29b7dd29b7dd29b7dd29b7dd29b7dd29b7dd29b7dd29b7dd29b7dd29b7dd29b7dd29
b7dd29b7dd29b7dd29b7dd29b7dd29b7dd29b7dd29b7dd29b5dd2bb5dd2bb5dd2bb5dd2bb5dd2bb5dd2bb5dd2bb5dd2bb5dd2bb5dd2bb5dd2bb5dd2bb5dd2bb5
dd2bb5dd2bb2dd2cb2dd2cb2dd2cb2dd2cb2dd2cb2dd2cb2dd2cb2dd2cb2dd2cb2dd2cb2dd2cb2dd2cb2dd2cb2dd2cb2dd2cafdc2eafdc2eafdc2eafdc2eafdc
2eafdc2eafdc2eaddc30addc30addc30addc30addc30addc30addc30aadb32aadb32aadb32aadb32aadb32aadb32aadb32a7db33a7db33a7db33a7db33a7db33
a7db33a7db33a7db33a5da35a5da35a5da35a5da35a5da35a5da35a5da35a2da37a2da37a2da37a2da37a2da37a2da37a2da379dd93a9dd93a9dd93a9dd93a9d
d93a9dd93a9dd93a9dd93a97d83e97d83e97d83e97d83e97d83e97d83e97d83e90d64390d64390d64390d64390d64390d64390d64388d54788d54788d54788d5
4788d54788d54788d54788d5477ed24e7ed24e7ed24e7ed24e7ed24e7ed24e7ed24e88d54788d54788d54788d54788d54788d54788d54790d64390d64390d643
90d64390d64390d64390d64390d64397d83e97d83e97d83e97d83e97d83e97d83e97d83e9dd93a9dd93a9dd93a9dd93a9dd93a9dd93a9dd93aa2da37a2da37a2
da37a2da37a2da37a2da37a2da37a2da37a5da35a5da35a5da35a5da35a5da35a5da35a5da35a7db33a7db33a7db33a7db33a7db33a7db33a7db33aadb32aadb
32aadb32aadb32aadb32aadb32aadb32addc30addc30addc30addc30addc30addc30addc30addc30afdc2eafdc2eafdc2eafdc2eafdc2eafdc2eafdc2eb2dd2c
b2dd2cb2dd2cb2dd2cb2dd2cb2dd2cb2dd2cb2dd2cb2dd2cb2dd2cb2dd2cb2dd2cb2dd2cb2dd2cb2dd2cb5dd2bb5dd2bb5dd2bb5dd2bb5dd2bb5dd2bb5dd2bb5
dd2bb5dd2bb5dd2bb5dd2bb5dd2bb5dd2bb5dd2bb7dd29b7dd29b7dd29b7dd29b7dd29b7dd29b7dd29b7dd29b7dd29b7dd29b7dd29b7dd29b7dd29b7dd29b7dd
29b7dd29b7dd29b7dd29b7dd29b7dd29b7dd29b7dd29bade27bade27bade27bade27bade27bade27bade27bade27bade27bade27bade27bade27bade27bade27
bade27bade27bade27bade27bade27bade27bade27bade27bade27bade27bade27bade27bade27bade27bade27bade27bade27bade27bade27bade27bade27ba
de27bade27bade27bade27bade27bade27bade27bade27bade27bade27bade27bade27bade27bade27bade27bade27bade27bade27bade27bade27bade27bade
27bade27bade27bade27bade27bade27bade27bade27bade27bade27bade27bade27bade27bade27bade27bade27bade27bade27bade27bade27bade27bade27
bade27bade27bade27bade27bade27bade27bade27bade27bade27bade27bade27bade27bade27bade27bade27bade27bade27bade27bade27bade27bade27ba
de27bade27bade27bade27bade27bade27bade27bade27bade27bade27bade27bade27bade27bade27bade27bade27bade27bade27b7dd29b7dd29b7dd29b7dd
29b7dd29b7dd29b7dd29b7dd29b7dd29b7dd29b7dd29b7dd29b7dd29b7dd29b7dd29b7dd29b7dd29b7dd29b7dd29b7dd29b7dd29b7dd29b5dd2bb5dd2bb5dd2b
b5dd2bb5dd2bb5dd2bb5dd2bb5dd2bb5dd2bb5dd2bb5dd2bb5dd2bb5dd2bb5dd2bb5dd2bb2dd2cb2dd2cb2dd2cb2dd2cb2dd2cb2dd2cb2dd2cb2dd2cb2dd2cb2
dd2cb2dd2cb2dd2cb2dd2cb2dd2cb2dd2cafdc2eafdc2eafdc2eafdc2eafdc2eafdc2eafdc2eaddc30addc30addc30addc30addc30addc30addc30aadb32aadb
32aadb32aadb32aadb32aadb32aadb32a7db33a7db33a7db33a7db33a7db33a7db33a7db33a7db33a5da35a5da35a5da35a5da35a5da35a5da35a5da35a2da37
a2da37a2da37a2da37a2da37a2da37a2da379dd93a9dd93a9dd93a9dd93a9dd93a9dd93a9dd93a9dd93a97d83e97d83e97d83e97d83e97d83e97d83e97d83e90
d64390d64390d64390d64390d64390d64390d64388d54788d54788d54788d54788d54788d54788d54788d5477ed24e7ed24e7ed24e7ed24e7ed24e7ed24e7ed2
4e88d54788d54788d54788d54788d54788d54788d54790d64390d64390d64390d64390d64390d64390d64390d64397d83e97d83e97d83e97d83e97d83e97d83e
97d83e9dd93a9dd93a9dd93a9dd93a9dd93a9dd93a9dd93aa2da37a2da37a2da37a2da37a2da37a2da37a2da37a2da37a5da35a5da35a5da35a5da35a5da35a5
da35a5da35a7db33a7db33a7db33a7db33a7db33a7db33a7db33aadb32aadb32aadb32aadb32aadb32aadb32aadb32addc30addc30addc30addc30addc30addc
30addc30addc30afdc2eafdc2eafdc2eafdc2eafdc2eafdc2eafdc2eb2dd2cb2dd2cb2dd2cb2dd2cb2dd2cb2dd2cb2dd2cb2dd2cb2dd2cb2dd2cb2dd2cb2dd2c
b2dd2cb2dd2cb2dd2cb5dd2bb5dd2bb5dd2bb5dd2bb5dd2bb5dd2bb5dd2bb5dd2bb5dd2bb5dd2bb5dd2bb5dd2bb5dd2bb5dd2bb7dd29b7dd29b7dd29b7dd29b7
dd29b7dd29b7dd29b7dd29b7dd29b7dd29b7dd29b7dd29b7dd29b7dd29b7dd29b7dd29b7dd29b7dd29b7dd29b7dd29b7dd29b7dd29bade27bade27bade27bade
27bade27bade27bade27bade27bade27bade27bade27bade27bade27bade27bade27bade27bade27bade27bade27bade27bade27bade27bade27bade27bade27
bade27bade27bade27bade27bade27bade27bade27bade27bade27bade27bade27bade27bade27bade27bade27bade27bade27bade27bade27bade27bade27ba
de27bade27bade27bade27bade27bade27bade27bade27bade27bade27bade27bade27bade27bade27bade27bade27bade27bade27bade27bade27bade27bade
27bade27bade27bade27bade27bade27bade27bade27bade27bade27bade27bade27bade27bade27bade27bade27bade27bade27bade27bade27bade27bade27
bade27bade27bade27bade27bade27bade27bade27bade27bade27bade27bade27bade27bade27bade27bade27bade27bade27bade27bade27bade27bade27ba
de27bade27bade27bade27bade27bade27bade27b7dd29b7dd29b7dd29b7dd29b7dd29b7dd29b7dd29b7dd29b7dd29b7dd29b7dd29b7dd29b7dd29b7dd29b7dd
29b7dd29b7dd29b7dd29b7dd29b7dd29b7dd29b7dd29b5dd2bb5dd2bb5dd2bb5dd2bb5dd2bb5dd2bb5dd2bb5dd2bb5dd2bb5dd2bb5dd2bb5dd2bb5dd2bb5dd2b
b5dd2bb2dd2cb2dd2cb2dd2cb2dd2cb2dd2cb2dd2cb2dd2cb2dd2cb2dd2cb2dd2cb2dd2cb2dd2cb2dd2cb2dd2cb2dd2cafdc2eafdc2eafdc2eafdc2eafdc2eaf
dc2eafdc2eaddc30addc30addc30addc30addc30addc30addc30aadb32aadb32aadb32aadb32aadb32aadb32aadb32a7db33a7db33a7db33a7db33a7db33a7db
33a7db33a7db33a5da35a5da35a5da35a5da35a5da35a5da35a5da35a2da37a2da37a2da37a2da37a2da37a2da37a2da379dd93a9dd93a9dd93a9dd93a9dd93a
9dd93a9dd93a9dd93a97d83e97d83e97d83e97d83e97d83e97d83e97d83e90d64390d64390d64390d64390d64390d64390d64388d54788d54788d54788d54788
d54788d54788d54788d5477ed24e7ed24e7ed24e7ed24e7ed24e7ed24e7ed24e88d54788d54788d54788d54788d54788d54788d54790d64390d64390d64390d6
4390d64390d64390d64390d64397d83e97d83e97d83e97d83e97d83e97d83e97d83e9dd93a9dd93a9dd93a9dd93a9dd93a9dd93a9dd93aa2da37a2da37a2da37
a2da37a2da37a2da37a2da37a2da37a5da35a5da35a5da35a5da35a5da35a5da35a5da35a7db33a7db33a7db33a7db33a7db33a7db33a7db33aadb32aadb32aa
db32aadb32aadb32aadb32aadb32addc30addc30addc30addc30addc30addc30addc30addc30afdc2eafdc2eafdc2eafdc2eafdc2eafdc2eafdc2eb2dd2cb2dd
2cb2dd2cb2dd2cb2dd2cb2dd2cb2dd2cb2dd2cb2dd2cb2dd2cb2dd2cb2dd2cb2dd2cb2dd2cb2dd2cb5dd2bb5dd2bb5dd2bb5dd2bb5dd2bb5dd2bb5dd2bb5dd2b
b5dd2bb5dd2bb5dd2bb5dd2bb5dd2bb5dd2bb7dd29b7dd29b7dd29b7dd29b7dd29b7dd29b7dd29b7dd29b7dd29b7dd29b7dd29b7dd29b7dd29b7dd29b7dd29b7
dd29b7dd29b7dd29b7dd29b7dd29b7dd29b7dd29bade27bade27bade27bade27bade27bade27bade27bade27bade27bade27bade27bade27bade27bade27bade
27bade27bade27bade27bade27bade27bade27bade27bade27bade27bade27bade27bade27bade27bade27bade27bade27bade27bade27bade27bade27bade27
bade27bade27bade27bade27bade27bade27bade27bade27bade27bade27bade27bade27bade27bade27bade27bade27bade27bade27bade27bade27bade27ba
de27bade27bade27bade27bade27bade27bade27bade27bade27bade27bade27bade27bade27bade27bade27bade27bade27bade27bade27bade27bade27bade
27bade27bade27bade27bade27bade27bade27bade27bade27bade27bade27bade27bade27bade27bade27bade27bade27bade27bade27bade27bade27bade27
bade27bade27bade27bade27bade27bade27bade27bade27bade27bade27bade27bade27bade27bade27bade27bade27bade27b7dd29b7dd29b7dd29b7dd29b7
dd29b7dd29b7dd29b7dd29b7dd29b7dd29b7dd29b7dd29b7dd29b7dd29b7dd29b7dd29b7dd29b7dd29b7dd29b7dd29b7dd29b7dd29b5dd2bb5dd2bb5dd2bb5dd
2bb5dd2bb5dd2bb5dd2bb5dd2bb5dd2bb5dd2bb5dd2bb5dd2bb5dd2bb5dd2bb5dd2bb2dd2cb2dd2cb2dd2cb2dd2cb2dd2cb2dd2cb2dd2cb2dd2cb2dd2cb2dd2c
b2dd2cb2dd2cb2dd2cb2dd2cb2dd2cafdc2eafdc2eafdc2eafdc2eafdc2eafdc2eafdc2eaddc30addc30addc30addc30addc30addc30addc30aadb32aadb32aa
db32aadb32aadb32aadb32aadb32a7db33a7db33a7db33a7db33a7db33a7db33a7db33a7db33a5da35a5da35a5da35a5da35a5da35a5da35a5da35a2da37a2da
37a2da37a2da37a2da37a2da37a2da379dd93a9dd93a9dd93a9dd93a9dd93a9dd93a9dd93a9dd93a97d83e97d83e97d83e97d83e97d83e97d83e97d83e90d643
90d64390d64390d64390d64390d64390d64388d54788d54788d54788d54788d54788d54788d54788d5477ed24e7ed24e7ed24e7ed24e7ed24e7ed24e7ed24e88
d54788d54788d54788d54788d54788d54788d54790d64390d64390d64390d64390d64390d64390d64390d64397d83e97d83e97d83e97d83e97d83e97d83e97d8
3e9dd93a9dd93a9dd93a9dd93a9dd93a9dd93a9dd93aa2da37a2da37a2da37a2da37a2da37a2da37a2da37a2da37a5da35a5da35a5da35a5da35a5da35a5da35
a5da35a7db33a7db33a7db33a7db33a7db33a7db33a7db33aadb32aadb32aadb32aadb32aadb32aadb32aadb32addc30addc30addc30addc30addc30addc30ad
dc30addc30afdc2eafdc2eafdc2eafdc2eafdc2eafdc2eafdc2eb2dd2cb2dd2cb2dd2cb2dd2cb2dd2cb2dd2cb2dd2cb2dd2cb2dd2cb2dd2cb2dd2cb2dd2cb2dd
2cb2dd2cb2dd2cb5dd2bb5dd2bb5dd2bb5dd2bb5dd2bb5dd2bb5dd2bb5dd2bb5dd2bb5dd2bb5dd2bb5dd2bb5dd2bb5dd2bb7dd29b7dd29b7dd29b7dd29b7dd29
b7dd29b7dd29b7dd29b7dd29b7dd29b7dd29b7dd29b7dd29b7dd29b7dd29b7dd29b7dd29b7dd29b7dd29b7dd29b7dd29b7dd29bade27bade27bade27bade27ba
de27bade27bade27bade27bade27bade27bade27bade27bade27bade27bade27bade27bade27bade27bade27bade27bade27bade27bade27bade27bade27bade
27bade27bade27bade27bade27bade27bade27bade27bade27bade27bade27bade27bade27bade27bade27bade27bade27bade27bade27bade27bade27bade27
bade27bade27bade27bade27bade27bade27bade27bade27bade27bade27bade27bade27bade27bade27bade27bade27bade27bade27bade27bade27bade27ba
de27bade27bade27bade27bade27bade27bade27bade27bade27bade27bade27bade27bade27bade27bade27bade27bade27bade27bade27bade27bade27bade
27bade27bade27bade27bade27bade27bade27bade27bade27bade27bade27bade27bade27bade27bade27bade27bade27bade27bade27bade27bade27bade27
bade27bade27bade27bade27bade27bade27b7dd29b7dd29b7dd29b7dd29b7dd29b7dd29b7dd29b7dd29b7dd29b7dd29b7dd29b7dd29b7dd29b7dd29b7dd29b7
dd29b7dd29b7dd29b7dd29b7dd29b7dd29b7dd29b5dd2bb5dd2bb5dd2bb5dd2bb5dd2bb5dd2bb5dd2bb5dd2bb5dd2bb5dd2bb5dd2bb5dd2bb5dd2bb5dd2bb5dd
2bb2dd2cb2dd2cb2dd2cb2dd2cb2dd2cb2dd2cb2dd2cb2dd2cb2dd2cb2dd2cb2dd2cb2dd2cb2dd2cb2dd2cb2dd2cafdc2eafdc2eafdc2eafdc2eafdc2eafdc2e
afdc2eaddc30addc30addc30addc30addc30addc30addc30aadb32aadb32aadb32aadb32aadb32aadb32aadb32a7db33a7db33a7db33a7db33a7db33a7db33a7
db33a7db33a5da35a5da35a5da35a5da35a5da35a5da35a5da35a2da37a2da37a2da37a2da37a2da37a2da37a2da379dd93a9dd93a9dd93a9dd93a9dd93a9dd9
3a9dd93a9dd93a97d83e97d83e97d83e97d83e97d83e97d83e97d83e90d64390d64390d64390d64390d64390d64390d64388d54788d54788d54788d54788d547
88d54788d54788d5477ed24e7ed24e7ed24e7ed24e7ed24e7ed24e7ed24e88d54788d54788d54788d54788d54788d54788d54790d64390d64390d64390d64390
d64390d64390d64390d64397d83e97d83e97d83e97d83e97d83e97d83e97d83e9dd93a9dd93a9dd93a9dd93a9dd93a9dd93a9dd93aa2da37a2da37a2da37a2da
37a2da37a2da37a2da37a2da37a5da35a5da35a5da35a5da35a5da35a5da35a5da35a7db33a7db33a7db33a7db33a7db33a7db33a7db33aadb32aadb32aadb32
aadb32aadb32aadb32aadb32addc30addc30addc30addc30addc30addc30addc30addc30afdc2eafdc2eafdc2eafdc2eafdc2eafdc2eafdc2eb2dd2cb2dd2cb2
dd2cb2dd2cb2dd2cb2dd2cb2dd2cb2dd2cb2dd2cb2dd2cb2dd2cb2dd2cb2dd2cb2dd2cb2dd2cb5dd2bb5dd2bb5dd2bb5dd2bb5dd2bb5dd2bb5dd2bb5dd2bb5dd
2bb5dd2bb5dd2bb5dd2bb5dd2bb5dd2bb7dd29b7dd29b7dd29b7dd29b7dd29b7dd29b7dd29b7dd29b7dd29b7dd29b7dd29b7dd29b7dd29b7dd29b7dd29b7dd29
b7dd29b7dd29b7dd29b7dd29b7dd29b7dd29bade27bade27bade27bade27bade27bade27bade27bade27bade27bade27bade27bade27bade27bade27bade27ba
de27bade27bade27bade27bade27bade27bade27bade27bade27bade27bade27bade27bade27bade27bade27bade27bade27bade27bade27bade27bade27bade
27bade27bade27bade27bade27bade27bade27bade27bade27bade27bade27bade27bade27bade27bade27bade27bade27bade27bade27bade27bade27bade27
bade27bade27bade27bade27bade27bade27bade27bade27bade27bade27bade27bade27bade27bade27bade27bade27bade27bade27bade27bade27bade27ba
de27bade27bade27bade27bade27bade27bade27bade27bade27bade27bade27bade27bade27bade27bade27bade27bade27bade27bade27bade27bade27bade
27bade27bade27bade27bade27bade27bade27bade27bade27bade27bade27bade27bade27bade27bade27bade27bade27b7dd29b7dd29b7dd29b7dd29b7dd29
b7dd29b7dd29b7dd29b7dd29b7dd29b7dd29b7dd29b7dd29b7dd29b7dd29b7dd29b7dd29b7dd29b7dd29b7dd29b7dd29b7dd29b5dd2bb5dd2bb5dd2bb5dd2bb5
dd2bb5dd2bb5dd2bb5dd2bb5dd2bb5dd2bb5dd2bb5dd2bb5dd2bb5dd2bb5dd2bb2dd2cb2dd2cb2dd2cb2dd2cb2dd2cb2dd2cb2dd2cb2dd2cb2dd2cb2dd2cb2dd
2cb2dd2cb2dd2cb2dd2cb2dd2cafdc2eafdc2eafdc2eafdc2eafdc2eafdc2eafdc2eaddc30addc30addc30addc30addc30addc30addc30aadb32aadb32aadb32
aadb32aadb32aadb32aadb32a7db33a7db33a7db33a7db33a7db33a7db33a7db33a7db33a5da35a5da35a5da35a5da35a5da35a5da35a5da35a2da37a2da37a2
da37a2da37a2da37a2da37a2da379dd93a9dd93a9dd93a9dd93a9dd93a9dd93a9dd93a9dd93a97d83e97d83e97d83e97d83e97d83e97d83e97d83e90d64390d6
4390d64390d64390d64390d64390d64388d54788d54788d54788d54788d54788d54788d54788d5477ed24e7ed24e7ed24e7ed24e7ed24e7ed24e7ed24e88d547
88d54788d54788d54788d54788d54788d54790d64390d64390d64390d64390d64390d64390d64390d64397d83e97d83e97d83e97d83e97d83e97d83e97d83e9d
d93a9dd93a9dd93a9dd93a9dd93a9dd93a9dd93aa2da37a2da37a2da37a2da37a2da37a2da37a2da37a2da37a5da35a5da35a5da35a5da35a5da35a5da35a5da
35a7db33a7db33a7db33a7db33a7db33a7db33a7db33aadb32aadb32aadb32aadb32aadb32aadb32aadb32addc30addc30addc30addc30addc30addc30addc30
addc30afdc2eafdc2eafdc2eafdc2eafdc2eafdc2eafdc2eb2dd2cb2dd2cb2dd2cb2dd2cb2dd2cb2dd2cb2dd2cb2dd2cb2dd2cb2dd2cb2dd2cb2dd2cb2dd2cb2
dd2cb2dd2cb5dd2bb5dd2bb5dd2bb5dd2bb5dd2bb5dd2bb5dd2bb5dd2bb5dd2bb5dd2bb5dd2bb5dd2bb5dd2bb5dd2bb7dd29b7dd29b7dd29b7dd29b7dd29b7dd
29b7dd29b7dd29b7dd29b7dd29b7dd29b7dd29b7dd29b7dd29b7dd29b7dd29b7dd29b7dd29b7dd29b7dd29b7dd29b7dd29bade27bade27bade27bade27bade27
bade27bade27bade27bade27bade27bade27bade27bade27bade27bade27bade27bade27bade27bade27bade27bade27bade27bade27bade27bade27bade27ba
de27bade27bade27bade27bade27bade27bade27bade27bade27bade27bade27bade27bade27bade27bade27bade27bade27bade27bade27bade27bade27bade
27bade27bade27bade27bade27bade27bade27bade27bade27bade27bade27bade27bade27bade27bade27bade27bade27bade27bade27bade27bade27bade27
bade27bade27bade27bade27bade27bade27bade27bade27bade27bade27bade27bade27bade27bade27bade27bade27bade27bade27bade27bade27bade27ba
de27bade27bade27bade27bade27bade27bade27bade27bade27bade27bade27bade27bade27bade27bade27bade27bade27bade27bade27bade27bade27bade
27bade27bade27bade27bade27bade27b7dd29b7dd29b7dd29b7dd29b7dd29b7dd29b7dd29b7dd29b7dd29b7dd29b7dd29b7dd29b7dd29b7dd29b7dd29b7dd29
b7dd29b7dd29b7dd29b7dd29b7dd29b7dd29b5dd2bb5dd2bb5dd2bb5dd2bb5dd2bb5dd2bb5dd2bb5dd2bb5dd2bb5dd2bb5dd2bb5dd2bb5dd2bb5dd2bb5dd2bb2
dd2cb2dd2cb2dd2cb2dd2cb2dd2cb2dd2cb2dd2cb2dd2cb2dd2cb2dd2cb2dd2cb2dd2cb2dd2cb2dd2cb2dd2cafdc2eafdc2eafdc2eafdc2eafdc2eafdc2eafdc
2eaddc30addc30addc30addc30addc30addc30addc30aadb32aadb32aadb32aadb32aadb32aadb32aadb32a7db33a7db33a7db33a7db33a7db33a7db33a7db33
a7db33a5da35a5da35a5da35a5da35a5da35a5da35a5da35a2da37a2da37a2da37a2da37a2da37a2da37a2da379dd93a9dd93a9dd93a9dd93a9dd93a9dd93a9d
d93a9dd93a97d83e97d83e97d83e97d83e97d83e97d83e97d83e90d64390d64390d64390d64390d64390d64390d64388d54788d54788d54788d54788d54788d5
4788d54788d5477ed24e7ed24e7ed24e7ed24e7ed24e7ed24e7ed24e88d54788d54788d54788d54788d54788d54788d54790d64390d64390d64390d64390d643
90d64390d64390d64397d83e97d83e97d83e97d83e97d83e97d83e97d83e9dd93a9dd93a9dd93a9dd93a9dd93a9dd93a9dd93aa2da37a2da37a2da37a2da37a2
da37a2da37a2da37a2da37a5da35a5da35a5da35a5da35a5da35a5da35a5da35a7db33a7db33a7db33a7db33a7db33a7db33a7db33aadb32aadb32aadb32aadb
32aadb32aadb32aadb32addc30addc30addc30addc30addc30addc30addc30addc30afdc2eafdc2eafdc2eafdc2eafdc2eafdc2eafdc2eb2dd2cb2dd2cb2dd2c
b2dd2cb2dd2cb2dd2cb2dd2cb2dd2cb2dd2cb2dd2cb2dd2cb2dd2cb2dd2cb2dd2cb2dd2cb5dd2bb5dd2bb5dd2bb5dd2bb5dd2bb5dd2bb5dd2bb5dd2bb5dd2bb5
dd2bb5dd2bb5dd2bb5dd2bb5dd2bb7dd29b7dd29b7dd29b7dd29b7dd29b7dd29b7dd29b7dd29b7dd29b7dd29b7dd29b7dd29b7dd29b7dd29b7dd29b7dd29b7dd
29b7dd29b7dd29b7dd29b7dd29b7dd29bade27bade27bade27bade27bade27bade27bade27bade27bade27bade27bade27bade27bade27bade27bade27bade27
bade27bade27bade27bade27bade27bade27bade27bade27bade27bade27bade27bade27bade27bade27bade27bade27bade27bade27bade27bade27bade27ba
de27bade27bade27bade27bade27bade27bade27bade27bade27bade27bade27bade27bade27bade27bade27bade27bade27bade27bade27bade27bade27bade
27bade27bade27bade27bade27bade27bade27bade27bade27bade27bade27bade27bade27bade27bade27bade27bade27bade27bade27bade27bade27bade27
bade27bade27bade27bade27bade27bade27bade27bade27bade27bade27bade27bade27bade27bade27bade27bade27bade27bade27bade27bade27bade27ba
de27bade27bade27bade27bade27bade27bade27bade27bade27bade27bade27bade27bade27bade27bade27bade27b7dd29b7dd29b7dd29b7dd29b7dd29b7dd
29b7dd29b7dd29b7dd29b7dd29b7dd29b7dd29b7dd29b7dd29b7dd29b7dd29b7dd29b7dd29b7dd29b7dd29b7dd29b7dd29b5dd2bb5dd2bb5dd2bb5dd2bb5dd2b
b5dd2bb5dd2bb5dd2bb5dd2bb5dd2bb5dd2bb5dd2bb5dd2bb5dd2bb5dd2bb2dd2cb2dd2cb2dd2cb2dd2cb2dd2cb2dd2cb2dd2cb2dd2cb2dd2cb2dd2cb2dd2cb2
dd2cb2dd2cb2dd2cb2dd2cafdc2eafdc2eafdc2eafdc2eafdc2eafdc2eafdc2eaddc30addc30addc30addc30addc30addc30addc30aadb32aadb32aadb32aadb
32aadb32aadb32aadb32a7db33a7db33a7db33a7db33a7db33a7db33a7db33a7db33a5da35a5da35a5da35a5da35a5da35a5da35a5da35a2da37a2da37a2da37
a2da37a2da37a2da37a2da379dd93a9dd93a9dd93a9dd93a9dd93a9dd93a9dd93a9dd93a97d83e97d83e97d83e97d83e97d83e97d83e97d83e90d64390d64390
d64390d64390d64390d64390d64388d54788d54788d54788d54788d54788d54788d54788d5477ed24e7ed24e7ed24e7ed24e7ed24e7ed24e7ed24e72cf5572cf
5572cf5572cf5572cf5572cf5572cf5579d15179d15179d15179d15179d15179d15179d15179d15181d34c81d34c81d34c81d34c81d34c81d34c81d34c86d449
86d44986d44986d44986d44986d44986d4498bd5468bd5468bd5468bd5468bd5468bd5468bd5468bd54690d64390d64390d64390d64390d64390d64390d64392
d74192d74192d74192d74192d74192d74192d74197d83e97d83e97d83e97d83e97d83e97d83e97d83e9ad83c9ad83c9ad83c9ad83c9ad83c9ad83c9ad83c9ad8
3c9dd93a9dd93a9dd93a9dd93a9dd93a9dd93a9dd93a9dd93a9dd93a9dd93a9dd93a9dd93a9dd93a9dd93a9fd9389fd9389fd9389fd9389fd9389fd9389fd938
9fd938a2da37a2da37a2da37a2da37a2da37a2da37a2da37a2da37a2da37a2da37a2da37a2da37a2da37a2da37a5da35a5da35a5da35a5da35a5da35a5da35a5
da35a5da35a5da35a5da35a5da35a5da35a5da35a5da35a5da35a7db33a7db33a7db33a7db33a7db33a7db33a7db33a7db33a7db33a7db33a7db33a7db33a7db
33a7db33a7db33a7db33a7db33a7db33a7db33a7db33a7db33a7db33a7db33a7db33a7db33a7db33a7db33a7db33a7db33a7db33a7db33a7db33a7db33a7db33
a7db33a7db33a7db33aadb32aadb32aadb32aadb32aadb32aadb32aadb32aadb32aadb32aadb32aadb32aadb32aadb32aadb32aadb32aadb32aadb32aadb32aa
db32aadb32aadb32aadb32aadb32aadb32aadb32aadb32aadb32aadb32aadb32aadb32aadb32aadb32aadb32aadb32aadb32aadb32aadb32aadb32aadb32aadb
32aadb32aadb32aadb32aadb32aadb32aadb32aadb32aadb32aadb32aadb32aadb32aadb32aadb32aadb32aadb32aadb32aadb32aadb32a7db33a7db33a7db33
a7db33a7db33a7db33a7db33a7db33a7db33a7db33a7db33a7db33a7db33a7db33a7db33a7db33a7db33a7db33a7db33a7db33a7db33a7db33a7db33a7db33a7
db33a7db33a7db33a7db33a7db33a7db33a7db33a7db33a7db33a7db33a7db33a7db33a7db33a5da35a5da35a5da35a5da35a5da35a5da35a5da35a5da35a5da
35a5da35a5da35a5da35a5da35a5da35a2da37a2da37a2da37a2da37a2da37a2da37a2da37a2da37a2da37a2da37a2da37a2da37a2da37a2da37a2da379fd938
9fd9389fd9389fd9389fd9389fd9389fd9389dd93a9dd93a9dd93a9dd93a9dd93a9dd93a9dd93a9dd93a9dd93a9dd93a9dd93a9dd93a9dd93a9dd93a9dd93a9a
d83c9ad83c9ad83c9ad83c9ad83c9ad83c9ad83c97d83e97d83e97d83e97d83e97d83e97d83e97d83e92d74192d74192d74192d74192d74192d74192d74192d7
4190d64390d64390d64390d64390d64390d64390d6438bd5468bd5468bd5468bd5468bd5468bd5468bd54686d44986d44986d44986d44986d44986d44986d449
86d44981d34c81d34c81d34c81d34c81d34c81d34c81d34c79d15179d15179d15179d15179d15179d15179d15172cf5572cf5572cf5572cf5572cf5572cf5572
cf5572cf5569cc5b69cc5b69cc5b69cc5b69cc5b69cc5b69cc5b72cf5572cf5572cf5572cf5572cf5572cf5572cf5579d15179d15179d15179d15179d15179d1
5179d15179d15181d34c81d34c81d34c81d34c81d34c81d34c81d34c86d44986d44986d44986d44986d44986d44986d4498bd5468bd5468bd5468bd5468bd546
8bd5468bd5468bd54690d64390d64390d64390d64390d64390d64390d64392d74192d74192d74192d74192d74192d74192d74197d83e97d83e97d83e97d83e97
d83e97d83e97d83e9ad83c9ad83c9ad83c9ad83c9ad83c9ad83c9ad83c9ad83c9dd93a9dd93a9dd93a9dd93a9dd93a9dd93a9dd93a9dd93a9dd93a9dd93a9dd9
3a9dd93a9dd93a9dd93a9fd9389fd9389fd9389fd9389fd9389fd9389fd9389fd938a2da37a2da37a2da37a2da37a2da37a2da37a2da37a2da37a2da37a2da37
a2da37a2da37a2da37a2da37a5da35a5da35a5da35a5da35a5da35a5da35a5da35a5da35a5da35a5da35a5da35a5da35a5da35a5da35a5da35a7db33a7db33a7
db33a7db33a7db33a7db33a7db33a7db33a7db33a7db33a7db33a7db33a7db33a7db33a7db33a7db33a7db33a7db33a7db33a7db33a7db33a7db33a7db33a7db
33a7db33a7db33a7db33a7db33a7db33a7db33a7db33a7db33a7db33a7db33a7db33a7db33a7db33aadb32aadb32aadb32aadb32aadb32aadb32aadb32aadb32
aadb32aadb32aadb32aadb32aadb32aadb32aadb32aadb32aadb32aadb32aadb32aadb32aadb32aadb32aadb32aadb32aadb32aadb32aadb32aadb32aadb32aa
db32aadb32aadb32aadb32aadb32aadb32aadb32aadb32aadb32aadb32aadb32aadb32aadb32aadb32aadb32aadb32aadb32aadb32aadb32aadb32aadb32aadb
32aadb32aadb32aadb32aadb32aadb32aadb32aadb32a7db33a7db33a7db33a7db33a7db33a7db33a7db33a7db33a7db33a7db33a7db33a7db33a7db33a7db33
a7db33a7db33a7db33a7db33a7db33a7db33a7db33a7db33a7db33a7db33a7db33a7db33a7db33a7db33a7db33a7db33a7db33a7db33a7db33a7db33a7db33a7
db33a7db33a5da35a5da35a5da35a5da35a5da35a5da35a5da35a5da35a5da35a5da35a5da35a5da35a5da35a5da35a2da37a2da37a2da37a2da37a2da37a2da
37a2da37a2da37a2da37a2da37a2da37a2da37a2da37a2da37a2da379fd9389fd9389fd9389fd9389fd9389fd9389fd9389dd93a9dd93a9dd93a9dd93a9dd93a
9dd93a9dd93a9dd93a9dd93a9dd93a9dd93a9dd93a9dd93a9dd93a9dd93a9ad83c9ad83c9ad83c9ad83c9ad83c9ad83c9ad83c97d83e97d83e97d83e97d83e97
d83e97d83e97d83e92d74192d74192d74192d74192d74192d74192d74192d74190d64390d64390d64390d64390d64390d64390d6438bd5468bd5468bd5468bd5
468bd5468bd5468bd54686d44986d44986d44986d44986d44986d44986d44986d44981d34c81d34c81d34c81d34c81d34c81d34c81d34c79d15179d15179d151
79d15179d15179d15179d15172cf5572cf5572cf5572cf5572cf5572cf5572cf5572cf5569cc5b69cc5b69cc5b69cc5b69cc5b69cc5b69cc5b72cf5572cf5572
cf5572cf5572cf5572cf5572cf5579d15179d15179d15179d15179d15179d15179d15179d15181d34c81d34c81d34c81d34c81d34c81d34c81d34c86d44986d4
4986d44986d44986d44986d44986d4498bd5468bd5468bd5468bd5468bd5468bd5468bd5468bd54690d64390d64390d64390d64390d64390d64390d64392d741
92d74192d74192d74192d74192d74192d74197d83e97d83e97d83e97d83e97d83e97d83e97d83e9ad83c9ad83c9ad83c9ad83c9ad83c9ad83c9ad83c9ad83c9d
d93a9dd93a9dd93a9dd93a9dd93a9dd93a9dd93a9dd93a9dd93a9dd93a9dd93a9dd93a9dd93a9dd93a9fd9389fd9389fd9389fd9389fd9389fd9389fd9389fd9
38a2da37a2da37a2da37a2da37a2da37a2da37a2da37a2da37a2da37a2da37a2da37a2da37a2da37a2da37a5da35a5da35a5da35a5da35a5da35a5da35a5da35
a5da35a5da35a5da35a5da35a5da35a5da35a5da35a5da35a7db33a7db33a7db33a7db33a7db33a7db33a7db33a7db33a7db33a7db33a7db33a7db33a7db33a7
db33a7db33a7db33a7db33a7db33a7db33a7db33a7db33a7db33a7db33a7db33a7db33a7db33a7db33a7db33a7db33a7db33a7db33a7db33a7db33a7db33a7db
33a7db33a7db33aadb32aadb32aadb32aadb32aadb32aadb32aadb32aadb32aadb32aadb32aadb32aadb32aadb32aadb32aadb32aadb32aadb32aadb32aadb32
aadb32aadb32aadb32aadb32aadb32aadb32aadb32aadb32aadb32aadb32aadb32aadb32aadb32aadb32aadb32aadb32aadb32aadb32aadb32aadb32aadb32aa
db32aadb32aadb32aadb32aadb32aadb32aadb32aadb32aadb32aadb32aadb32aadb32aadb32aadb32aadb32aadb32aadb32aadb32a7db33a7db33a7db33a7db
33a7db33a7db33a7db33a7db33a7db33a7db33a7db33a7db33a7db33a7db33a7db33a7db33a7db33a7db33a7db33a7db33a7db33a7db33a7db33a7db33a7db33
a7db33a7db33a7db33a7db33a7db33a7db33a7db33a7db33a7db33a7db33a7db33a7db33a5da35a5da35a5da35a5da35a5da35a5da35a5da35a5da35a5da35a5
da35a5da35a5da35a5da35a5da35a2da37a2da37a2da37a2da37a2da37a2da37a2da37a2da37a2da37a2da37a2da37a2da37a2da37a2da37a2da379fd9389fd9
389fd9389fd9389fd9389fd9389fd9389dd93a9dd93a9dd93a9dd93a9dd93a9dd93a9dd93a9dd93a9dd93a9dd93a9dd93a9dd93a9dd93a9dd93a9dd93a9ad83c
9ad83c9ad83c9ad83c9ad83c9ad83c9ad83c97d83e97d83e97d83e97d83e97d83e97d83e97d83e92d74192d74192d74192d74192d74192d74192d74192d74190
d64390d64390d64390d64390d64390d64390d6438bd5468bd5468bd5468bd5468bd5468bd5468bd54686d44986d44986d44986d44986d44986d44986d44986d4
4981d34c81d34c81d34c81d34c81d34c81d34c81d34c79d15179d15179d15179d15179d15179d15179d15172cf5572cf5572cf5572cf5572cf5572cf5572cf55
72cf5569cc5b69cc5b69cc5b69cc5b69cc5b69cc5b69cc5b72cf5572cf5572cf5572cf5572cf5572cf5572cf5579d15179d15179d15179d15179d15179d15179
d15179d15181d34c81d34c81d34c81d34c81d34c81d34c81d34c86d44986d44986d44986d44986d44986d44986d4498bd5468bd5468bd5468bd5468bd5468bd5
468bd5468bd54690d64390d64390d64390d64390d64390d64390d64392d74192d74192d74192d74192d74192d74192d74197d83e97d83e97d83e97d83e97d83e
97d83e97d83e9ad83c9ad83c9ad83c9ad83c9ad83c9ad83c9ad83c9ad83c9dd93a9dd93a9dd93a9dd93a9dd93a9dd93a9dd93a9dd93a9dd93a9dd93a9dd93a9d
d93a9dd93a9dd93a9fd9389fd9389fd9389fd9389fd9389fd9389fd9389fd938a2da37a2da37a2da37a2da37a2da37a2da37a2da37a2da37a2da37a2da37a2da
37a2da37a2da37a2da37a5da35a5da35a5da35a5da35a5da35a5da35a5da35a5da35a5da35a5da35a5da35a5da35a5da35a5da35a5da35a7db33a7db33a7db33
a7db33a7db33a7db33a7db33a7db33a7db33a7db33a7db33a7db33a7db33a7db33a7db33a7db33a7db33a7db33a7db33a7db33a7db33a7db33a7db33a7db33a7
db33a7db33a7db33a7db33a7db33a7db33a7db33a7db33a7db33a7db33a7db33a7db33a7db33aadb32aadb32aadb32aadb32aadb32aadb32aadb32aadb32aadb
32aadb32aadb32aadb32aadb32aadb32aadb32aadb32aadb32aadb32aadb32aadb32aadb32aadb32aadb32aadb32aadb32aadb32aadb32aadb32aadb32aadb32
aadb32aadb32aadb32aadb32aadb32aadb32aadb32aadb32aadb32aadb32aadb32aadb32aadb32aadb32aadb32aadb32aadb32aadb32aadb32aadb32aadb32aa
db32aadb32aadb32aadb32aadb32aadb32aadb32a7db33a7db33a7db33a7db33a7db33a7db33a7db33a7db33a7db33a7db33a7db33a7db33a7db33a7db33a7db
33a7db33a7db33a7db33a7db33a7db33a7db33a7db33a7db33a7db33a7db33a7db33a7db33a7db33a7db33a7db33a7db33a7db33a7db33a7db33a7db33a7db33
a7db33a5da35a5da35a5da35a5da35a5da35a5da35a5da35a5da35a5da35a5da35a5da35a5da35a5da35a5da35a2da37a2da37a2da37a2da37a2da37a2da37a2
da37a2da37a2da37a2da37a2da37a2da37a2da37a2da37a2da379fd9389fd9389fd9389fd9389fd9389fd9389fd9389dd93a9dd93a9dd93a9dd93a9dd93a9dd9
3a9dd93a9dd93a9dd93a9dd93a9dd93a9dd93a9dd93a9dd93a9dd93a9ad83c9ad83c9ad83c9ad83c9ad83c9ad83c9ad83c97d83e97d83e97d83e97d83e97d83e
97d83e97d83e92d74192d74192d74192d74192d74192d74192d74192d74190d64390d64390d64390d64390d64390d64390d6438bd5468bd5468bd5468bd5468b
d5468bd5468bd54686d44986d44986d44986d44986d44986d44986d44986d44981d34c81d34c81d34c81d34c81d34c81d34c81d34c79d15179d15179d15179d1
5179d15179d15179d15172cf5572cf5572cf5572cf5572cf5572cf5572cf5572cf5569cc5b69cc5b69cc5b69cc5b69cc5b69cc5b69cc5b72cf5572cf5572cf55
72cf5572cf5572cf5572cf5579d15179d15179d15179d15179d15179d15179d15179d15181d34c81d34c81d34c81d34c81d34c81d34c81d34c86d44986d44986
d44986d44986d44986d44986d4498bd5468bd5468bd5468bd5468bd5468bd5468bd5468bd54690d64390d64390d64390d64390d64390d64390d64392d74192d7
4192d74192d74192d74192d74192d74197d83e97d83e97d83e97d83e97d83e97d83e97d83e9ad83c9ad83c9ad83c9ad83c9ad83c9ad83c9ad83c9ad83c9dd93a
9dd93a9dd93a9dd93a9dd93a9dd93a9dd93a9dd93a9dd93a9dd93a9dd93a9dd93a9dd93a9dd93a9fd9389fd9389fd9389fd9389fd9389fd9389fd9389fd938a2
da37a2da37a2da37a2da37a2da37a2da37a2da37a2da37a2da37a2da37a2da37a2da37a2da37a2da37a5da35a5da35a5da35a5da35a5da35a5da35a5da35a5da
35a5da35a5da35a5da35a5da35a5da35a5da35a5da35a7db33a7db33a7db33a7db33a7db33a7db33a7db33a7db33a7db33a7db33a7db33a7db33a7db33a7db33
a7db33a7db33a7db33a7db33a7db33a7db33a7db33a7db33a7db33a7db33a7db33a7db33a7db33a7db33a7db33a7db33a7db33a7db33a7db33a7db33a7db33a7
db33a7db33aadb32aadb32aadb32aadb32aadb32aadb32aadb32aadb32aadb32aadb32aadb32aadb32aadb32aadb32aadb32aadb32aadb32aadb32aadb32aadb
32aadb32aadb32aadb32aadb32aadb32aadb32aadb32aadb32aadb32aadb32aadb32aadb32aadb32aadb32aadb32aadb32aadb32aadb32aadb32aadb32aadb32
aadb32aadb32aadb32aadb32aadb32aadb32aadb32aadb32aadb32aadb32aadb32aadb32aadb32aadb32aadb32aadb32aadb32a7db33a7db33a7db33a7db33a7
db33a7db33a7db33a7db33a7db33a7db33a7db33a7db33a7db33a7db33a7db33a7db33a7db33a7db33a7db33a7db33a7db33a7db33a7db33a7db33a7db33a7db
33a7db33a7db33a7db33a7db33a7db33a7db33a7db33a7db33a7db33a7db33a7db33a5da35a5da35a5da35a5da35a5da35a5da35a5da35a5da35a5da35a5da35
a5da35a5da35a5da35a5da35a2da37a2da37a2da37a2da37a2da37a2da37a2da37a2da37a2da37a2da37a2da37a2da37a2da37a2da37a2da379fd9389fd9389f
d9389fd9389fd9389fd9389fd9389dd93a9dd93a9dd93a9dd93a9dd93a9dd93a9dd93a9dd93a9dd93a9dd93a9dd93a9dd93a9dd93a9dd93a9dd93a9ad83c9ad8
3c9ad83c9ad83c9ad83c9ad83c9ad83c97d83e97d83e97d83e97d83e97d83e97d83e97d83e92d74192d74192d74192d74192d74192d74192d74192d74190d643
90d64390d64390d64390d64390d64390d6438bd5468bd5468bd5468bd5468bd5468bd5468bd54686d44986d44986d44986d44986d44986d44986d44986d44981
d34c81d34c81d34c81d34c81d34c81d34c81d34c79d15179d15179d15179d15179d15179d15179d15172cf5572cf5572cf5572cf5572cf5572cf5572cf5572cf
5569cc5b69cc5b69cc5b69cc5b69cc5b69cc5b69cc5b72cf5572cf5572cf5572cf5572cf5572cf5572cf5579d15179d15179d15179d15179d15179d15179d151
79d15181d34c81d34c81d34c81d34c81d34c81d34c81d34c86d44986d44986d44986d44986d44986d44986d4498bd5468bd5468bd5468bd5468bd5468bd5468b
d5468bd54690d64390d64390d64390d64390d64390d64390d64392d74192d74192d74192d74192d74192d74192d74197d83e97d83e97d83e97d83e97d83e97d8
3e97d83e9ad83c9ad83c9ad83c9ad83c9ad83c9ad83c9ad83c9ad83c9dd93a9dd93a9dd93a9dd93a9dd93a9dd93a9dd93a9dd93a9dd93a9dd93a9dd93a9dd93a
9dd93a9dd93a9fd9389fd9389fd9389fd9389fd9389fd9389fd9389fd938a2da37a2da37a2da37a2da37a2da37a2da37a2da37a2da37a2da37a2da37a2da37a2
da37a2da37a2da37a5da35a5da35a5da35a5da35a5da35a5da35a5da35a5da35a5da35a5da35a5da35a5da35a5da35a5da35a5da35a7db33a7db33a7db33a7db
33a7db33a7db33a7db33a7db33a7db33a7db33a7db33a7db33a7db33a7db33a7db33a7db33a7db33a7db33a7db33a7db33a7db33a7db33a7db33a7db33a7db33
a7db33a7db33a7db33a7db33a7db33a7db33a7db33a7db33a7db33a7db33a7db33a7db33aadb32aadb32aadb32aadb32aadb32aadb32aadb32aadb32aadb32aa
db32aadb32aadb32aadb32aadb32aadb32aadb32aadb32aadb32aadb32aadb32aadb32aadb32aadb32aadb32aadb32aadb32aadb32aadb32aadb32aadb32aadb
32aadb32aadb32aadb32aadb32aadb32aadb32aadb32aadb32aadb32aadb32aadb32aadb32aadb32aadb32aadb32aadb32aadb32aadb32aadb32aadb32aadb32
aadb32aadb32aadb32aadb32aadb32aadb32a7db33a7db33a7db33a7db33a7db33a7db33a7db33a7db33a7db33a7db33a7db33a7db33a7db33a7db33a7db33a7
db33a7db33a7db33a7db33a7db33a7db33a7db33a7db33a7db33a7db33a7db33a7db33a7db33a7db33a7db33a7db33a7db33a7db33a7db33a7db33a7db33a7db
33a5da35a5da35a5da35a5da35a5da35a5da35a5da35a5da35a5da35a5da35a5da35a5da35a5da35a5da35a2da37a2da37a2da37a2da37a2da37a2da37a2da37
a2da37a2da37a2da37a2da37a2da37a2da37a2da37a2da379fd9389fd9389fd9389fd9389fd9389fd9389fd9389dd93a9dd93a9dd93a9dd93a9dd93a9dd93a9d
d93a9dd93a9dd93a9dd93a9dd93a9dd93a9dd93a9dd93a9dd93a9ad83c9ad83c9ad83c9ad83c9ad83c9ad83c9ad83c97d83e97d83e97d83e97d83e97d83e97d8
3e97d83e92d74192d74192d74192d74192d74192d74192d74192d74190d64390d64390d64390d64390d64390d64390d6438bd5468bd5468bd5468bd5468bd546
8bd5468bd54686d44986d44986d44986d44986d44986d44986d44986d44981d34c81d34c81d34c81d34c81d34c81d34c81d34c79d15179d15179d15179d15179
d15179d15179d15172cf5572cf5572cf5572cf5572cf5572cf5572cf5572cf5569cc5b69cc5b69cc5b69cc5b69cc5b69cc5b69cc5b72cf5572cf5572cf5572cf
5572cf5572cf5572cf5579d15179d15179d15179d15179d15179d15179d15179d15181d34c81d34c81d34c81d34c81d34c81d34c81d34c86d44986d44986d449
86d44986d44986d44986d4498bd5468bd5468bd5468bd5468bd5468bd5468bd5468bd54690d64390d64390d64390d64390d64390d64390d64392d74192d74192
d74192d74192d74192d74192d74197d83e97d83e97d83e97d83e97d83e97d83e97d83e9ad83c9ad83c9ad83c9ad83c9ad83c9ad83c9ad83c9ad83c9dd93a9dd9
3a9dd93a9dd93a9dd93a9dd93a9dd93a9dd93a9dd93a9dd93a9dd93a9dd93a9dd93a9dd93a9fd9389fd9389fd9389fd9389fd9389fd9389fd9389fd938a2da37
a2da37a2da37a2da37a2da37a2da37a2da37a2da37a2da37a2da37a2da37a2da37a2da37a2da37a5da35a5da35a5da35a5da35a5da35a5da35a5da35a5da35a5
da35a5da35a5da35a5da35a5da35a5da35a5da35a7db33a7db33a7db33a7db33a7db33a7db33a7db33a7db33a7db33a7db33a7db33a7db33a7db33a7db33a7db
33a7db33a7db33a7db33a7db33a7db33a7db33a7db33a7db33a7db33a7db33a7db33a7db33a7db33a7db33a7db33a7db33a7db33a7db33a7db33a7db33a7db33
a7db33aadb32aadb32aadb32aadb32aadb32aadb32aadb32aadb32aadb32aadb32aadb32aadb32aadb32aadb32aadb32aadb32aadb32aadb32aadb32aadb32aa
db32aadb32aadb32aadb32aadb32aadb32aadb32aadb32aadb32aadb32aadb32aadb32aadb32aadb32aadb32aadb32aadb32aadb32aadb32aadb32aadb32aadb
32aadb32aadb32aadb32aadb32aadb32aadb32aadb32aadb32aadb32aadb32aadb32aadb32aadb32aadb32aadb32aadb32a7db33a7db33a7db33a7db33a7db33
a7db33a7db33a7db33a7db33a7db33a7db33a7db33a7db33a7db33a7db33a7db33a7db33a7db33a7db33a7db33a7db33a7db33a7db33a7db33a7db33a7db33a7
db33a7db33a7db33a7db33a7db33a7db33a7db33a7db33a7db33a7db33a7db33a5da35a5da35a5da35a5da35a5da35a5da35a5da35a5da35a5da35a5da35a5da
35a5da35a5da35a5da35a2da37a2da37a2da37a2da37a2da37a2da37a2da37a2da37a2da37a2da37a2da37a2da37a2da37a2da37a2da379fd9389fd9389fd938
9fd9389fd9389fd9389fd9389dd93a9dd93a9dd93a9dd93a9dd93a9dd93a9dd93a9dd93a9dd93a9dd93a9dd93a9dd93a9dd93a9dd93a9dd93a9ad83c9ad83c9a
d83c9ad83c9ad83c9ad83c9ad83c97d83e97d83e97d83e97d83e97d83e97d83e97d83e92d74192d74192d74192d74192d74192d74192d74192d74190d64390d6
4390d64390d64390d64390d64390d6438bd5468bd5468bd5468bd5468bd5468bd5468bd54686d44986d44986d44986d44986d44986d44986d44986d44981d34c
81d34c81d34c81d34c81d34c81d34c81d34c79d15179d15179d15179d15179d15179d15179d15172cf5572cf5572cf5572cf5572cf5572cf5572cf5572cf5569
cc5b69cc5b69cc5b69cc5b69cc5b69cc5b69cc5b60c96060c96060c96060c96060c96060c96060c96067cc5c67cc5c67cc5c67cc5c67cc5c67cc5c67cc5c67cc
5c6dce586dce586dce586dce586dce586dce586dce5872cf5572cf5572cf5572cf5572cf5572cf5572cf5577d05277d05277d05277d05277d05277d05277d052
77d0527cd24f7cd24f7cd24f7cd24f7cd24f7cd24f7cd24f81d34c81d34c81d34c81d34c81d34c81d34c81d34c83d34b83d34b83d34b83d34b83d34b83d34b83
d34b86d44986d44986d44986d44986d44986d44986d44986d44988d54788d54788d54788d54788d54788d54788d5478bd5468bd5468bd5468bd5468bd5468bd5
468bd5468dd6448dd6448dd6448dd6448dd6448dd6448dd6448dd64490d64390d64390d64390d64390d64390d64390d64390d64390d64390d64390d64390d643
90d64390d64392d74192d74192d74192d74192d74192d74192d74192d74192d74192d74192d74192d74192d74192d74192d74195d73f95d73f95d73f95d73f95
d73f95d73f95d73f95d73f95d73f95d73f95d73f95d73f95d73f95d73f95d73f97d83e97d83e97d83e97d83e97d83e97d83e97d83e97d83e97d83e97d83e97d8
3e97d83e97d83e97d83e97d83e97d83e97d83e97d83e97d83e97d83e97d83e97d83e97d83e97d83e97d83e97d83e97d83e97d83e97d83e97d83e97d83e97d83e
97d83e97d83e97d83e97d83e97d83e97d83e97d83e97d83e97d83e97d83e97d83e97d83e97d83e97d83e97d83e97d83e97d83e97d83e97d83e97d83e97d83e97
d83e97d83e97d83e97d83e97d83e97d83e97d83e97d83e97d83e97d83e97d83e97d83e97d83e97d83e97d83e97d83e97d83e97d83e97d83e97d83e97d83e97d8
3e97d83e97d83e97d83e97d83e97d83e97d83e97d83e97d83e97d83e97d83e97d83e97d83e97d83e97d83e97d83e97d83e97d83e97d83e97d83e97d83e97d83e
97d83e97d83e97d83e97d83e97d83e97d83e95d73f95d73f95d73f95d73f95d73f95d73f95d73f95d73f95d73f95d73f95d73f95d73f95d73f95d73f95d73f92
d74192d74192d74192d74192d74192d74192d74192d74192d74192d74192d74192d74192d74192d74190d64390d64390d64390d64390d64390d64390d64390d6
4390d64390d64390d64390d64390d64390d64390d6438dd6448dd6448dd6448dd6448dd6448dd6448dd6448bd5468bd5468bd5468bd5468bd5468bd5468bd546
8bd54688d54788d54788d54788d54788d54788d54788d54786d44986d44986d44986d44986d44986d44986d44983d34b83d34b83d34b83d34b83d34b83d34b83
d34b81d34c81d34c81d34c81d34c81d34c81d34c81d34c81d34c7cd24f7cd24f7cd24f7cd24f7cd24f7cd24f7cd24f77d05277d05277d05277d05277d05277d0
5277d05272cf5572cf5572cf5572cf5572cf5572cf5572cf5572cf556dce586dce586dce586dce586dce586dce586dce5867cc5c67cc5c67cc5c67cc5c67cc5c
67cc5c67cc5c60c96060c96060c96060c96060c96060c96060c96060c96057c66557c66557c66557c66557c66557c66557c66560c96060c96060c96060c96060
c96060c96060c96067cc5c67cc5c67cc5c67cc5c67cc5c67cc5c67cc5c67cc5c6dce586dce586dce586dce586dce586dce586dce5872cf5572cf5572cf5572cf
5572cf5572cf5572cf5577d05277d05277d05277d05277d05277d05277d05277d0527cd24f7cd24f7cd24f7cd24f7cd24f7cd24f7cd24f81d34c81d34c81d34c
81d34c81d34c81d34c81d34c83d34b83d34b83d34b83d34b83d34b83d34b83d34b86d44986d44986d44986d44986d44986d44986d44986d44988d54788d54788
d54788d54788d54788d54788d5478bd5468bd5468bd5468bd5468bd5468bd5468bd5468dd6448dd6448dd6448dd6448dd6448dd6448dd6448dd64490d64390d6
4390d64390d64390d64390d64390d64390d64390d64390d64390d64390d64390d64390d64392d74192d74192d74192d74192d74192d74192d74192d74192d741
92d74192d74192d74192d74192d74192d74195d73f95d73f95d73f95d73f95d73f95d73f95d73f95d73f95d73f95d73f95d73f95d73f95d73f95d73f95d73f97
d83e97d83e97d83e97d83e97d83e97d83e97d83e97d83e97d83e97d83e97d83e97d83e97d83e97d83e97d83e97d83e97d83e97d83e97d83e97d83e97d83e97d8
3e97d83e97d83e97d83e97d83e97d83e97d83e97d83e97d83e97d83e97d83e97d83e97d83e97d83e97d83e97d83e97d83e97d83e97d83e97d83e97d83e97d83e
97d83e97d83e97d83e97d83e97d83e97d83e97d83e97d83e97d83e97d83e97d83e97d83e97d83e97d83e97d83e97d83e97d83e97d83e97d83e97d83e97d83e97
d83e97d83e97d83e97d83e97d83e97d83e97d83e97d83e97d83e97d83e97d83e97d83e97d83e97d83e97d83e97d83e97d83e97d83e97d83e97d83e97d83e97d8
3e97d83e97d83e97d83e97d83e97d83e97d83e97d83e97d83e97d83e97d83e97d83e97d83e97d83e97d83e97d83e97d83e95d73f95d73f95d73f95d73f95d73f
95d73f95d73f95d73f95d73f95d73f95d73f95d73f95d73f95d73f95d73f92d74192d74192d74192d74192d74192d74192d74192d74192d74192d74192d74192
d74192d74192d74190d64390d64390d64390d64390d64390d64390d64390d64390d64390d64390d64390d64390d64390d64390d6438dd6448dd6448dd6448dd6
448dd6448dd6448dd6448bd5468bd5468bd5468bd5468bd5468bd5468bd5468bd54688d54788d54788d54788d54788d54788d54788d54786d44986d44986d449
86d44986d44986d44986d44983d34b83d34b83d34b83d34b83d34b83d34b83d34b81d34c81d34c81d34c81d34c81d34c81d34c81d34c81d34c7cd24f7cd24f7c
d24f7cd24f7cd24f7cd24f7cd24f77d05277d05277d05277d05277d05277d05277d05272cf5572cf5572cf5572cf5572cf5572cf5572cf5572cf556dce586dce
586dce586dce586dce586dce586dce5867cc5c67cc5c67cc5c67cc5c67cc5c67cc5c67cc5c60c96060c96060c96060c96060c96060c96060c96060c96057c665
57c66557c66557c66557c66557c66557c66560c96060c96060c96060c96060c96060c96060c96067cc5c67cc5c67cc5c67cc5c67cc5c67cc5c67cc5c67cc5c6d
ce586dce586dce586dce586dce586dce586dce5872cf5572cf5572cf5572cf5572cf5572cf5572cf5577d05277d05277d05277d05277d05277d05277d05277d0
527cd24f7cd24f7cd24f7cd24f7cd24f7cd24f7cd24f81d34c81d34c81d34c81d34c81d34c81d34c81d34c83d34b83d34b83d34b83d34b83d34b83d34b83d34b
86d44986d44986d44986d44986d44986d44986d44986d44988d54788d54788d54788d54788d54788d54788d5478bd5468bd5468bd5468bd5468bd5468bd5468b
d5468dd6448dd6448dd6448dd6448dd6448dd6448dd6448dd64490d64390d64390d64390d64390d64390d64390d64390d64390d64390d64390d64390d64390d6
4390d64392d74192d74192d74192d74192d74192d74192d74192d74192d74192d74192d74192d74192d74192d74192d74195d73f95d73f95d73f95d73f95d73f
95d73f95d73f95d73f95d73f95d73f95d73f95d73f95d73f95d73f95d73f97d83e97d83e97d83e97d83e97d83e97d83e97d83e97d83e97d83e97d83e97d83e97
d83e97d83e97d83e97d83e97d83e97d83e97d83e97d83e97d83e97d83e97d83e97d83e97d83e97d83e97d83e97d83e97d83e97d83e97d83e97d83e97d83e97d8
3e97d83e97d83e97d83e97d83e97d83e97d83e97d83e97d83e97d83e97d83e97d83e97d83e97d83e97d83e97d83e97d83e97d83e97d83e97d83e97d83e97d83e
97d83e97d83e97d83e97d83e97d83e97d83e97d83e97d83e97d83e97d83e97d83e97d83e97d83e97d83e97d83e97d83e97d83e97d83e97d83e97d83e97d83e97
d83e97d83e97d83e97d83e97d83e97d83e97d83e97d83e97d83e97d83e97d83e97d83e97d83e97d83e97d83e97d83e97d83e97d83e97d83e97d83e97d83e97d8
3e97d83e97d83e97d83e97d83e97d83e95d73f95d73f95d73f95d73f95d73f95d73f95d73f95d73f95d73f95d73f95d73f95d73f95d73f95d73f95d73f92d741
92d74192d74192d74192d74192d74192d74192d74192d74192d74192d74192d74192d74192d74190d64390d64390d64390d64390d64390d64390d64390d64390
d64390d64390d64390d64390d64390d64390d6438dd6448dd6448dd6448dd6448dd6448dd6448dd6448bd5468bd5468bd5468bd5468bd5468bd5468bd5468bd5
4688d54788d54788d54788d54788d54788d54788d54786d44986d44986d44986d44986d44986d44986d44983d34b83d34b83d34b83d34b83d34b83d34b83d34b
81d34c81d34c81d34c81d34c81d34c81d34c81d34c81d34c7cd24f7cd24f7cd24f7cd24f7cd24f7cd24f7cd24f77d05277d05277d05277d05277d05277d05277
d05272cf5572cf5572cf5572cf5572cf5572cf5572cf5572cf556dce586dce586dce586dce586dce586dce586dce5867cc5c67cc5c67cc5c67cc5c67cc5c67cc
5c67cc5c60c96060c96060c96060c96060c96060c96060c96060c96057c66557c66557c66557c66557c66557c66557c66560c96060c96060c96060c96060c960
60c96060c96067cc5c67cc5c67cc5c67cc5c67cc5c67cc5c67cc5c67cc5c6dce586dce586dce586dce586dce586dce586dce5872cf5572cf5572cf5572cf5572
cf5572cf5572cf5577d05277d05277d05277d05277d05277d05277d05277d0527cd24f7cd24f7cd24f7cd24f7cd24f7cd24f7cd24f81d34c81d34c81d34c81d3
4c81d34c81d34c81d34c83d34b83d34b83d34b83d34b83d34b83d34b83d34b86d44986d44986d44986d44986d44986d44986d44986d44988d54788d54788d547
88d54788d54788d54788d5478bd5468bd5468bd5468bd5468bd5468bd5468bd5468dd6448dd6448dd6448dd6448dd6448dd6448dd6448dd64490d64390d64390
d64390d64390d64390d64390d64390d64390d64390d64390d64390d64390d64390d64392d74192d74192d74192d74192d74192d74192d74192d74192d74192d7
4192d74192d74192d74192d74192d74195d73f95d73f95d73f95d73f95d73f95d73f95d73f95d73f95d73f95d73f95d73f95d73f95d73f95d73f95d73f97d83e
97d83e97d83e97d83e97d83e97d83e97d83e97d83e97d83e97d83e97d83e97d83e97d83e97d83e97d83e97d83e97d83e97d83e97d83e97d83e97d83e97d83e97
d83e97d83e97d83e97d83e97d83e97d83e97d83e97d83e97d83e97d83e97d83e97d83e97d83e97d83e97d83e97d83e97d83e97d83e97d83e97d83e97d83e97d8
3e97d83e97d83e97d83e97d83e97d83e97d83e97d83e97d83e97d83e97d83e97d83e97d83e97d83e97d83e97d83e97d83e97d83e97d83e97d83e97d83e97d83e
97d83e97d83e97d83e97d83e97d83e97d83e97d83e97d83e97d83e97d83e97d83e97d83e97d83e97d83e97d83e97d83e97d83e97d83e97d83e97d83e97d83e97
d83e97d83e97d83e97d83e97d83e97d83e97d83e97d83e97d83e97d83e97d83e97d83e97d83e97d83e97d83e97d83e95d73f95d73f95d73f95d73f95d73f95d7
3f95d73f95d73f95d73f95d73f95d73f95d73f95d73f95d73f95d73f92d74192d74192d74192d74192d74192d74192d74192d74192d74192d74192d74192d741
92d74192d74190d64390d64390d64390d64390d64390d64390d64390d64390d64390d64390d64390d64390d64390d64390d6438dd6448dd6448dd6448dd6448d
d6448dd6448dd6448bd5468bd5468bd5468bd5468bd5468bd5468bd5468bd54688d54788d54788d54788d54788d54788d54788d54786d44986d44986d44986d4
4986d44986d44986d44983d34b83d34b83d34b83d34b83d34b83d34b83d34b81d34c81d34c81d34c81d34c81d34c81d34c81d34c81d34c7cd24f7cd24f7cd24f
7cd24f7cd24f7cd24f7cd24f77d05277d05277d05277d05277d05277d05277d05272cf5572cf5572cf5572cf5572cf5572cf5572cf5572cf556dce586dce586d
ce586dce586dce586dce586dce5867cc5c67cc5c67cc5c67cc5c67cc5c67cc5c67cc5c60c96060c96060c96060c96060c96060c96060c96060c96057c66557c6
6557c66557c66557c66557c66557c66560c96060c96060c96060c96060c96060c96060c96067cc5c67cc5c67cc5c67cc5c67cc5c67cc5c67cc5c67cc5c6dce58
6dce586dce586dce586dce586dce586dce5872cf5572cf5572cf5572cf5572cf5572cf5572cf5577d05277d05277d05277d05277d05277d05277d05277d0527c
d24f7cd24f7cd24f7cd24f7cd24f7cd24f7cd24f81d34c81d34c81d34c81d34c81d34c81d34c81d34c83d34b83d34b83d34b83d34b83d34b83d34b83d34b86d4
4986d44986d44986d44986d44986d44986d44986d44988d54788d54788d54788d54788d54788d54788d5478bd5468bd5468bd5468bd5468bd5468bd5468bd546
8dd6448dd6448dd6448dd6448dd6448dd6448dd6448dd64490d64390d64390d64390d64390d64390d64390d64390d64390d64390d64390d64390d64390d64390
d64392d74192d74192d74192d74192d74192d74192d74192d74192d74192d74192d74192d74192d74192d74192d74195d73f95d73f95d73f95d73f95d73f95d7
3f95d73f95d73f95d73f95d73f95d73f95d73f95d73f95d73f95d73f97d83e97d83e97d83e97d83e97d83e97d83e97d83e97d83e97d83e97d83e97d83e97d83e
97d83e97d83e97d83e97d83e97d83e97d83e97d83e97d83e97d83e97d83e97d83e97d83e97d83e97d83e97d83e97d83e97d83e97d83e97d83e97d83e97d83e97
d83e97d83e97d83e97d83e97d83e97d83e97d83e97d83e97d83e97d83e97d83e97d83e97d83e97d83e97d83e97d83e97d83e97d83e97d83e97d83e97d83e97d8
3e97d83e97d83e97d83e97d83e97d83e97d83e97d83e97d83e97d83e97d83e97d83e97d83e97d83e97d83e97d83e97d83e97d83e97d83e97d83e97d83e97d83e
97d83e97d83e97d83e97d83e97d83e97d83e97d83e97d83e97d83e97d83e97d83e97d83e97d83e97d83e97d83e97d83e97d83e97d83e97d83e97d83e97d83e97
d83e97d83e97d83e97d83e97d83e95d73f95d73f95d73f95d73f95d73f95d73f95d73f95d73f95d73f95d73f95d73f95d73f95d73f95d73f95d73f92d74192d7
4192d74192d74192d74192d74192d74192d74192d74192d74192d74192d74192d74192d74190d64390d64390d64390d64390d64390d64390d64390d64390d643
90d64390d64390d64390d64390d64390d6438dd6448dd6448dd6448dd6448dd6448dd6448dd6448bd5468bd5468bd5468bd5468bd5468bd5468bd5468bd54688
d54788d54788d54788d54788d54788d54788d54786d44986d44986d44986d44986d44986d44986d44983d34b83d34b83d34b83d34b83d34b83d34b83d34b81d3
4c81d34c81d34c81d34c81d34c81d34c81d34c81d34c7cd24f7cd24f7cd24f7cd24f7cd24f7cd24f7cd24f77d05277d05277d05277d05277d05277d05277d052
72cf5572cf5572cf5572cf5572cf5572cf5572cf5572cf556dce586dce586dce586dce586dce586dce586dce5867cc5c67cc5c67cc5c67cc5c67cc5c67cc5c67
cc5c60c96060c96060c96060c96060c96060c96060c96060c96057c66557c66557c66557c66557c66557c66557c66560c96060c96060c96060c96060c96060c9
6060c96067cc5c67cc5c67cc5c67cc5c67cc5c67cc5c67cc5c67cc5c6dce586dce586dce586dce586dce586dce586dce5872cf5572cf5572cf5572cf5572cf55
72cf5572cf5577d05277d05277d05277d05277d05277d05277d05277d0527cd24f7cd24f7cd24f7cd24f7cd24f7cd24f7cd24f81d34c81d34c81d34c81d34c81
d34c81d34c81d34c83d34b83d34b83d34b83d34b83d34b83d34b83d34b86d44986d44986d44986d44986d44986d44986d44986d44988d54788d54788d54788d5
4788d54788d54788d5478bd5468bd5468bd5468bd5468bd5468bd5468bd5468dd6448dd6448dd6448dd6448dd6448dd6448dd6448dd64490d64390d64390d643
90d64390d64390d64390d64390d64390d64390d64390d64390d64390d64390d64392d74192d74192d74192d74192d74192d74192d74192d74192d74192d74192
d74192d74192d74192d74192d74195d73f95d73f95d73f95d73f95d73f95d73f95d73f95d73f95d73f95d73f95d73f95d73f95d73f95d73f95d73f97d83e97d8
3e97d83e97d83e97d83e97d83e97d83e97d83e97d83e97d83e97d83e97d83e97d83e97d83e97d83e97d83e97d83e97d83e97d83e97d83e97d83e97d83e97d83e
97d83e97d83e97d83e97d83e97d83e97d83e97d83e97d83e97d83e97d83e97d83e97d83e97d83e97d83e97d83e97d83e97d83e97d83e97d83e97d83e97d83e97
d83e97d83e97d83e97d83e97d83e97d83e97d83e97d83e97d83e97d83e97d83e97d83e97d83e97d83e97d83e97d83e97d83e97d83e97d83e97d83e97d83e97d8
3e97d83e97d83e97d83e97d83e97d83e97d83e97d83e97d83e97d83e97d83e97d83e97d83e97d83e97d83e97d83e97d83e97d83e97d83e97d83e97d83e97d83e
97d83e97d83e97d83e97d83e97d83e97d83e97d83e97d83e97d83e97d83e97d83e97d83e97d83e97d83e97d83e95d73f95d73f95d73f95d73f95d73f95d73f95
d73f95d73f95d73f95d73f95d73f95d73f95d73f95d73f95d73f92d74192d74192d74192d74192d74192d74192d74192d74192d74192d74192d74192d74192d7
4192d74190d64390d64390d64390d64390d64390d64390d64390d64390d64390d64390d64390d64390d64390d64390d6438dd6448dd6448dd6448dd6448dd644
8dd6448dd6448bd5468bd5468bd5468bd5468bd5468bd5468bd5468bd54688d54788d54788d54788d54788d54788d54788d54786d44986d44986d44986d44986
d44986d44986d44983d34b83d34b83d34b83d34b83d34b83d34b83d34b81d34c81d34c81d34c81d34c81d34c81d34c81d34c81d34c7cd24f7cd24f7cd24f7cd2
4f7cd24f7cd24f7cd24f77d05277d05277d05277d05277d05277d05277d05272cf5572cf5572cf5572cf5572cf5572cf5572cf5572cf556dce586dce586dce58
6dce586dce586dce586dce5867cc5c67cc5c67cc5c67cc5c67cc5c67cc5c67cc5c60c96060c96060c96060c96060c96060c96060c96060c96057c66557c66557
c66557c66557c66557c66557c66560c96060c96060c96060c96060c96060c96060c96067cc5c67cc5c67cc5c67cc5c67cc5c67cc5c67cc5c67cc5c6dce586dce
586dce586dce586dce586dce586dce5872cf5572cf5572cf5572cf5572cf5572cf5572cf5577d05277d05277d05277d05277d05277d05277d05277d0527cd24f
7cd24f7cd24f7cd24f7cd24f7cd24f7cd24f81d34c81d34c81d34c81d34c81d34c81d34c81d34c83d34b83d34b83d34b83d34b83d34b83d34b83d34b86d44986
d44986d44986d44986d44986d44986d44986d44988d54788d54788d54788d54788d54788d54788d5478bd5468bd5468bd5468bd5468bd5468bd5468bd5468dd6
448dd6448dd6448dd6448dd6448dd6448dd6448dd64490d64390d64390d64390d64390d64390d64390d64390d64390d64390d64390d64390d64390d64390d643
92d74192d74192d74192d74192d74192d74192d74192d74192d74192d74192d74192d74192d74192d74192d74195d73f95d73f95d73f95d73f95d73f95d73f95
d73f95d73f95d73f95d73f95d73f95d73f95d73f95d73f95d73f97d83e97d83e97d83e97d83e97d83e97d83e97d83e97d83e97d83e97d83e97d83e97d83e97d8
3e97d83e97d83e97d83e97d83e97d83e97d83e97d83e97d83e97d83e97d83e97d83e97d83e97d83e97d83e97d83e97d83e97d83e97d83e97d83e97d83e97d83e
97d83e97d83e97d83e97d83e97d83e97d83e97d83e97d83e97d83e97d83e97d83e97d83e97d83e97d83e97d83e97d83e97d83e97d83e97d83e97d83e97d83e97
d83e97d83e97d83e97d83e97d83e97d83e97d83e97d83e97d83e97d83e97d83e97d83e97d83e97d83e97d83e97d83e97d83e97d83e97d83e97d83e97d83e97d8
3e97d83e97d83e97d83e97d83e97d83e97d83e97d83e97d83e97d83e97d83e97d83e97d83e97d83e97d83e97d83e97d83e97d83e97d83e97d83e97d83e97d83e
97d83e97d83e97d83e97d83e95d73f95d73f95d73f95d73f95d73f95d73f95d73f95d73f95d73f95d73f95d73f95d73f95d73f95d73f95d73f92d74192d74192
d74192d74192d74192d74192d74192d74192d74192d74192d74192d74192d74192d74190d64390d64390d64390d64390d64390d64390d64390d64390d64390d6
4390d64390d64390d64390d64390d6438dd6448dd6448dd6448dd6448dd6448dd6448dd6448bd5468bd5468bd5468bd5468bd5468bd5468bd5468bd54688d547
88d54788d54788d54788d54788d54788d54786d44986d44986d44986d44986d44986d44986d44983d34b83d34b83d34b83d34b83d34b83d34b83d34b81d34c81
d34c81d34c81d34c81d34c81d34c81d34c81d34c7cd24f7cd24f7cd24f7cd24f7cd24f7cd24f7cd24f77d05277d05277d05277d05277d05277d05277d05272cf
5572cf5572cf5572cf5572cf5572cf5572cf5572cf556dce586dce586dce586dce586dce586dce586dce5867cc5c67cc5c67cc5c67cc5c67cc5c67cc5c67cc5c
60c96060c96060c96060c96060c96060c96060c96060c96057c66557c66557c66557c66557c66557c66557c6654fc3694fc3694fc3694fc3694fc3694fc3694f
c36955c66655c66655c66655c66655c66655c66655c66655c6665bc8625bc8625bc8625bc8625bc8625bc8625bc86260c96060c96060c96060c96060c96060c9
6060c96067cc5c67cc5c67cc5c67cc5c67cc5c67cc5c67cc5c67cc5c6bcd596bcd596bcd596bcd596bcd596bcd596bcd596dce586dce586dce586dce586dce58
6dce586dce5872cf5572cf5572cf5572cf5572cf5572cf5572cf5574d05474d05474d05474d05474d05474d05474d05474d05477d05277d05277d05277d05277
d05277d05277d05279d15179d15179d15179d15179d15179d15179d1517cd24f7cd24f7cd24f7cd24f7cd24f7cd24f7cd24f7cd24f7ed24e7ed24e7ed24e7ed2
4e7ed24e7ed24e7ed24e81d34c81d34c81d34c81d34c81d34c81d34c81d34c81d34c81d34c81d34c81d34c81d34c81d34c81d34c81d34c83d34b83d34b83d34b
83d34b83d34b83d34b83d34b83d34b83d34b83d34b83d34b83d34b83d34b83d34b86d44986d44986d44986d44986d44986d44986d44986d44986d44986d44986
d44986d44986d44986d44986d44986d44986d44986d44986d44986d44986d44986d44988d54788d54788d54788d54788d54788d54788d54788d54788d54788d5
4788d54788d54788d54788d54788d54788d54788d54788d54788d54788d54788d54788d54788d54788d54788d54788d54788d54788d54788d54788d54788d547
88d54788d54788d54788d54788d54788d54788d54788d54788d54788d54788d54788d54788d54788d54788d54788d54788d54788d54788d54788d54788d54788
d54788d54788d54788d54788d54788d54788d54788d54788d54788d54788d54788d54788d54788d54788d54788d54788d54788d54788d54788d54788d54786d4
4986d44986d44986d44986d44986d44986d44986d44986d44986d44986d44986d44986d44986d44986d44986d44986d44986d44986d44986d44986d44986d449
83d34b83d34b83d34b83d34b83d34b83d34b83d34b83d34b83d34b83d34b83d34b83d34b83d34b83d34b83d34b81d34c81d34c81d34c81d34c81d34c81d34c81
d34c81d34c81d34c81d34c81d34c81d34c81d34c81d34c81d34c7ed24e7ed24e7ed24e7ed24e7ed24e7ed24e7ed24e7cd24f7cd24f7cd24f7cd24f7cd24f7cd2
4f7cd24f79d15179d15179d15179d15179d15179d15179d15179d15177d05277d05277d05277d05277d05277d05277d05274d05474d05474d05474d05474d054
74d05474d05472cf5572cf5572cf5572cf5572cf5572cf5572cf556dce586dce586dce586dce586dce586dce586dce586dce586bcd596bcd596bcd596bcd596b
cd596bcd596bcd5967cc5c67cc5c67cc5c67cc5c67cc5c67cc5c67cc5c60c96060c96060c96060c96060c96060c96060c96060c9605bc8625bc8625bc8625bc8
625bc8625bc8625bc86255c66655c66655c66655c66655c66655c66655c6664fc3694fc3694fc3694fc3694fc3694fc3694fc3694fc36947c06e47c06e47c06e
47c06e47c06e47c06e47c06e4fc3694fc3694fc3694fc3694fc3694fc3694fc36955c66655c66655c66655c66655c66655c66655c66655c6665bc8625bc8625b
c8625bc8625bc8625bc8625bc86260c96060c96060c96060c96060c96060c96060c96067cc5c67cc5c67cc5c67cc5c67cc5c67cc5c67cc5c67cc5c6bcd596bcd
596bcd596bcd596bcd596bcd596bcd596dce586dce586dce586dce586dce586dce586dce5872cf5572cf5572cf5572cf5572cf5572cf5572cf5574d05474d054
74d05474d05474d05474d05474d05474d05477d05277d05277d05277d05277d05277d05277d05279d15179d15179d15179d15179d15179d15179d1517cd24f7c
d24f7cd24f7cd24f7cd24f7cd24f7cd24f7cd24f7ed24e7ed24e7ed24e7ed24e7ed24e7ed24e7ed24e81d34c81d34c81d34c81d34c81d34c81d34c81d34c81d3
4c81d34c81d34c81d34c81d34c81d34c81d34c81d34c83d34b83d34b83d34b83d34b83d34b83d34b83d34b83d34b83d34b83d34b83d34b83d34b83d34b83d34b
86d44986d44986d44986d44986d44986d44986d44986d44986d44986d44986d44986d44986d44986d44986d44986d44986d44986d44986d44986d44986d44986
d44988d54788d54788d54788d54788d54788d54788d54788d54788d54788d54788d54788d54788d54788d54788d54788d54788d54788d54788d54788d54788d5
4788d54788d54788d54788d54788d54788d54788d54788d54788d54788d54788d54788d54788d54788d54788d54788d54788d54788d54788d54788d54788d547
88d54788d54788d54788d54788d54788d54788d54788d54788d54788d54788d54788d54788d54788d54788d54788d54788d54788d54788d54788d54788d54788
d54788d54788d54788d54788d54788d54788d54788d54788d54788d54786d44986d44986d44986d44986d44986d44986d44986d44986d44986d44986d44986d4
4986d44986d44986d44986d44986d44986d44986d44986d44986d44986d44983d34b83d34b83d34b83d34b83d34b83d34b83d34b83d34b83d34b83d34b83d34b
83d34b83d34b83d34b83d34b81d34c81d34c81d34c81d34c81d34c81d34c81d34c81d34c81d34c81d34c81d34c81d34c81d34c81d34c81d34c7ed24e7ed24e7e
d24e7ed24e7ed24e7ed24e7ed24e7cd24f7cd24f7cd24f7cd24f7cd24f7cd24f7cd24f79d15179d15179d15179d15179d15179d15179d15179d15177d05277d0
5277d05277d05277d05277d05277d05274d05474d05474d05474d05474d05474d05474d05472cf5572cf5572cf5572cf5572cf5572cf5572cf556dce586dce58
6dce586dce586dce586dce586dce586dce586bcd596bcd596bcd596bcd596bcd596bcd596bcd5967cc5c67cc5c67cc5c67cc5c67cc5c67cc5c67cc5c60c96060
c96060c96060c96060c96060c96060c96060c9605bc8625bc8625bc8625bc8625bc8625bc8625bc86255c66655c66655c66655c66655c66655c66655c6664fc3
694fc3694fc3694fc3694fc3694fc3694fc3694fc36947c06e47c06e47c06e47c06e47c06e47c06e47c06e4fc3694fc3694fc3694fc3694fc3694fc3694fc369
55c66655c66655c66655c66655c66655c66655c66655c6665bc8625bc8625bc8625bc8625bc8625bc8625bc86260c96060c96060c96060c96060c96060c96060
c96067cc5c67cc5c67cc5c67cc5c67cc5c67cc5c67cc5c67cc5c6bcd596bcd596bcd596bcd596bcd596bcd596bcd596dce586dce586dce586dce586dce586dce
586dce5872cf5572cf5572cf5572cf5572cf5572cf5572cf5574d05474d05474d05474d05474d05474d05474d05474d05477d05277d05277d05277d05277d052
77d05277d05279d15179d15179d15179d15179d15179d15179d1517cd24f7cd24f7cd24f7cd24f7cd24f7cd24f7cd24f7cd24f7ed24e7ed24e7ed24e7ed24e7e
d24e7ed24e7ed24e81d34c81d34c81d34c81d34c81d34c81d34c81d34c81d34c81d34c81d34c81d34c81d34c81d34c81d34c81d34c83d34b83d34b83d34b83d3
4b83d34b83d34b83d34b83d34b83d34b83d34b83d34b83d34b83d34b83d34b86d44986d44986d44986d44986d44986d44986d44986d44986d44986d44986d449
86d44986d44986d44986d44986d44986d44986d44986d44986d44986d44986d44988d54788d54788d54788d54788d54788d54788d54788d54788d54788d54788
d54788d54788d54788d54788d54788d54788d54788d54788d54788d54788d54788d54788d54788d54788d54788d54788d54788d54788d54788d54788d54788d5
4788d54788d54788d54788d54788d54788d54788d54788d54788d54788d54788d54788d54788d54788d54788d54788d54788d54788d54788d54788d54788d547
88d54788d54788d54788d54788d54788d54788d54788d54788d54788d54788d54788d54788d54788d54788d54788d54788d54788d54788d54788d54786d44986
d44986d44986d44986d44986d44986d44986d44986d44986d44986d44986d44986d44986d44986d44986d44986d44986d44986d44986d44986d44986d44983d3
4b83d34b83d34b83d34b83d34b83d34b83d34b83d34b83d34b83d34b83d34b83d34b83d34b83d34b83d34b81d34c81d34c81d34c81d34c81d34c81d34c81d34c
81d34c81d34c81d34c81d34c81d34c81d34c81d34c81d34c7ed24e7ed24e7ed24e7ed24e7ed24e7ed24e7ed24e7cd24f7cd24f7cd24f7cd24f7cd24f7cd24f7c
d24f79d15179d15179d15179d15179d15179d15179d15179d15177d05277d05277d05277d05277d05277d05277d05274d05474d05474d05474d05474d05474d0
5474d05472cf5572cf5572cf5572cf5572cf5572cf5572cf556dce586dce586dce586dce586dce586dce586dce586dce586bcd596bcd596bcd596bcd596bcd59
6bcd596bcd5967cc5c67cc5c67cc5c67cc5c67cc5c67cc5c67cc5c60c96060c96060c96060c96060c96060c96060c96060c9605bc8625bc8625bc8625bc8625b
c8625bc8625bc86255c66655c66655c66655c66655c66655c66655c6664fc3694fc3694fc3694fc3694fc3694fc3694fc3694fc36947c06e47c06e47c06e47c0
6e47c06e47c06e47c06e4fc3694fc3694fc3694fc3694fc3694fc3694fc36955c66655c66655c66655c66655c66655c66655c66655c6665bc8625bc8625bc862
5bc8625bc8625bc8625bc86260c96060c96060c96060c96060c96060c96060c96067cc5c67cc5c67cc5c67cc5c67cc5c67cc5c67cc5c67cc5c6bcd596bcd596b
cd596bcd596bcd596bcd596bcd596dce586dce586dce586dce586dce586dce586dce5872cf5572cf5572cf5572cf5572cf5572cf5572cf5574d05474d05474d0
5474d05474d05474d05474d05474d05477d05277d05277d05277d05277d05277d05277d05279d15179d15179d15179d15179d15179d15179d1517cd24f7cd24f
7cd24f7cd24f7cd24f7cd24f7cd24f7cd24f7ed24e7ed24e7ed24e7ed24e7ed24e7ed24e7ed24e81d34c81d34c81d34c81d34c81d34c81d34c81d34c81d34c81
d34c81d34c81d34c81d34c81d34c81d34c81d34c83d34b83d34b83d34b83d34b83d34b83d34b83d34b83d34b83d34b83d34b83d34b83d34b83d34b83d34b86d4
4986d44986d44986d44986d44986d44986d44986d44986d44986d44986d44986d44986d44986d44986d44986d44986d44986d44986d44986d44986d44986d449
88d54788d54788d54788d54788d54788d54788d54788d54788d54788d54788d54788d54788d54788d54788d54788d54788d54788d54788d54788d54788d54788
d54788d54788d54788d54788d54788d54788d54788d54788d54788d54788d54788d54788d54788d54788d54788d54788d54788d54788d54788d54788d54788d5
4788d54788d54788d54788d54788d54788d54788d54788d54788d54788d54788d54788d54788d54788d54788d54788d54788d54788d54788d54788d54788d547
88d54788d54788d54788d54788d54788d54788d54788d54788d54786d44986d44986d44986d44986d44986d44986d44986d44986d44986d44986d44986d44986
d44986d44986d44986d44986d44986d44986d44986d44986d44986d44983d34b83d34b83d34b83d34b83d34b83d34b83d34b83d34b83d34b83d34b83d34b83d3
4b83d34b83d34b83d34b81d34c81d34c81d34c81d34c81d34c81d34c81d34c81d34c81d34c81d34c81d34c81d34c81d34c81d34c81d34c7ed24e7ed24e7ed24e
7ed24e7ed24e7ed24e7ed24e7cd24f7cd24f7cd24f7cd24f7cd24f7cd24f7cd24f79d15179d15179d15179d15179d15179d15179d15179d15177d05277d05277
d05277d05277d05277d05277d05274d05474d05474d05474d05474d05474d05474d05472cf5572cf5572cf5572cf5572cf5572cf5572cf556dce586dce586dce
586dce586dce586dce586dce586dce586bcd596bcd596bcd596bcd596bcd596bcd596bcd5967cc5c67cc5c67cc5c67cc5c67cc5c67cc5c67cc5c60c96060c960
60c96060c96060c96060c96060c96060c9605bc8625bc8625bc8625bc8625bc8625bc8625bc86255c66655c66655c66655c66655c66655c66655c6664fc3694f
c3694fc3694fc3694fc3694fc3694fc3694fc36947c06e47c06e47c06e47c06e47c06e47c06e47c06e4fc3694fc3694fc3694fc3694fc3694fc3694fc36955c6
6655c66655c66655c66655c66655c66655c66655c6665bc8625bc8625bc8625bc8625bc8625bc8625bc86260c96060c96060c96060c96060c96060c96060c960
67cc5c67cc5c67cc5c67cc5c67cc5c67cc5c67cc5c67cc5c6bcd596bcd596bcd596bcd596bcd596bcd596bcd596dce586dce586dce586dce586dce586dce586d
ce5872cf5572cf5572cf5572cf5572cf5572cf5572cf5574d05474d05474d05474d05474d05474d05474d05474d05477d05277d05277d05277d05277d05277d0
5277d05279d15179d15179d15179d15179d15179d15179d1517cd24f7cd24f7cd24f7cd24f7cd24f7cd24f7cd24f7cd24f7ed24e7ed24e7ed24e7ed24e7ed24e
7ed24e7ed24e81d34c81d34c81d34c81d34c81d34c81d34c81d34c81d34c81d34c81d34c81d34c81d34c81d34c81d34c81d34c83d34b83d34b83d34b83d34b83
d34b83d34b83d34b83d34b83d34b83d34b83d34b83d34b83d34b83d34b86d44986d44986d44986d44986d44986d44986d44986d44986d44986d44986d44986d4
4986d44986d44986d44986d44986d44986d44986d44986d44986d44986d44988d54788d54788d54788d54788d54788d54788d54788d54788d54788d54788d547
88d54788d54788d54788d54788d54788d54788d54788d54788d54788d54788d54788d54788d54788d54788d54788d54788d54788d54788d54788d54788d54788
d54788d54788d54788d54788d54788d54788d54788d54788d54788d54788d54788d54788d54788d54788d54788d54788d54788d54788d54788d54788d54788d5
4788d54788d54788d54788d54788d54788d54788d54788d54788d54788d54788d54788d54788d54788d54788d54788d54788d54788d54788d54786d44986d449
86d44986d44986d44986d44986d44986d44986d44986d44986d44986d44986d44986d44986d44986d44986d44986d44986d44986d44986d44986d44983d34b83
d34b83d34b83d34b83d34b83d34b83d34b83d34b83d34b83d34b83d34b83d34b83d34b83d34b83d34b81d34c81d34c81d34c81d34c81d34c81d34c81d34c81d3
4c81d34c81d34c81d34c81d34c81d34c81d34c81d34c7ed24e7ed24e7ed24e7ed24e7ed24e7ed24e7ed24e7cd24f7cd24f7cd24f7cd24f7cd24f7cd24f7cd24f
79d15179d15179d15179d15179d15179d15179d15179d15177d05277d05277d05277d05277d05277d05277d05274d05474d05474d05474d05474d05474d05474
d05472cf5572cf5572cf5572cf5572cf5572cf5572cf556dce586dce586dce586dce586dce586dce586dce586dce586bcd596bcd596bcd596bcd596bcd596bcd
596bcd5967cc5c67cc5c67cc5c67cc5c67cc5c67cc5c67cc5c60c96060c96060c96060c96060c96060c96060c96060c9605bc8625bc8625bc8625bc8625bc862
5bc8625bc86255c66655c66655c66655c66655c66655c66655c6664fc3694fc3694fc3694fc3694fc3694fc3694fc3694fc36947c06e47c06e47c06e47c06e47
c06e47c06e47c06e4fc3694fc3694fc3694fc3694fc3694fc3694fc36955c66655c66655c66655c66655c66655c66655c66655c6665bc8625bc8625bc8625bc8
625bc8625bc8625bc86260c96060c96060c96060c96060c96060c96060c96067cc5c67cc5c67cc5c67cc5c67cc5c67cc5c67cc5c67cc5c6bcd596bcd596bcd59
6bcd596bcd596bcd596bcd596dce586dce586dce586dce586dce586dce586dce5872cf5572cf5572cf5572cf5572cf5572cf5572cf5574d05474d05474d05474
d05474d05474d05474d05474d05477d05277d05277d05277d05277d05277d05277d05279d15179d15179d15179d15179d15179d15179d1517cd24f7cd24f7cd2
4f7cd24f7cd24f7cd24f7cd24f7cd24f7ed24e7ed24e7ed24e7ed24e7ed24e7ed24e7ed24e81d34c81d34c81d34c81d34c81d34c81d34c81d34c81d34c81d34c
81d34c81d34c81d34c81d34c81d34c81d34c83d34b83d34b83d34b83d34b83d34b83d34b83d34b83d34b83d34b83d34b83d34b83d34b83d34b83d34b86d44986
d44986d44986d44986d44986d44986d44986d44986d44986d44986d44986d44986d44986d44986d44986d44986d44986d44986d44986d44986d44986d44988d5
4788d54788d54788d54788d54788d54788d54788d54788d54788d54788d54788d54788d54788d54788d54788d54788d54788d54788d54788d54788d54788d547
88d54788d54788d54788d54788d54788d54788d54788d54788d54788d54788d54788d54788d54788d54788d54788d54788d54788d54788d54788d54788d54788
d54788d54788d54788d54788d54788d54788d54788d54788d54788d54788d54788d54788d54788d54788d54788d54788d54788d54788d54788d54788d54788d5
4788d54788d54788d54788d54788d54788d54788d54788d54786d44986d44986d44986d44986d44986d44986d44986d44986d44986d44986d44986d44986d449
86d44986d44986d44986d44986d44986d44986d44986d44986d44983d34b83d34b83d34b83d34b83d34b83d34b83d34b83d34b83d34b83d34b83d34b83d34b83
d34b83d34b83d34b81d34c81d34c81d34c81d34c81d34c81d34c81d34c81d34c81d34c81d34c81d34c81d34c81d34c81d34c81d34c7ed24e7ed24e7ed24e7ed2
4e7ed24e7ed24e7ed24e7cd24f7cd24f7cd24f7cd24f7cd24f7cd24f7cd24f79d15179d15179d15179d15179d15179d15179d15179d15177d05277d05277d052
77d05277d05277d05277d05274d05474d05474d05474d05474d05474d05474d05472cf5572cf5572cf5572cf5572cf5572cf5572cf556dce586dce586dce586d
ce586dce586dce586dce586dce586bcd596bcd596bcd596bcd596bcd596bcd596bcd5967cc5c67cc5c67cc5c67cc5c67cc5c67cc5c67cc5c60c96060c96060c9
6060c96060c96060c96060c96060c9605bc8625bc8625bc8625bc8625bc8625bc8625bc86255c66655c66655c66655c66655c66655c66655c6664fc3694fc369
4fc3694fc3694fc3694fc3694fc3694fc36947c06e47c06e47c06e47c06e47c06e47c06e47c06e4fc3694fc3694fc3694fc3694fc3694fc3694fc36955c66655
c66655c66655c66655c66655c66655c66655c6665bc8625bc8625bc8625bc8625bc8625bc8625bc86260c96060c96060c96060c96060c96060c96060c96067cc
5c67cc5c67cc5c67cc5c67cc5c67cc5c67cc5c67cc5c6bcd596bcd596bcd596bcd596bcd596bcd596bcd596dce586dce586dce586dce586dce586dce586dce58
72cf5572cf5572cf5572cf5572cf5572cf5572cf5574d05474d05474d05474d05474d05474d05474d05474d05477d05277d05277d05277d05277d05277d05277
d05279d15179d15179d15179d15179d15179d15179d1517cd24f7cd24f7cd24f7cd24f7cd24f7cd24f7cd24f7cd24f7ed24e7ed24e7ed24e7ed24e7ed24e7ed2
4e7ed24e81d34c81d34c81d34c81d34c81d34c81d34c81d34c81d34c81d34c81d34c81d34c81d34c81d34c81d34c81d34c83d34b83d34b83d34b83d34b83d34b
83d34b83d34b83d34b83d34b83d34b83d34b83d34b83d34b83d34b86d44986d44986d44986d44986d44986d44986d44986d44986d44986d44986d44986d44986
d44986d44986d44986d44986d44986d44986d44986d44986d44986d44988d54788d54788d54788d54788d54788d54788d54788d54788d54788d54788d54788d5
4788d54788d54788d54788d54788d54788d54788d54788d54788d54788d54788d54788d54788d54788d54788d54788d54788d54788d54788d54788d54788d547
88d54788d54788d54788d54788d54788d54788d54788d54788d54788d54788d54788d54788d54788d54788d54788d54788d54788d54788d54788d54788d54788
d54788d54788d54788d54788d54788d54788d54788d54788d54788d54788d54788d54788d54788d54788d54788d54788d54788d54788d54786d44986d44986d4
4986d44986d44986d44986d44986d44986d44986d44986d44986d44986d44986d44986d44986d44986d44986d44986d44986d44986d44986d44983d34b83d34b
83d34b83d34b83d34b83d34b83d34b83d34b83d34b83d34b83d34b83d34b83d34b83d34b83d34b81d34c81d34c81d34c81d34c81d34c81d34c81d34c81d34c81
d34c81d34c81d34c81d34c81d34c81d34c81d34c7ed24e7ed24e7ed24e7ed24e7ed24e7ed24e7ed24e7cd24f7cd24f7cd24f7cd24f7cd24f7cd24f7cd24f79d1
5179d15179d15179d15179d15179d15179d15179d15177d05277d05277d05277d05277d05277d05277d05274d05474d05474d05474d05474d05474d05474d054
72cf5572cf5572cf5572cf5572cf5572cf5572cf556dce586dce586dce586dce586dce586dce586dce586dce586bcd596bcd596bcd596bcd596bcd596bcd596b
cd5967cc5c67cc5c67cc5c67cc5c67cc5c67cc5c67cc5c60c96060c96060c96060c96060c96060c96060c96060c9605bc8625bc8625bc8625bc8625bc8625bc8
625bc86255c66655c66655c66655c66655c66655c66655c6664fc3694fc3694fc3694fc3694fc3694fc3694fc3694fc36947c06e47c06e47c06e47c06e47c06e
47c06e47c06e42be7142be7142be7142be7142be7142be7142be7147c06e47c06e47c06e47c06e47c06e47c06e47c06e47c06e4bc26c4bc26c4bc26c4bc26c4b
c26c4bc26c4bc26c51c46851c46851c46851c46851c46851c46851c46855c66655c66655c66655c66655c66655c66655c66655c66659c76459c76459c76459c7
6459c76459c76459c7645ec9615ec9615ec9615ec9615ec9615ec9615ec96162ca5f62ca5f62ca5f62ca5f62ca5f62ca5f62ca5f64cb5d64cb5d64cb5d64cb5d
64cb5d64cb5d64cb5d64cb5d67cc5c67cc5c67cc5c67cc5c67cc5c67cc5c67cc5c69cc5b69cc5b69cc5b69cc5b69cc5b69cc5b69cc5b6bcd596bcd596bcd596b
cd596bcd596bcd596bcd596bcd596dce586dce586dce586dce586dce586dce586dce5870ce5670ce5670ce5670ce5670ce5670ce5670ce5672cf5572cf5572cf
5572cf5572cf5572cf5572cf5572cf5572cf5572cf5572cf5572cf5572cf5572cf5572cf5574d05474d05474d05474d05474d05474d05474d05474d05474d054
74d05474d05474d05474d05474d05474d05477d05277d05277d05277d05277d05277d05277d05277d05277d05277d05277d05277d05277d05277d05277d05277
d05277d05277d05277d05277d05277d05277d05277d05277d05277d05277d05277d05277d05277d05277d05277d05277d05277d05277d05277d05277d05279d1
5179d15179d15179d15179d15179d15179d15179d15179d15179d15179d15179d15179d15179d15179d15179d15179d15179d15179d15179d15179d15179d151
79d15179d15179d15179d15179d15179d15179d15177d05277d05277d05277d05277d05277d05277d05277d05277d05277d05277d05277d05277d05277d05277
d05277d05277d05277d05277d05277d05277d05277d05277d05277d05277d05277d05277d05277d05277d05277d05277d05277d05277d05277d05277d05277d0
5277d05274d05474d05474d05474d05474d05474d05474d05474d05474d05474d05474d05474d05474d05474d05474d05472cf5572cf5572cf5572cf5572cf55
72cf5572cf5572cf5572cf5572cf5572cf5572cf5572cf5572cf5570ce5670ce5670ce5670ce5670ce5670ce5670ce5670ce566dce586dce586dce586dce586d
ce586dce586dce586bcd596bcd596bcd596bcd596bcd596bcd596bcd5969cc5b69cc5b69cc5b69cc5b69cc5b69cc5b69cc5b69cc5b67cc5c67cc5c67cc5c67cc
5c67cc5c67cc5c67cc5c64cb5d64cb5d64cb5d64cb5d64cb5d64cb5d64cb5d62ca5f62ca5f62ca5f62ca5f62ca5f62ca5f62ca5f5ec9615ec9615ec9615ec961
5ec9615ec9615ec9615ec96159c76459c76459c76459c76459c76459c76459c76455c66655c66655c66655c66655c66655c66655c66651c46851c46851c46851
c46851c46851c46851c46851c4684bc26c4bc26c4bc26c4bc26c4bc26c4bc26c4bc26c47c06e47c06e47c06e47c06e47c06e47c06e47c06e42be7142be7142be
7142be7142be7142be7142be7142be713bba753bba753bba753bba753bba753bba753bba7542be7142be7142be7142be7142be7142be7142be7147c06e47c06e
47c06e47c06e47c06e47c06e47c06e47c06e4bc26c4bc26c4bc26c4bc26c4bc26c4bc26c4bc26c51c46851c46851c46851c46851c46851c46851c46855c66655
c66655c66655c66655c66655c66655c66655c66659c76459c76459c76459c76459c76459c76459c7645ec9615ec9615ec9615ec9615ec9615ec9615ec96162ca
5f62ca5f62ca5f62ca5f62ca5f62ca5f62ca5f64cb5d64cb5d64cb5d64cb5d64cb5d64cb5d64cb5d64cb5d67cc5c67cc5c67cc5c67cc5c67cc5c67cc5c67cc5c
69cc5b69cc5b69cc5b69cc5b69cc5b69cc5b69cc5b6bcd596bcd596bcd596bcd596bcd596bcd596bcd596bcd596dce586dce586dce586dce586dce586dce586d
ce5870ce5670ce5670ce5670ce5670ce5670ce5670ce5672cf5572cf5572cf5572cf5572cf5572cf5572cf5572cf5572cf5572cf5572cf5572cf5572cf5572cf
5572cf5574d05474d05474d05474d05474d05474d05474d05474d05474d05474d05474d05474d05474d05474d05474d05477d05277d05277d05277d05277d052
77d05277d05277d05277d05277d05277d05277d05277d05277d05277d05277d05277d05277d05277d05277d05277d05277d05277d05277d05277d05277d05277
d05277d05277d05277d05277d05277d05277d05277d05277d05277d05279d15179d15179d15179d15179d15179d15179d15179d15179d15179d15179d15179d1
5179d15179d15179d15179d15179d15179d15179d15179d15179d15179d15179d15179d15179d15179d15179d15179d15179d15177d05277d05277d05277d052
77d05277d05277d05277d05277d05277d05277d05277d05277d05277d05277d05277d05277d05277d05277d05277d05277d05277d05277d05277d05277d05277
d05277d05277d05277d05277d05277d05277d05277d05277d05277d05277d05277d05274d05474d05474d05474d05474d05474d05474d05474d05474d05474d0
5474d05474d05474d05474d05474d05472cf5572cf5572cf5572cf5572cf5572cf5572cf5572cf5572cf5572cf5572cf5572cf5572cf5572cf5570ce5670ce56
70ce5670ce5670ce5670ce5670ce5670ce566dce586dce586dce586dce586dce586dce586dce586bcd596bcd596bcd596bcd596bcd596bcd596bcd5969cc5b69
cc5b69cc5b69cc5b69cc5b69cc5b69cc5b69cc5b67cc5c67cc5c67cc5c67cc5c67cc5c67cc5c67cc5c64cb5d64cb5d64cb5d64cb5d64cb5d64cb5d64cb5d62ca
5f62ca5f62ca5f62ca5f62ca5f62ca5f62ca5f5ec9615ec9615ec9615ec9615ec9615ec9615ec9615ec96159c76459c76459c76459c76459c76459c76459c764
55c66655c66655c66655c66655c66655c66655c66651c46851c46851c46851c46851c46851c46851c46851c4684bc26c4bc26c4bc26c4bc26c4bc26c4bc26c4b
c26c47c06e47c06e47c06e47c06e47c06e47c06e47c06e42be7142be7142be7142be7142be7142be7142be7142be713bba753bba753bba753bba753bba753bba
753bba7542be7142be7142be7142be7142be7142be7142be7147c06e47c06e47c06e47c06e47c06e47c06e47c06e47c06e4bc26c4bc26c4bc26c4bc26c4bc26c
4bc26c4bc26c51c46851c46851c46851c46851c46851c46851c46855c66655c66655c66655c66655c66655c66655c66655c66659c76459c76459c76459c76459
c76459c76459c7645ec9615ec9615ec9615ec9615ec9615ec9615ec96162ca5f62ca5f62ca5f62ca5f62ca5f62ca5f62ca5f64cb5d64cb5d64cb5d64cb5d64cb
5d64cb5d64cb5d64cb5d67cc5c67cc5c67cc5c67cc5c67cc5c67cc5c67cc5c69cc5b69cc5b69cc5b69cc5b69cc5b69cc5b69cc5b6bcd596bcd596bcd596bcd59
6bcd596bcd596bcd596bcd596dce586dce586dce586dce586dce586dce586dce5870ce5670ce5670ce5670ce5670ce5670ce5670ce5672cf5572cf5572cf5572
cf5572cf5572cf5572cf5572cf5572cf5572cf5572cf5572cf5572cf5572cf5572cf5574d05474d05474d05474d05474d05474d05474d05474d05474d05474d0
5474d05474d05474d05474d05474d05477d05277d05277d05277d05277d05277d05277d05277d05277d05277d05277d05277d05277d05277d05277d05277d052
77d05277d05277d05277d05277d05277d05277d05277d05277d05277d05277d05277d05277d05277d05277d05277d05277d05277d05277d05277d05279d15179
d15179d15179d15179d15179d15179d15179d15179d15179d15179d15179d15179d15179d15179d15179d15179d15179d15179d15179d15179d15179d15179d1
5179d15179d15179d15179d15179d15179d15177d05277d05277d05277d05277d05277d05277d05277d05277d05277d05277d05277d05277d05277d05277d052
77d05277d05277d05277d05277d05277d05277d05277d05277d05277d05277d05277d05277d05277d05277d05277d05277d05277d05277d05277d05277d05277
d05274d05474d05474d05474d05474d05474d05474d05474d05474d05474d05474d05474d05474d05474d05474d05472cf5572cf5572cf5572cf5572cf5572cf
5572cf5572cf5572cf5572cf5572cf5572cf5572cf5572cf5570ce5670ce5670ce5670ce5670ce5670ce5670ce5670ce566dce586dce586dce586dce586dce58
6dce586dce586bcd596bcd596bcd596bcd596bcd596bcd596bcd5969cc5b69cc5b69cc5b69cc5b69cc5b69cc5b69cc5b69cc5b67cc5c67cc5c67cc5c67cc5c67
cc5c67cc5c67cc5c64cb5d64cb5d64cb5d64cb5d64cb5d64cb5d64cb5d62ca5f62ca5f62ca5f62ca5f62ca5f62ca5f62ca5f5ec9615ec9615ec9615ec9615ec9
615ec9615ec9615ec96159c76459c76459c76459c76459c76459c76459c76455c66655c66655c66655c66655c66655c66655c66651c46851c46851c46851c468
51c46851c46851c46851c4684bc26c4bc26c4bc26c4bc26c4bc26c4bc26c4bc26c47c06e47c06e47c06e47c06e47c06e47c06e47c06e42be7142be7142be7142
be7142be7142be7142be7142be713bba753bba753bba753bba753bba753bba753bba7542be7142be7142be7142be7142be7142be7142be7147c06e47c06e47c0
6e47c06e47c06e47c06e47c06e47c06e4bc26c4bc26c4bc26c4bc26c4bc26c4bc26c4bc26c51c46851c46851c46851c46851c46851c46851c46855c66655c666
55c66655c66655c66655c66655c66655c66659c76459c76459c76459c76459c76459c76459c7645ec9615ec9615ec9615ec9615ec9615ec9615ec96162ca5f62
ca5f62ca5f62ca5f62ca5f62ca5f62ca5f64cb5d64cb5d64cb5d64cb5d64cb5d64cb5d64cb5d64cb5d67cc5c67cc5c67cc5c67cc5c67cc5c67cc5c67cc5c69cc
5b69cc5b69cc5b69cc5b69cc5b69cc5b69cc5b6bcd596bcd596bcd596bcd596bcd596bcd596bcd596bcd596dce586dce586dce586dce586dce586dce586dce58
70ce5670ce5670ce5670ce5670ce5670ce5670ce5672cf5572cf5572cf5572cf5572cf5572cf5572cf5572cf5572cf5572cf5572cf5572cf5572cf5572cf5572
cf5574d05474d05474d05474d05474d05474d05474d05474d05474d05474d05474d05474d05474d05474d05474d05477d05277d05277d05277d05277d05277d0
5277d05277d05277d05277d05277d05277d05277d05277d05277d05277d05277d05277d05277d05277d05277d05277d05277d05277d05277d05277d05277d052
77d05277d05277d05277d05277d05277d05277d05277d05277d05279d15179d15179d15179d15179d15179d15179d15179d15179d15179d15179d15179d15179
d15179d15179d15179d15179d15179d15179d15179d15179d15179d15179d15179d15179d15179d15179d15179d15179d15177d05277d05277d05277d05277d0
5277d05277d05277d05277d05277d05277d05277d05277d05277d05277d05277d05277d05277d05277d05277d05277d05277d05277d05277d05277d05277d052
77d05277d05277d05277d05277d05277d05277d05277d05277d05277d05277d05274d05474d05474d05474d05474d05474d05474d05474d05474d05474d05474
d05474d05474d05474d05474d05472cf5572cf5572cf5572cf5572cf5572cf5572cf5572cf5572cf5572cf5572cf5572cf5572cf5572cf5570ce5670ce5670ce
5670ce5670ce5670ce5670ce5670ce566dce586dce586dce586dce586dce586dce586dce586bcd596bcd596bcd596bcd596bcd596bcd596bcd5969cc5b69cc5b
69cc5b69cc5b69cc5b69cc5b69cc5b69cc5b67cc5c67cc5c67cc5c67cc5c67cc5c67cc5c67cc5c64cb5d64cb5d64cb5d64cb5d64cb5d64cb5d64cb5d62ca5f62
ca5f62ca5f62ca5f62ca5f62ca5f62ca5f5ec9615ec9615ec9615ec9615ec9615ec9615ec9615ec96159c76459c76459c76459c76459c76459c76459c76455c6
6655c66655c66655c66655c66655c66655c66651c46851c46851c46851c46851c46851c46851c46851c4684bc26c4bc26c4bc26c4bc26c4bc26c4bc26c4bc26c
47c06e47c06e47c06e47c06e47c06e47c06e47c06e42be7142be7142be7142be7142be7142be7142be7142be713bba753bba753bba753bba753bba753bba753b
ba7542be7142be7142be7142be7142be7142be7142be7147c06e47c06e47c06e47c06e47c06e47c06e47c06e47c06e4bc26c4bc26c4bc26c4bc26c4bc26c4bc2
6c4bc26c51c46851c46851c46851c46851c46851c46851c46855c66655c66655c66655c66655c66655c66655c66655c66659c76459c76459c76459c76459c764
59c76459c7645ec9615ec9615ec9615ec9615ec9615ec9615ec96162ca5f62ca5f62ca5f62ca5f62ca5f62ca5f62ca5f64cb5d64cb5d64cb5d64cb5d64cb5d64
cb5d64cb5d64cb5d67cc5c67cc5c67cc5c67cc5c67cc5c67cc5c67cc5c69cc5b69cc5b69cc5b69cc5b69cc5b69cc5b69cc5b6bcd596bcd596bcd596bcd596bcd
596bcd596bcd596bcd596dce586dce586dce586dce586dce586dce586dce5870ce5670ce5670ce5670ce5670ce5670ce5670ce5672cf5572cf5572cf5572cf55
72cf5572cf5572cf5572cf5572cf5572cf5572cf5572cf5572cf5572cf5572cf5574d05474d05474d05474d05474d05474d05474d05474d05474d05474d05474
d05474d05474d05474d05474d05477d05277d05277d05277d05277d05277d05277d05277d05277d05277d05277d05277d05277d05277d05277d05277d05277d0
5277d05277d05277d05277d05277d05277d05277d05277d05277d05277d05277d05277d05277d05277d05277d05277d05277d05277d05277d05279d15179d151
79d15179d15179d15179d15179d15179d15179d15179d15179d15179d15179d15179d15179d15179d15179d15179d15179d15179d15179d15179d15179d15179
d15179d15179d15179d15179d15179d15177d05277d05277d05277d05277d05277d05277d05277d05277d05277d05277d05277d05277d05277d05277d05277d0
5277d05277d05277d05277d05277d05277d05277d05277d05277d05277d05277d05277d05277d05277d05277d05277d05277d05277d05277d05277d05277d052
74d05474d05474d05474d05474d05474d05474d05474d05474d05474d05474d05474d05474d05474d05474d05472cf5572cf5572cf5572cf5572cf5572cf5572
cf5572cf5572cf5572cf5572cf5572cf5572cf5572cf5570ce5670ce5670ce5670ce5670ce5670ce5670ce5670ce566dce586dce586dce586dce586dce586dce
586dce586bcd596bcd596bcd596bcd596bcd596bcd596bcd5969cc5b69cc5b69cc5b69cc5b69cc5b69cc5b69cc5b69cc5b67cc5c67cc5c67cc5c67cc5c67cc5c
67cc5c67cc5c64cb5d64cb5d64cb5d64cb5d64cb5d64cb5d64cb5d62ca5f62ca5f62ca5f62ca5f62ca5f62ca5f62ca5f5ec9615ec9615ec9615ec9615ec9615e
c9615ec9615ec96159c76459c76459c76459c76459c76459c76459c76455c66655c66655c66655c66655c66655c66655c66651c46851c46851c46851c46851c4
6851c46851c46851c4684bc26c4bc26c4bc26c4bc26c4bc26c4bc26c4bc26c47c06e47c06e47c06e47c06e47c06e47c06e47c06e42be7142be7142be7142be71
42be7142be7142be7142be713bba753bba753bba753bba753bba753bba753bba7542be7142be7142be7142be7142be7142be7142be7147c06e47c06e47c06e47
c06e47c06e47c06e47c06e47c06e4bc26c4bc26c4bc26c4bc26c4bc26c4bc26c4bc26c51c46851c46851c46851c46851c46851c46851c46855c66655c66655c6
6655c66655c66655c66655c66655c66659c76459c76459c76459c76459c76459c76459c7645ec9615ec9615ec9615ec9615ec9615ec9615ec96162ca5f62ca5f
62ca5f62ca5f62ca5f62ca5f62ca5f64cb5d64cb5d64cb5d64cb5d64cb5d64cb5d64cb5d64cb5d67cc5c67cc5c67cc5c67cc5c67cc5c67cc5c67cc5c69cc5b69
cc5b69cc5b69cc5b69cc5b69cc5b69cc5b6bcd596bcd596bcd596bcd596bcd596bcd596bcd596bcd596dce586dce586dce586dce586dce586dce586dce5870ce
5670ce5670ce5670ce5670ce5670ce5670ce5672cf5572cf5572cf5572cf5572cf5572cf5572cf5572cf5572cf5572cf5572cf5572cf5572cf5572cf5572cf55
74d05474d05474d05474d05474d05474d05474d05474d05474d05474d05474d05474d05474d05474d05474d05477d05277d05277d05277d05277d05277d05277
d05277d05277d05277d05277d05277d05277d05277d05277d05277d05277d05277d05277d05277d05277d05277d05277d05277d05277d05277d05277d05277d0
5277d05277d05277d05277d05277d05277d05277d05277d05279d15179d15179d15179d15179d15179d15179d15179d15179d15179d15179d15179d15179d151
79d15179d15179d15179d15179d15179d15179d15179d15179d15179d15179d15179d15179d15179d15179d15179d15177d05277d05277d05277d05277d05277
d05277d05277d05277d05277d05277d05277d05277d05277d05277d05277d05277d05277d05277d05277d05277d05277d05277d05277d05277d05277d05277d0
5277d05277d05277d05277d05277d05277d05277d05277d05277d05277d05274d05474d05474d05474d05474d05474d05474d05474d05474d05474d05474d054
74d05474d05474d05474d05472cf5572cf5572cf5572cf5572cf5572cf5572cf5572cf5572cf5572cf5572cf5572cf5572cf5572cf5570ce5670ce5670ce5670
ce5670ce5670ce5670ce5670ce566dce586dce586dce586dce586dce586dce586dce586bcd596bcd596bcd596bcd596bcd596bcd596bcd5969cc5b69cc5b69cc
5b69cc5b69cc5b69cc5b69cc5b69cc5b67cc5c67cc5c67cc5c67cc5c67cc5c67cc5c67cc5c64cb5d64cb5d64cb5d64cb5d64cb5d64cb5d64cb5d62ca5f62ca5f
62ca5f62ca5f62ca5f62ca5f62ca5f5ec9615ec9615ec9615ec9615ec9615ec9615ec9615ec96159c76459c76459c76459c76459c76459c76459c76455c66655
c66655c66655c66655c66655c66655c66651c46851c46851c46851c46851c46851c46851c46851c4684bc26c4bc26c4bc26c4bc26c4bc26c4bc26c4bc26c47c0
6e47c06e47c06e47c06e47c06e47c06e47c06e42be7142be7142be7142be7142be7142be7142be7142be713bba753bba753bba753bba753bba753bba753bba75
42be7142be7142be7142be7142be7142be7142be7147c06e47c06e47c06e47c06e47c06e47c06e47c06e47c06e4bc26c4bc26c4bc26c4bc26c4bc26c4bc26c4b
c26c51c46851c46851c46851c46851c46851c46851c46855c66655c66655c66655c66655c66655c66655c66655c66659c76459c76459c76459c76459c76459c7
6459c7645ec9615ec9615ec9615ec9615ec9615ec9615ec96162ca5f62ca5f62ca5f62ca5f62ca5f62ca5f62ca5f64cb5d64cb5d64cb5d64cb5d64cb5d64cb5d
64cb5d64cb5d67cc5c67cc5c67cc5c67cc5c67cc5c67cc5c67cc5c69cc5b69cc5b69cc5b69cc5b69cc5b69cc5b69cc5b6bcd596bcd596bcd596bcd596bcd596b
cd596bcd596bcd596dce586dce586dce586dce586dce586dce586dce5870ce5670ce5670ce5670ce5670ce5670ce5670ce5672cf5572cf5572cf5572cf5572cf
5572cf5572cf5572cf5572cf5572cf5572cf5572cf5572cf5572cf5572cf5574d05474d05474d05474d05474d05474d05474d05474d05474d05474d05474d054
74d05474d05474d05474d05477d05277d05277d05277d05277d05277d05277d05277d05277d05277d05277d05277d05277d05277d05277d05277d05277d05277
d05277d05277d05277d05277d05277d05277d05277d05277d05277d05277d05277d05277d05277d05277d05277d05277d05277d05277d05279d15179d15179d1
5179d15179d15179d15179d15179d15179d15179d15179d15179d15179d15179d15179d15179d15179d15179d15179d15179d15179d15179d15179d15179d151
79d15179d15179d15179d15179d15177d05277d05277d05277d05277d05277d05277d05277d05277d05277d05277d05277d05277d05277d05277d05277d05277
d05277d05277d05277d05277d05277d05277d05277d05277d05277d05277d05277d05277d05277d05277d05277d05277d05277d05277d05277d05277d05274d0
5474d05474d05474d05474d05474d05474d05474d05474d05474d05474d05474d05474d05474d05474d05472cf5572cf5572cf5572cf5572cf5572cf5572cf55
72cf5572cf5572cf5572cf5572cf5572cf5572cf5570ce5670ce5670ce5670ce5670ce5670ce5670ce5670ce566dce586dce586dce586dce586dce586dce586d
ce586bcd596bcd596bcd596bcd596bcd596bcd596bcd5969cc5b69cc5b69cc5b69cc5b69cc5b69cc5b69cc5b69cc5b67cc5c67cc5c67cc5c67cc5c67cc5c67cc
5c67cc5c64cb5d64cb5d64cb5d64cb5d64cb5d64cb5d64cb5d62ca5f62ca5f62ca5f62ca5f62ca5f62ca5f62ca5f5ec9615ec9615ec9615ec9615ec9615ec961
5ec9615ec96159c76459c76459c76459c76459c76459c76459c76455c66655c66655c66655c66655c66655c66655c66651c46851c46851c46851c46851c46851
c46851c46851c4684bc26c4bc26c4bc26c4bc26c4bc26c4bc26c4bc26c47c06e47c06e47c06e47c06e47c06e47c06e47c06e42be7142be7142be7142be7142be
7142be7142be7142be713bba753bba753bba753bba753bba753bba753bba7542be7142be7142be7142be7142be7142be7142be7147c06e47c06e47c06e47c06e
47c06e47c06e47c06e47c06e4bc26c4bc26c4bc26c4bc26c4bc26c4bc26c4bc26c51c46851c46851c46851c46851c46851c46851c46855c66655c66655c66655
c66655c66655c66655c66655c66659c76459c76459c76459c76459c76459c76459c7645ec9615ec9615ec9615ec9615ec9615ec9615ec96162ca5f62ca5f62ca
5f62ca5f62ca5f62ca5f62ca5f64cb5d64cb5d64cb5d64cb5d64cb5d64cb5d64cb5d64cb5d67cc5c67cc5c67cc5c67cc5c67cc5c67cc5c67cc5c69cc5b69cc5b
69cc5b69cc5b69cc5b69cc5b69cc5b6bcd596bcd596bcd596bcd596bcd596bcd596bcd596bcd596dce586dce586dce586dce586dce586dce586dce5870ce5670
ce5670ce5670ce5670ce5670ce5670ce5672cf5572cf5572cf5572cf5572cf5572cf5572cf5572cf5572cf5572cf5572cf5572cf5572cf5572cf5572cf5574d0
5474d05474d05474d05474d05474d05474d05474d05474d05474d05474d05474d05474d05474d05474d05477d05277d05277d05277d05277d05277d05277d052
77d05277d05277d05277d05277d05277d05277d05277d05277d05277d05277d05277d05277d05277d05277d05277d05277d05277d05277d05277d05277d05277
d05277d05277d05277d05277d05277d05277d05277d05279d15179d15179d15179d15179d15179d15179d15179d15179d15179d15179d15179d15179d15179d1
5179d15179d15179d15179d15179d15179d15179d15179d15179d15179d15179d15179d15179d15179d15179d15177d05277d05277d05277d05277d05277d052
77d05277d05277d05277d05277d05277d05277d05277d05277d05277d05277d05277d05277d05277d05277d05277d05277d05277d05277d05277d05277d05277
d05277d05277d05277d05277d05277d05277d05277d05277d05277d05274d05474d05474d05474d05474d05474d05474d05474d05474d05474d05474d05474d0
5474d05474d05474d05472cf5572cf5572cf5572cf5572cf5572cf5572cf5572cf5572cf5572cf5572cf5572cf5572cf5572cf5570ce5670ce5670ce5670ce56
70ce5670ce5670ce5670ce566dce586dce586dce586dce586dce586dce586dce586bcd596bcd596bcd596bcd596bcd596bcd596bcd5969cc5b69cc5b69cc5b69
cc5b69cc5b69cc5b69cc5b69cc5b67cc5c67cc5c67cc5c67cc5c67cc5c67cc5c67cc5c64cb5d64cb5d64cb5d64cb5d64cb5d64cb5d64cb5d62ca5f62ca5f62ca
5f62ca5f62ca5f62ca5f62ca5f5ec9615ec9615ec9615ec9615ec9615ec9615ec9615ec96159c76459c76459c76459c76459c76459c76459c76455c66655c666
55c66655c66655c66655c66655c66651c46851c46851c46851c46851c46851c46851c46851c4684bc26c4bc26c4bc26c4bc26c4bc26c4bc26c4bc26c47c06e47
c06e47c06e47c06e47c06e47c06e47c06e42be7142be7142be7142be7142be7142be7142be7142be713bba753bba753bba753bba753bba753bba753bba7536b8
7736b87736b87736b87736b87736b87736b8773bba753bba753bba753bba753bba753bba753bba753bba753ebc733ebc733ebc733ebc733ebc733ebc733ebc73
44be7044be7044be7044be7044be7044be7044be7047c06e47c06e47c06e47c06e47c06e47c06e47c06e47c06e4bc26c4bc26c4bc26c4bc26c4bc26c4bc26c4b
c26c4fc3694fc3694fc3694fc3694fc3694fc3694fc36953c56753c56753c56753c56753c56753c56753c56755c66655c66655c66655c66655c66655c66655c6
6655c66657c66557c66557c66557c66557c66557c66557c66559c76459c76459c76459c76459c76459c76459c7645bc8625bc8625bc8625bc8625bc8625bc862
5bc8625bc8625ec9615ec9615ec9615ec9615ec9615ec9615ec96160c96060c96060c96060c96060c96060c96060c96062ca5f62ca5f62ca5f62ca5f62ca5f62
ca5f62ca5f62ca5f64cb5d64cb5d64cb5d64cb5d64cb5d64cb5d64cb5d64cb5d64cb5d64cb5d64cb5d64cb5d64cb5d64cb5d67cc5c67cc5c67cc5c67cc5c67cc
5c67cc5c67cc5c67cc5c67cc5c67cc5c67cc5c67cc5c67cc5c67cc5c67cc5c67cc5c67cc5c67cc5c67cc5c67cc5c67cc5c67cc5c69cc5b69cc5b69cc5b69cc5b
69cc5b69cc5b69cc5b69cc5b69cc5b69cc5b69cc5b69cc5b69cc5b69cc5b69cc5b69cc5b69cc5b69cc5b69cc5b69cc5b69cc5b69cc5b69cc5b69cc5b69cc5b69
cc5b69cc5b69cc5b69cc5b69cc5b69cc5b69cc5b69cc5b69cc5b69cc5b69cc5b69cc5b69cc5b69cc5b69cc5b69cc5b69cc5b69cc5b69cc5b69cc5b69cc5b69cc
5b69cc5b69cc5b69cc5b69cc5b69cc5b69cc5b69cc5b69cc5b69cc5b69cc5b69cc5b69cc5b69cc5b69cc5b69cc5b69cc5b69cc5b69cc5b69cc5b69cc5b69cc5b
69cc5b69cc5b69cc5b69cc5b69cc5b67cc5c67cc5c67cc5c67cc5c67cc5c67cc5c67cc5c67cc5c67cc5c67cc5c67cc5c67cc5c67cc5c67cc5c67cc5c67cc5c67
cc5c67cc5c67cc5c67cc5c67cc5c67cc5c64cb5d64cb5d64cb5d64cb5d64cb5d64cb5d64cb5d64cb5d64cb5d64cb5d64cb5d64cb5d64cb5d64cb5d64cb5d62ca
5f62ca5f62ca5f62ca5f62ca5f62ca5f62ca5f60c96060c96060c96060c96060c96060c96060c96060c9605ec9615ec9615ec9615ec9615ec9615ec9615ec961
5bc8625bc8625bc8625bc8625bc8625bc8625bc86259c76459c76459c76459c76459c76459c76459c76459c76457c66557c66557c66557c66557c66557c66557
c66555c66655c66655c66655c66655c66655c66655c66653c56753c56753c56753c56753c56753c56753c5674fc3694fc3694fc3694fc3694fc3694fc3694fc3
694fc3694bc26c4bc26c4bc26c4bc26c4bc26c4bc26c4bc26c47c06e47c06e47c06e47c06e47c06e47c06e47c06e44be7044be7044be7044be7044be7044be70
44be7044be703ebc733ebc733ebc733ebc733ebc733ebc733ebc733bba753bba753bba753bba753bba753bba753bba7536b87736b87736b87736b87736b87736
b87736b87736b87730b47a30b47a30b47a30b47a30b47a30b47a30b47a36b87736b87736b87736b87736b87736b87736b8773bba753bba753bba753bba753bba
753bba753bba753bba753ebc733ebc733ebc733ebc733ebc733ebc733ebc7344be7044be7044be7044be7044be7044be7044be7047c06e47c06e47c06e47c06e
47c06e47c06e47c06e47c06e4bc26c4bc26c4bc26c4bc26c4bc26c4bc26c4bc26c4fc3694fc3694fc3694fc3694fc3694fc3694fc36953c56753c56753c56753
c56753c56753c56753c56755c66655c66655c66655c66655c66655c66655c66655c66657c66557c66557c66557c66557c66557c66557c66559c76459c76459c7
6459c76459c76459c76459c7645bc8625bc8625bc8625bc8625bc8625bc8625bc8625bc8625ec9615ec9615ec9615ec9615ec9615ec9615ec96160c96060c960
60c96060c96060c96060c96060c96062ca5f62ca5f62ca5f62ca5f62ca5f62ca5f62ca5f62ca5f64cb5d64cb5d64cb5d64cb5d64cb5d64cb5d64cb5d64cb5d64
cb5d64cb5d64cb5d64cb5d64cb5d64cb5d67cc5c67cc5c67cc5c67cc5c67cc5c67cc5c67cc5c67cc5c67cc5c67cc5c67cc5c67cc5c67cc5c67cc5c67cc5c67cc
5c67cc5c67cc5c67cc5c67cc5c67cc5c67cc5c69cc5b69cc5b69cc5b69cc5b69cc5b69cc5b69cc5b69cc5b69cc5b69cc5b69cc5b69cc5b69cc5b69cc5b69cc5b
69cc5b69cc5b69cc5b69cc5b69cc5b69cc5b69cc5b69cc5b69cc5b69cc5b69cc5b69cc5b69cc5b69cc5b69cc5b69cc5b69cc5b69cc5b69cc5b69cc5b69cc5b69
cc5b69cc5b69cc5b69cc5b69cc5b69cc5b69cc5b69cc5b69cc5b69cc5b69cc5b69cc5b69cc5b69cc5b69cc5b69cc5b69cc5b69cc5b69cc5b69cc5b69cc5b69cc
5b69cc5b69cc5b69cc5b69cc5b69cc5b69cc5b69cc5b69cc5b69cc5b69cc5b69cc5b69cc5b69cc5b69cc5b69cc5b67cc5c67cc5c67cc5c67cc5c67cc5c67cc5c
67cc5c67cc5c67cc5c67cc5c67cc5c67cc5c67cc5c67cc5c67cc5c67cc5c67cc5c67cc5c67cc5c67cc5c67cc5c67cc5c64cb5d64cb5d64cb5d64cb5d64cb5d64
cb5d64cb5d64cb5d64cb5d64cb5d64cb5d64cb5d64cb5d64cb5d64cb5d62ca5f62ca5f62ca5f62ca5f62ca5f62ca5f62ca5f60c96060c96060c96060c96060c9
6060c96060c96060c9605ec9615ec9615ec9615ec9615ec9615ec9615ec9615bc8625bc8625bc8625bc8625bc8625bc8625bc86259c76459c76459c76459c764
59c76459c76459c76459c76457c66557c66557c66557c66557c66557c66557c66555c66655c66655c66655c66655c66655c66655c66653c56753c56753c56753
c56753c56753c56753c5674fc3694fc3694fc3694fc3694fc3694fc3694fc3694fc3694bc26c4bc26c4bc26c4bc26c4bc26c4bc26c4bc26c47c06e47c06e47c0
6e47c06e47c06e47c06e47c06e44be7044be7044be7044be7044be7044be7044be7044be703ebc733ebc733ebc733ebc733ebc733ebc733ebc733bba753bba75
3bba753bba753bba753bba753bba7536b87736b87736b87736b87736b87736b87736b87736b87730b47a30b47a30b47a30b47a30b47a30b47a30b47a36b87736
b87736b87736b87736b87736b87736b8773bba753bba753bba753bba753bba753bba753bba753bba753ebc733ebc733ebc733ebc733ebc733ebc733ebc7344be
7044be7044be7044be7044be7044be7044be7047c06e47c06e47c06e47c06e47c06e47c06e47c06e47c06e4bc26c4bc26c4bc26c4bc26c4bc26c4bc26c4bc26c
4fc3694fc3694fc3694fc3694fc3694fc3694fc36953c56753c56753c56753c56753c56753c56753c56755c66655c66655c66655c66655c66655c66655c66655
c66657c66557c66557c66557c66557c66557c66557c66559c76459c76459c76459c76459c76459c76459c7645bc8625bc8625bc8625bc8625bc8625bc8625bc8
625bc8625ec9615ec9615ec9615ec9615ec9615ec9615ec96160c96060c96060c96060c96060c96060c96060c96062ca5f62ca5f62ca5f62ca5f62ca5f62ca5f
62ca5f62ca5f64cb5d64cb5d64cb5d64cb5d64cb5d64cb5d64cb5d64cb5d64cb5d64cb5d64cb5d64cb5d64cb5d64cb5d67cc5c67cc5c67cc5c67cc5c67cc5c67
cc5c67cc5c67cc5c67cc5c67cc5c67cc5c67cc5c67cc5c67cc5c67cc5c67cc5c67cc5c67cc5c67cc5c67cc5c67cc5c67cc5c69cc5b69cc5b69cc5b69cc5b69cc
5b69cc5b69cc5b69cc5b69cc5b69cc5b69cc5b69cc5b69cc5b69cc5b69cc5b69cc5b69cc5b69cc5b69cc5b69cc5b69cc5b69cc5b69cc5b69cc5b69cc5b69cc5b
69cc5b69cc5b69cc5b69cc5b69cc5b69cc5b69cc5b69cc5b69cc5b69cc5b69cc5b69cc5b69cc5b69cc5b69cc5b69cc5b69cc5b69cc5b69cc5b69cc5b69cc5b69
cc5b69cc5b69cc5b69cc5b69cc5b69cc5b69cc5b69cc5b69cc5b69cc5b69cc5b69cc5b69cc5b69cc5b69cc5b69cc5b69cc5b69cc5b69cc5b69cc5b69cc5b69cc
5b69cc5b69cc5b69cc5b69cc5b67cc5c67cc5c67cc5c67cc5c67cc5c67cc5c67cc5c67cc5c67cc5c67cc5c67cc5c67cc5c67cc5c67cc5c67cc5c67cc5c67cc5c
67cc5c67cc5c67cc5c67cc5c67cc5c64cb5d64cb5d64cb5d64cb5d64cb5d64cb5d64cb5d64cb5d64cb5d64cb5d64cb5d64cb5d64cb5d64cb5d64cb5d62ca5f62
ca5f62ca5f62ca5f62ca5f62ca5f62ca5f60c96060c96060c96060c96060c96060c96060c96060c9605ec9615ec9615ec9615ec9615ec9615ec9615ec9615bc8
625bc8625bc8625bc8625bc8625bc8625bc86259c76459c76459c76459c76459c76459c76459c76459c76457c66557c66557c66557c66557c66557c66557c665
55c66655c66655c66655c66655c66655c66655c66653c56753c56753c56753c56753c56753c56753c5674fc3694fc3694fc3694fc3694fc3694fc3694fc3694f
c3694bc26c4bc26c4bc26c4bc26c4bc26c4bc26c4bc26c47c06e47c06e47c06e47c06e47c06e47c06e47c06e44be7044be7044be7044be7044be7044be7044be
7044be703ebc733ebc733ebc733ebc733ebc733ebc733ebc733bba753bba753bba753bba753bba753bba753bba7536b87736b87736b87736b87736b87736b877
36b87736b87730b47a30b47a30b47a30b47a30b47a30b47a30b47a36b87736b87736b87736b87736b87736b87736b8773bba753bba753bba753bba753bba753b
ba753bba753bba753ebc733ebc733ebc733ebc733ebc733ebc733ebc7344be7044be7044be7044be7044be7044be7044be7047c06e47c06e47c06e47c06e47c0
6e47c06e47c06e47c06e4bc26c4bc26c4bc26c4bc26c4bc26c4bc26c4bc26c4fc3694fc3694fc3694fc3694fc3694fc3694fc36953c56753c56753c56753c567
53c56753c56753c56755c66655c66655c66655c66655c66655c66655c66655c66657c66557c66557c66557c66557c66557c66557c66559c76459c76459c76459
c76459c76459c76459c7645bc8625bc8625bc8625bc8625bc8625bc8625bc8625bc8625ec9615ec9615ec9615ec9615ec9615ec9615ec96160c96060c96060c9
6060c96060c96060c96060c96062ca5f62ca5f62ca5f62ca5f62ca5f62ca5f62ca5f62ca5f64cb5d64cb5d64cb5d64cb5d64cb5d64cb5d64cb5d64cb5d64cb5d
64cb5d64cb5d64cb5d64cb5d64cb5d67cc5c67cc5c67cc5c67cc5c67cc5c67cc5c67cc5c67cc5c67cc5c67cc5c67cc5c67cc5c67cc5c67cc5c67cc5c67cc5c67
cc5c67cc5c67cc5c67cc5c67cc5c67cc5c69cc5b69cc5b69cc5b69cc5b69cc5b69cc5b69cc5b69cc5b69cc5b69cc5b69cc5b69cc5b69cc5b69cc5b69cc5b69cc
5b69cc5b69cc5b69cc5b69cc5b69cc5b69cc5b69cc5b69cc5b69cc5b69cc5b69cc5b69cc5b69cc5b69cc5b69cc5b69cc5b69cc5b69cc5b69cc5b69cc5b69cc5b
69cc5b69cc5b69cc5b69cc5b69cc5b69cc5b69cc5b69cc5b69cc5b69cc5b69cc5b69cc5b69cc5b69cc5b69cc5b69cc5b69cc5b69cc5b69cc5b69cc5b69cc5b69
cc5b69cc5b69cc5b69cc5b69cc5b69cc5b69cc5b69cc5b69cc5b69cc5b69cc5b69cc5b69cc5b69cc5b69cc5b67cc5c67cc5c67cc5c67cc5c67cc5c67cc5c67cc
5c67cc5c67cc5c67cc5c67cc5c67cc5c67cc5c67cc5c67cc5c67cc5c67cc5c67cc5c67cc5c67cc5c67cc5c67cc5c64cb5d64cb5d64cb5d64cb5d64cb5d64cb5d
64cb5d64cb5d64cb5d64cb5d64cb5d64cb5d64cb5d64cb5d64cb5d62ca5f62ca5f62ca5f62ca5f62ca5f62ca5f62ca5f60c96060c96060c96060c96060c96060
c96060c96060c9605ec9615ec9615ec9615ec9615ec9615ec9615ec9615bc8625bc8625bc8625bc8625bc8625bc8625bc86259c76459c76459c76459c76459c7
6459c76459c76459c76457c66557c66557c66557c66557c66557c66557c66555c66655c66655c66655c66655c66655c66655c66653c56753c56753c56753c567
53c56753c56753c5674fc3694fc3694fc3694fc3694fc3694fc3694fc3694fc3694bc26c4bc26c4bc26c4bc26c4bc26c4bc26c4bc26c47c06e47c06e47c06e47
c06e47c06e47c06e47c06e44be7044be7044be7044be7044be7044be7044be7044be703ebc733ebc733ebc733ebc733ebc733ebc733ebc733bba753bba753bba
753bba753bba753bba753bba7536b87736b87736b87736b87736b87736b87736b87736b87730b47a30b47a30b47a30b47a30b47a30b47a30b47a36b87736b877
36b87736b87736b87736b87736b8773bba753bba753bba753bba753bba753bba753bba753bba753ebc733ebc733ebc733ebc733ebc733ebc733ebc7344be7044
be7044be7044be7044be7044be7044be7047c06e47c06e47c06e47c06e47c06e47c06e47c06e47c06e4bc26c4bc26c4bc26c4bc26c4bc26c4bc26c4bc26c4fc3
694fc3694fc3694fc3694fc3694fc3694fc36953c56753c56753c56753c56753c56753c56753c56755c66655c66655c66655c66655c66655c66655c66655c666
57c66557c66557c66557c66557c66557c66557c66559c76459c76459c76459c76459c76459c76459c7645bc8625bc8625bc8625bc8625bc8625bc8625bc8625b
c8625ec9615ec9615ec9615ec9615ec9615ec9615ec96160c96060c96060c96060c96060c96060c96060c96062ca5f62ca5f62ca5f62ca5f62ca5f62ca5f62ca
5f62ca5f64cb5d64cb5d64cb5d64cb5d64cb5d64cb5d64cb5d64cb5d64cb5d64cb5d64cb5d64cb5d64cb5d64cb5d67cc5c67cc5c67cc5c67cc5c67cc5c67cc5c
67cc5c67cc5c67cc5c67cc5c67cc5c67cc5c67cc5c67cc5c67cc5c67cc5c67cc5c67cc5c67cc5c67cc5c67cc5c67cc5c69cc5b69cc5b69cc5b69cc5b69cc5b69
cc5b69cc5b69cc5b69cc5b69cc5b69cc5b69cc5b69cc5b69cc5b69cc5b69cc5b69cc5b69cc5b69cc5b69cc5b69cc5b69cc5b69cc5b69cc5b69cc5b69cc5b69cc
5b69cc5b69cc5b69cc5b69cc5b69cc5b69cc5b69cc5b69cc5b69cc5b69cc5b69cc5b69cc5b69cc5b69cc5b69cc5b69cc5b69cc5b69cc5b69cc5b69cc5b69cc5b
69cc5b69cc5b69cc5b69cc5b69cc5b69cc5b69cc5b69cc5b69cc5b69cc5b69cc5b69cc5b69cc5b69cc5b69cc5b69cc5b69cc5b69cc5b69cc5b69cc5b69cc5b69
cc5b69cc5b69cc5b69cc5b67cc5c67cc5c67cc5c67cc5c67cc5c67cc5c67cc5c67cc5c67cc5c67cc5c67cc5c67cc5c67cc5c67cc5c67cc5c67cc5c67cc5c67cc
5c67cc5c67cc5c67cc5c67cc5c64cb5d64cb5d64cb5d64cb5d64cb5d64cb5d64cb5d64cb5d64cb5d64cb5d64cb5d64cb5d64cb5d64cb5d64cb5d62ca5f62ca5f
62ca5f62ca5f62ca5f62ca5f62ca5f60c96060c96060c96060c96060c96060c96060c96060c9605ec9615ec9615ec9615ec9615ec9615ec9615ec9615bc8625b
c8625bc8625bc8625bc8625bc8625bc86259c76459c76459c76459c76459c76459c76459c76459c76457c66557c66557c66557c66557c66557c66557c66555c6
6655c66655c66655c66655c66655c66655c66653c56753c56753c56753c56753c56753c56753c5674fc3694fc3694fc3694fc3694fc3694fc3694fc3694fc369
4bc26c4bc26c4bc26c4bc26c4bc26c4bc26c4bc26c47c06e47c06e47c06e47c06e47c06e47c06e47c06e44be7044be7044be7044be7044be7044be7044be7044
be703ebc733ebc733ebc733ebc733ebc733ebc733ebc733bba753bba753bba753bba753bba753bba753bba7536b87736b87736b87736b87736b87736b87736b8
7736b87730b47a30b47a30b47a30b47a30b47a30b47a30b47a36b87736b87736b87736b87736b87736b87736b8773bba753bba753bba753bba753bba753bba75
3bba753bba753ebc733ebc733ebc733ebc733ebc733ebc733ebc7344be7044be7044be7044be7044be7044be7044be7047c06e47c06e47c06e47c06e47c06e47
c06e47c06e47c06e4bc26c4bc26c4bc26c4bc26c4bc26c4bc26c4bc26c4fc3694fc3694fc3694fc3694fc3694fc3694fc36953c56753c56753c56753c56753c5
6753c56753c56755c66655c66655c66655c66655c66655c66655c66655c66657c66557c66557c66557c66557c66557c66557c66559c76459c76459c76459c764
59c76459c76459c7645bc8625bc8625bc8625bc8625bc8625bc8625bc8625bc8625ec9615ec9615ec9615ec9615ec9615ec9615ec96160c96060c96060c96060
c96060c96060c96060c96062ca5f62ca5f62ca5f62ca5f62ca5f62ca5f62ca5f62ca5f64cb5d64cb5d64cb5d64cb5d64cb5d64cb5d64cb5d64cb5d64cb5d64cb
5d64cb5d64cb5d64cb5d64cb5d67cc5c67cc5c67cc5c67cc5c67cc5c67cc5c67cc5c67cc5c67cc5c67cc5c67cc5c67cc5c67cc5c67cc5c67cc5c67cc5c67cc5c
67cc5c67cc5c67cc5c67cc5c67cc5c69cc5b69cc5b69cc5b69cc5b69cc5b69cc5b69cc5b69cc5b69cc5b69cc5b69cc5b69cc5b69cc5b69cc5b69cc5b69cc5b69
cc5b69cc5b69cc5b69cc5b69cc5b69cc5b69cc5b69cc5b69cc5b69cc5b69cc5b69cc5b69cc5b69cc5b69cc5b69cc5b69cc5b69cc5b69cc5b69cc5b69cc5b69cc
5b69cc5b69cc5b69cc5b69cc5b69cc5b69cc5b69cc5b69cc5b69cc5b69cc5b69cc5b69cc5b69cc5b69cc5b69cc5b69cc5b69cc5b69cc5b69cc5b69cc5b69cc5b
69cc5b69cc5b69cc5b69cc5b69cc5b69cc5b69cc5b69cc5b69cc5b69cc5b69cc5b69cc5b69cc5b69cc5b67cc5c67cc5c67cc5c67cc5c67cc5c67cc5c67cc5c67
cc5c67cc5c67cc5c67cc5c67cc5c67cc5c67cc5c67cc5c67cc5c67cc5c67cc5c67cc5c67cc5c67cc5c67cc5c64cb5d64cb5d64cb5d64cb5d64cb5d64cb5d64cb
5d64cb5d64cb5d64cb5d64cb5d64cb5d64cb5d64cb5d64cb5d62ca5f62ca5f62ca5f62ca5f62ca5f62ca5f62ca5f60c96060c96060c96060c96060c96060c960
60c96060c9605ec9615ec9615ec9615ec9615ec9615ec9615ec9615bc8625bc8625bc8625bc8625bc8625bc8625bc86259c76459c76459c76459c76459c76459
c76459c76459c76457c66557c66557c66557c66557c66557c66557c66555c66655c66655c66655c66655c66655c66655c66653c56753c56753c56753c56753c5
6753c56753c5674fc3694fc3694fc3694fc3694fc3694fc3694fc3694fc3694bc26c4bc26c4bc26c4bc26c4bc26c4bc26c4bc26c47c06e47c06e47c06e47c06e
47c06e47c06e47c06e44be7044be7044be7044be7044be7044be7044be7044be703ebc733ebc733ebc733ebc733ebc733ebc733ebc733bba753bba753bba753b
ba753bba753bba753bba7536b87736b87736b87736b87736b87736b87736b87736b87730b47a30b47a30b47a30b47a30b47a30b47a30b47a36b87736b87736b8
7736b87736b87736b87736b8773bba753bba753bba753bba753bba753bba753bba753bba753ebc733ebc733ebc733ebc733ebc733ebc733ebc7344be7044be70
44be7044be7044be7044be7044be7047c06e47c06e47c06e47c06e47c06e47c06e47c06e47c06e4bc26c4bc26c4bc26c4bc26c4bc26c4bc26c4bc26c4fc3694f
c3694fc3694fc3694fc3694fc3694fc36953c56753c56753c56753c56753c56753c56753c56755c66655c66655c66655c66655c66655c66655c66655c66657c6
6557c66557c66557c66557c66557c66557c66559c76459c76459c76459c76459c76459c76459c7645bc8625bc8625bc8625bc8625bc8625bc8625bc8625bc862
5ec9615ec9615ec9615ec9615ec9615ec9615ec96160c96060c96060c96060c96060c96060c96060c96062ca5f62ca5f62ca5f62ca5f62ca5f62ca5f62ca5f62
ca5f64cb5d64cb5d64cb5d64cb5d64cb5d64cb5d64cb5d64cb5d64cb5d64cb5d64cb5d64cb5d64cb5d64cb5d67cc5c67cc5c67cc5c67cc5c67cc5c67cc5c67cc
5c67cc5c67cc5c67cc5c67cc5c67cc5c67cc5c67cc5c67cc5c67cc5c67cc5c67cc5c67cc5c67cc5c67cc5c67cc5c69cc5b69cc5b69cc5b69cc5b69cc5b69cc5b
69cc5b69cc5b69cc5b69cc5b69cc5b69cc5b69cc5b69cc5b69cc5b69cc5b69cc5b69cc5b69cc5b69cc5b69cc5b69cc5b69cc5b69cc5b69cc5b69cc5b69cc5b69
cc5b69cc5b69cc5b69cc5b69cc5b69cc5b69cc5b69cc5b69cc5b69cc5b69cc5b69cc5b69cc5b69cc5b69cc5b69cc5b69cc5b69cc5b69cc5b69cc5b69cc5b69cc
5b69cc5b69cc5b69cc5b69cc5b69cc5b69cc5b69cc5b69cc5b69cc5b69cc5b69cc5b69cc5b69cc5b69cc5b69cc5b69cc5b69cc5b69cc5b69cc5b69cc5b69cc5b
69cc5b69cc5b69cc5b67cc5c67cc5c67cc5c67cc5c67cc5c67cc5c67cc5c67cc5c67cc5c67cc5c67cc5c67cc5c67cc5c67cc5c67cc5c67cc5c67cc5c67cc5c67
cc5c67cc5c67cc5c67cc5c64cb5d64cb5d64cb5d64cb5d64cb5d64cb5d64cb5d64cb5d64cb5d64cb5d64cb5d64cb5d64cb5d64cb5d64cb5d62ca5f62ca5f62ca
5f62ca5f62ca5f62ca5f62ca5f60c96060c96060c96060c96060c96060c96060c96060c9605ec9615ec9615ec9615ec9615ec9615ec9615ec9615bc8625bc862
5bc8625bc8625bc8625bc8625bc86259c76459c76459c76459c76459c76459c76459c76459c76457c66557c66557c66557c66557c66557c66557c66555c66655
c66655c66655c66655c66655c66655c66653c56753c56753c56753c56753c56753c56753c5674fc3694fc3694fc3694fc3694fc3694fc3694fc3694fc3694bc2
6c4bc26c4bc26c4bc26c4bc26c4bc26c4bc26c47c06e47c06e47c06e47c06e47c06e47c06e47c06e44be7044be7044be7044be7044be7044be7044be7044be70
3ebc733ebc733ebc733ebc733ebc733ebc733ebc733bba753bba753bba753bba753bba753bba753bba7536b87736b87736b87736b87736b87736b87736b87736
b87730b47a30b47a30b47a30b47a30b47a30b47a30b47a2cb17d2cb17d2cb17d2cb17d2cb17d2cb17d2cb17d30b47a30b47a30b47a30b47a30b47a30b47a30b4
7a30b47a33b67933b67933b67933b67933b67933b67933b67938b97638b97638b97638b97638b97638b97638b9763bba753bba753bba753bba753bba753bba75
3bba753bba753ebc733ebc733ebc733ebc733ebc733ebc733ebc7342be7142be7142be7142be7142be7142be7142be7145bf6f45bf6f45bf6f45bf6f45bf6f45
bf6f45bf6f47c06e47c06e47c06e47c06e47c06e47c06e47c06e47c06e4bc26c4bc26c4bc26c4bc26c4bc26c4bc26c4bc26c4dc26b4dc26b4dc26b4dc26b4dc2
6b4dc26b4dc26b4fc3694fc3694fc3694fc3694fc3694fc3694fc3694fc36951c46851c46851c46851c46851c46851c46851c46853c56753c56753c56753c567
53c56753c56753c56753c56753c56753c56753c56753c56753c56753c56753c56755c66655c66655c66655c66655c66655c66655c66657c66557c66557c66557
c66557c66557c66557c66557c66557c66557c66557c66557c66557c66557c66557c66559c76459c76459c76459c76459c76459c76459c76459c76459c76459c7
6459c76459c76459c76459c76459c76459c76459c76459c76459c76459c76459c76459c7645bc8625bc8625bc8625bc8625bc8625bc8625bc8625bc8625bc862
5bc8625bc8625bc8625bc8625bc8625bc8625bc8625bc8625bc8625bc8625bc8625bc8625bc8625bc8625bc8625bc8625bc8625bc8625bc8625bc8625bc8625b
c8625bc8625bc8625bc8625bc8625bc8625bc8625bc8625bc8625bc8625bc8625bc8625bc8625bc8625bc8625bc8625bc8625bc8625bc8625bc8625bc8625bc8
625bc8625bc8625bc8625bc8625bc8625bc86259c76459c76459c76459c76459c76459c76459c76459c76459c76459c76459c76459c76459c76459c76459c764
59c76459c76459c76459c76459c76459c76459c76457c66557c66557c66557c66557c66557c66557c66557c66557c66557c66557c66557c66557c66557c66557
c66555c66655c66655c66655c66655c66655c66655c66653c56753c56753c56753c56753c56753c56753c56753c56753c56753c56753c56753c56753c56753c5
6753c56751c46851c46851c46851c46851c46851c46851c4684fc3694fc3694fc3694fc3694fc3694fc3694fc3694dc26b4dc26b4dc26b4dc26b4dc26b4dc26b
4dc26b4dc26b4bc26c4bc26c4bc26c4bc26c4bc26c4bc26c4bc26c47c06e47c06e47c06e47c06e47c06e47c06e47c06e45bf6f45bf6f45bf6f45bf6f45bf6f45
bf6f45bf6f42be7142be7142be7142be7142be7142be7142be7142be713ebc733ebc733ebc733ebc733ebc733ebc733ebc733bba753bba753bba753bba753bba
753bba753bba7538b97638b97638b97638b97638b97638b97638b97638b97633b67933b67933b67933b67933b67933b67933b67930b47a30b47a30b47a30b47a
30b47a30b47a30b47a2cb17d2cb17d2cb17d2cb17d2cb17d2cb17d2cb17d2cb17d28ae7f28ae7f28ae7f28ae7f28ae7f28ae7f28ae7f2cb17d2cb17d2cb17d2c
b17d2cb17d2cb17d2cb17d30b47a30b47a30b47a30b47a30b47a30b47a30b47a30b47a33b67933b67933b67933b67933b67933b67933b67938b97638b97638b9
7638b97638b97638b97638b9763bba753bba753bba753bba753bba753bba753bba753bba753ebc733ebc733ebc733ebc733ebc733ebc733ebc7342be7142be71
42be7142be7142be7142be7142be7145bf6f45bf6f45bf6f45bf6f45bf6f45bf6f45bf6f47c06e47c06e47c06e47c06e47c06e47c06e47c06e47c06e4bc26c4b
c26c4bc26c4bc26c4bc26c4bc26c4bc26c4dc26b4dc26b4dc26b4dc26b4dc26b4dc26b4dc26b4fc3694fc3694fc3694fc3694fc3694fc3694fc3694fc36951c4
6851c46851c46851c46851c46851c46851c46853c56753c56753c56753c56753c56753c56753c56753c56753c56753c56753c56753c56753c56753c56753c567
55c66655c66655c66655c66655c66655c66655c66657c66557c66557c66557c66557c66557c66557c66557c66557c66557c66557c66557c66557c66557c66557
c66559c76459c76459c76459c76459c76459c76459c76459c76459c76459c76459c76459c76459c76459c76459c76459c76459c76459c76459c76459c76459c7
6459c7645bc8625bc8625bc8625bc8625bc8625bc8625bc8625bc8625bc8625bc8625bc8625bc8625bc8625bc8625bc8625bc8625bc8625bc8625bc8625bc862
5bc8625bc8625bc8625bc8625bc8625bc8625bc8625bc8625bc8625bc8625bc8625bc8625bc8625bc8625bc8625bc8625bc8625bc8625bc8625bc8625bc8625b
c8625bc8625bc8625bc8625bc8625bc8625bc8625bc8625bc8625bc8625bc8625bc8625bc8625bc8625bc8625bc8625bc86259c76459c76459c76459c76459c7
6459c76459c76459c76459c76459c76459c76459c76459c76459c76459c76459c76459c76459c76459c76459c76459c76459c76457c66557c66557c66557c665
57c66557c66557c66557c66557c66557c66557c66557c66557c66557c66557c66555c66655c66655c66655c66655c66655c66655c66653c56753c56753c56753
c56753c56753c56753c56753c56753c56753c56753c56753c56753c56753c56753c56751c46851c46851c46851c46851c46851c46851c4684fc3694fc3694fc3
694fc3694fc3694fc3694fc3694dc26b4dc26b4dc26b4dc26b4dc26b4dc26b4dc26b4dc26b4bc26c4bc26c4bc26c4bc26c4bc26c4bc26c4bc26c47c06e47c06e
47c06e47c06e47c06e47c06e47c06e45bf6f45bf6f45bf6f45bf6f45bf6f45bf6f45bf6f42be7142be7142be7142be7142be7142be7142be7142be713ebc733e
bc733ebc733ebc733ebc733ebc733ebc733bba753bba753bba753bba753bba753bba753bba7538b97638b97638b97638b97638b97638b97638b97638b97633b6
7933b67933b67933b67933b67933b67933b67930b47a30b47a30b47a30b47a30b47a30b47a30b47a2cb17d2cb17d2cb17d2cb17d2cb17d2cb17d2cb17d2cb17d
28ae7f28ae7f28ae7f28ae7f28ae7f28ae7f28ae7f2cb17d2cb17d2cb17d2cb17d2cb17d2cb17d2cb17d30b47a30b47a30b47a30b47a30b47a30b47a30b47a30
b47a33b67933b67933b67933b67933b67933b67933b67938b97638b97638b97638b97638b97638b97638b9763bba753bba753bba753bba753bba753bba753bba
753bba753ebc733ebc733ebc733ebc733ebc733ebc733ebc7342be7142be7142be7142be7142be7142be7142be7145bf6f45bf6f45bf6f45bf6f45bf6f45bf6f
45bf6f47c06e47c06e47c06e47c06e47c06e47c06e47c06e47c06e4bc26c4bc26c4bc26c4bc26c4bc26c4bc26c4bc26c4dc26b4dc26b4dc26b4dc26b4dc26b4d
c26b4dc26b4fc3694fc3694fc3694fc3694fc3694fc3694fc3694fc36951c46851c46851c46851c46851c46851c46851c46853c56753c56753c56753c56753c5
6753c56753c56753c56753c56753c56753c56753c56753c56753c56753c56755c66655c66655c66655c66655c66655c66655c66657c66557c66557c66557c665
57c66557c66557c66557c66557c66557c66557c66557c66557c66557c66557c66559c76459c76459c76459c76459c76459c76459c76459c76459c76459c76459
c76459c76459c76459c76459c76459c76459c76459c76459c76459c76459c76459c7645bc8625bc8625bc8625bc8625bc8625bc8625bc8625bc8625bc8625bc8
625bc8625bc8625bc8625bc8625bc8625bc8625bc8625bc8625bc8625bc8625bc8625bc8625bc8625bc8625bc8625bc8625bc8625bc8625bc8625bc8625bc862
5bc8625bc8625bc8625bc8625bc8625bc8625bc8625bc8625bc8625bc8625bc8625bc8625bc8625bc8625bc8625bc8625bc8625bc8625bc8625bc8625bc8625b
c8625bc8625bc8625bc8625bc8625bc86259c76459c76459c76459c76459c76459c76459c76459c76459c76459c76459c76459c76459c76459c76459c76459c7
6459c76459c76459c76459c76459c76459c76457c66557c66557c66557c66557c66557c66557c66557c66557c66557c66557c66557c66557c66557c66557c665
55c66655c66655c66655c66655c66655c66655c66653c56753c56753c56753c56753c56753c56753c56753c56753c56753c56753c56753c56753c56753c56753
c56751c46851c46851c46851c46851c46851c46851c4684fc3694fc3694fc3694fc3694fc3694fc3694fc3694dc26b4dc26b4dc26b4dc26b4dc26b4dc26b4dc2
6b4dc26b4bc26c4bc26c4bc26c4bc26c4bc26c4bc26c4bc26c47c06e47c06e47c06e47c06e47c06e47c06e47c06e45bf6f45bf6f45bf6f45bf6f45bf6f45bf6f
45bf6f42be7142be7142be7142be7142be7142be7142be7142be713ebc733ebc733ebc733ebc733ebc733ebc733ebc733bba753bba753bba753bba753bba753b
ba753bba7538b97638b97638b97638b97638b97638b97638b97638b97633b67933b67933b67933b67933b67933b67933b67930b47a30b47a30b47a30b47a30b4
7a30b47a30b47a2cb17d2cb17d2cb17d2cb17d2cb17d2cb17d2cb17d2cb17d28ae7f28ae7f28ae7f28ae7f28ae7f28ae7f28ae7f2cb17d2cb17d2cb17d2cb17d
2cb17d2cb17d2cb17d30b47a30b47a30b47a30b47a30b47a30b47a30b47a30b47a33b67933b67933b67933b67933b67933b67933b67938b97638b97638b97638
b97638b97638b97638b9763bba753bba753bba753bba753bba753bba753bba753bba753ebc733ebc733ebc733ebc733ebc733ebc733ebc7342be7142be7142be
7142be7142be7142be7142be7145bf6f45bf6f45bf6f45bf6f45bf6f45bf6f45bf6f47c06e47c06e47c06e47c06e47c06e47c06e47c06e47c06e4bc26c4bc26c
4bc26c4bc26c4bc26c4bc26c4bc26c4dc26b4dc26b4dc26b4dc26b4dc26b4dc26b4dc26b4fc3694fc3694fc3694fc3694fc3694fc3694fc3694fc36951c46851
c46851c46851c46851c46851c46851c46853c56753c56753c56753c56753c56753c56753c56753c56753c56753c56753c56753c56753c56753c56753c56755c6
6655c66655c66655c66655c66655c66655c66657c66557c66557c66557c66557c66557c66557c66557c66557c66557c66557c66557c66557c66557c66557c665
59c76459c76459c76459c76459c76459c76459c76459c76459c76459c76459c76459c76459c76459c76459c76459c76459c76459c76459c76459c76459c76459
c7645bc8625bc8625bc8625bc8625bc8625bc8625bc8625bc8625bc8625bc8625bc8625bc8625bc8625bc8625bc8625bc8625bc8625bc8625bc8625bc8625bc8
625bc8625bc8625bc8625bc8625bc8625bc8625bc8625bc8625bc8625bc8625bc8625bc8625bc8625bc8625bc8625bc8625bc8625bc8625bc8625bc8625bc862
5bc8625bc8625bc8625bc8625bc8625bc8625bc8625bc8625bc8625bc8625bc8625bc8625bc8625bc8625bc8625bc86259c76459c76459c76459c76459c76459
c76459c76459c76459c76459c76459c76459c76459c76459c76459c76459c76459c76459c76459c76459c76459c76459c76457c66557c66557c66557c66557c6
6557c66557c66557c66557c66557c66557c66557c66557c66557c66557c66555c66655c66655c66655c66655c66655c66655c66653c56753c56753c56753c567
53c56753c56753c56753c56753c56753c56753c56753c56753c56753c56753c56751c46851c46851c46851c46851c46851c46851c4684fc3694fc3694fc3694f
c3694fc3694fc3694fc3694dc26b4dc26b4dc26b4dc26b4dc26b4dc26b4dc26b4dc26b4bc26c4bc26c4bc26c4bc26c4bc26c4bc26c4bc26c47c06e47c06e47c0
6e47c06e47c06e47c06e47c06e45bf6f45bf6f45bf6f45bf6f45bf6f45bf6f45bf6f42be7142be7142be7142be7142be7142be7142be7142be713ebc733ebc73
3ebc733ebc733ebc733ebc733ebc733bba753bba753bba753bba753bba753bba753bba7538b97638b97638b97638b97638b97638b97638b97638b97633b67933
b67933b67933b67933b67933b67933b67930b47a30b47a30b47a30b47a30b47a30b47a30b47a2cb17d2cb17d2cb17d2cb17d2cb17d2cb17d2cb17d2cb17d28ae
7f28ae7f28ae7f28ae7f28ae7f28ae7f28ae7f2cb17d2cb17d2cb17d2cb17d2cb17d2cb17d2cb17d30b47a30b47a30b47a30b47a30b47a30b47a30b47a30b47a
33b67933b67933b67933b67933b67933b67933b67938b97638b97638b97638b97638b97638b97638b9763bba753bba753bba753bba753bba753bba753bba753b
ba753ebc733ebc733ebc733ebc733ebc733ebc733ebc7342be7142be7142be7142be7142be7142be7142be7145bf6f45bf6f45bf6f45bf6f45bf6f45bf6f45bf
6f47c06e47c06e47c06e47c06e47c06e47c06e47c06e47c06e4bc26c4bc26c4bc26c4bc26c4bc26c4bc26c4bc26c4dc26b4dc26b4dc26b4dc26b4dc26b4dc26b
4dc26b4fc3694fc3694fc3694fc3694fc3694fc3694fc3694fc36951c46851c46851c46851c46851c46851c46851c46853c56753c56753c56753c56753c56753
c56753c56753c56753c56753c56753c56753c56753c56753c56753c56755c66655c66655c66655c66655c66655c66655c66657c66557c66557c66557c66557c6
6557c66557c66557c66557c66557c66557c66557c66557c66557c66557c66559c76459c76459c76459c76459c76459c76459c76459c76459c76459c76459c764
59c76459c76459c76459c76459c76459c76459c76459c76459c76459c76459c7645bc8625bc8625bc8625bc8625bc8625bc8625bc8625bc8625bc8625bc8625b
c8625bc8625bc8625bc8625bc8625bc8625bc8625bc8625bc8625bc8625bc8625bc8625bc8625bc8625bc8625bc8625bc8625bc8625bc8625bc8625bc8625bc8
625bc8625bc8625bc8625bc8625bc8625bc8625bc8625bc8625bc8625bc8625bc8625bc8625bc8625bc8625bc8625bc8625bc8625bc8625bc8625bc8625bc862
5bc8625bc8625bc8625bc8625bc86259c76459c76459c76459c76459c76459c76459c76459c76459c76459c76459c76459c76459c76459c76459c76459c76459
c76459c76459c76459c76459c76459c76457c66557c66557c66557c66557c66557c66557c66557c66557c66557c66557c66557c66557c66557c66557c66555c6
6655c66655c66655c66655c66655c66655c66653c56753c56753c56753c56753c56753c56753c56753c56753c56753c56753c56753c56753c56753c56753c567
51c46851c46851c46851c46851c46851c46851c4684fc3694fc3694fc3694fc3694fc3694fc3694fc3694dc26b4dc26b4dc26b4dc26b4dc26b4dc26b4dc26b4d
c26b4bc26c4bc26c4bc26c4bc26c4bc26c4bc26c4bc26c47c06e47c06e47c06e47c06e47c06e47c06e47c06e45bf6f45bf6f45bf6f45bf6f45bf6f45bf6f45bf
6f42be7142be7142be7142be7142be7142be7142be7142be713ebc733ebc733ebc733ebc733ebc733ebc733ebc733bba753bba753bba753bba753bba753bba75
3bba7538b97638b97638b97638b97638b97638b97638b97638b97633b67933b67933b67933b67933b67933b67933b67930b47a30b47a30b47a30b47a30b47a30
b47a30b47a2cb17d2cb17d2cb17d2cb17d2cb17d2cb17d2cb17d2cb17d28ae7f28ae7f28ae7f28ae7f28ae7f28ae7f28ae7f2cb17d2cb17d2cb17d2cb17d2cb1
7d2cb17d2cb17d30b47a30b47a30b47a30b47a30b47a30b47a30b47a30b47a33b67933b67933b67933b67933b67933b67933b67938b97638b97638b97638b976
38b97638b97638b9763bba753bba753bba753bba753bba753bba753bba753bba753ebc733ebc733ebc733ebc733ebc733ebc733ebc7342be7142be7142be7142
be7142be7142be7142be7145bf6f45bf6f45bf6f45bf6f45bf6f45bf6f45bf6f47c06e47c06e47c06e47c06e47c06e47c06e47c06e47c06e4bc26c4bc26c4bc2
6c4bc26c4bc26c4bc26c4bc26c4dc26b4dc26b4dc26b4dc26b4dc26b4dc26b4dc26b4fc3694fc3694fc3694fc3694fc3694fc3694fc3694fc36951c46851c468
51c46851c46851c46851c46851c46853c56753c56753c56753c56753c56753c56753c56753c56753c56753c56753c56753c56753c56753c56753c56755c66655
c66655c66655c66655c66655c66655c66657c66557c66557c66557c66557c66557c66557c66557c66557c66557c66557c66557c66557c66557c66557c66559c7
6459c76459c76459c76459c76459c76459c76459c76459c76459c76459c76459c76459c76459c76459c76459c76459c76459c76459c76459c76459c76459c764
5bc8625bc8625bc8625bc8625bc8625bc8625bc8625bc8625bc8625bc8625bc8625bc8625bc8625bc8625bc8625bc8625bc8625bc8625bc8625bc8625bc8625b
c8625bc8625bc8625bc8625bc8625bc8625bc8625bc8625bc8625bc8625bc8625bc8625bc8625bc8625bc8625bc8625bc8625bc8625bc8625bc8625bc8625bc8
625bc8625bc8625bc8625bc8625bc8625bc8625bc8625bc8625bc8625bc8625bc8625bc8625bc8625bc8625bc86259c76459c76459c76459c76459c76459c764
59c76459c76459c76459c76459c76459c76459c76459c76459c76459c76459c76459c76459c76459c76459c76459c76457c66557c66557c66557c66557c66557
c66557c66557c66557c66557c66557c66557c66557c66557c66557c66555c66655c66655c66655c66655c66655c66655c66653c56753c56753c56753c56753c5
6753c56753c56753c56753c56753c56753c56753c56753c56753c56753c56751c46851c46851c46851c46851c46851c46851c4684fc3694fc3694fc3694fc369
4fc3694fc3694fc3694dc26b4dc26b4dc26b4dc26b4dc26b4dc26b4dc26b4dc26b4bc26c4bc26c4bc26c4bc26c4bc26c4bc26c4bc26c47c06e47c06e47c06e47
c06e47c06e47c06e47c06e45bf6f45bf6f45bf6f45bf6f45bf6f45bf6f45bf6f42be7142be7142be7142be7142be7142be7142be7142be713ebc733ebc733ebc
733ebc733ebc733ebc733ebc733bba753bba753bba753bba753bba753bba753bba7538b97638b97638b97638b97638b97638b97638b97638b97633b67933b679
33b67933b67933b67933b67933b67930b47a30b47a30b47a30b47a30b47a30b47a30b47a2cb17d2cb17d2cb17d2cb17d2cb17d2cb17d2cb17d2cb17d28ae7f28
ae7f28ae7f28ae7f28ae7f28ae7f28ae7f2cb17d2cb17d2cb17d2cb17d2cb17d2cb17d2cb17d30b47a30b47a30b47a30b47a30b47a30b47a30b47a30b47a33b6
7933b67933b67933b67933b67933b67933b67938b97638b97638b97638b97638b97638b97638b9763bba753bba753bba753bba753bba753bba753bba753bba75
3ebc733ebc733ebc733ebc733ebc733ebc733ebc7342be7142be7142be7142be7142be7142be7142be7145bf6f45bf6f45bf6f45bf6f45bf6f45bf6f45bf6f47
c06e47c06e47c06e47c06e47c06e47c06e47c06e47c06e4bc26c4bc26c4bc26c4bc26c4bc26c4bc26c4bc26c4dc26b4dc26b4dc26b4dc26b4dc26b4dc26b4dc2
6b4fc3694fc3694fc3694fc3694fc3694fc3694fc3694fc36951c46851c46851c46851c46851c46851c46851c46853c56753c56753c56753c56753c56753c567
53c56753c56753c56753c56753c56753c56753c56753c56753c56755c66655c66655c66655c66655c66655c66655c66657c66557c66557c66557c66557c66557
c66557c66557c66557c66557c66557c66557c66557c66557c66557c66559c76459c76459c76459c76459c76459c76459c76459c76459c76459c76459c76459c7
6459c76459c76459c76459c76459c76459c76459c76459c76459c76459c7645bc8625bc8625bc8625bc8625bc8625bc8625bc8625bc8625bc8625bc8625bc862
5bc8625bc8625bc8625bc8625bc8625bc8625bc8625bc8625bc8625bc8625bc8625bc8625bc8625bc8625bc8625bc8625bc8625bc8625bc8625bc8625bc8625b
c8625bc8625bc8625bc8625bc8625bc8625bc8625bc8625bc8625bc8625bc8625bc8625bc8625bc8625bc8625bc8625bc8625bc8625bc8625bc8625bc8625bc8
625bc8625bc8625bc8625bc86259c76459c76459c76459c76459c76459c76459c76459c76459c76459c76459c76459c76459c76459c76459c76459c76459c764
59c76459c76459c76459c76459c76457c66557c66557c66557c66557c66557c66557c66557c66557c66557c66557c66557c66557c66557c66557c66555c66655
c66655c66655c66655c66655c66655c66653c56753c56753c56753c56753c56753c56753c56753c56753c56753c56753c56753c56753c56753c56753c56751c4
6851c46851c46851c46851c46851c46851c4684fc3694fc3694fc3694fc3694fc3694fc3694fc3694dc26b4dc26b4dc26b4dc26b4dc26b4dc26b4dc26b4dc26b
4bc26c4bc26c4bc26c4bc26c4bc26c4bc26c4bc26c47c06e47c06e47c06e47c06e47c06e47c06e47c06e45bf6f45bf6f45bf6f45bf6f45bf6f45bf6f45bf6f42
be7142be7142be7142be7142be7142be7142be7142be713ebc733ebc733ebc733ebc733ebc733ebc733ebc733bba753bba753bba753bba753bba753bba753bba
7538b97638b97638b97638b97638b97638b97638b97638b97633b67933b67933b67933b67933b67933b67933b67930b47a30b47a30b47a30b47a30b47a30b47a
30b47a2cb17d2cb17d2cb17d2cb17d2cb17d2cb17d2cb17d2cb17d28ae7f28ae7f28ae7f28ae7f28ae7f28ae7f28ae7f25ab8125ab8125ab8125ab8125ab8125
ab8125ab8128ae7f28ae7f28ae7f28ae7f28ae7f28ae7f28ae7f28ae7f2bb17d2bb17d2bb17d2bb17d2bb17d2bb17d2bb17d2eb27c2eb27c2eb27c2eb27c2eb2
7c2eb27c2eb27c30b47a30b47a30b47a30b47a30b47a30b47a30b47a30b47a33b67933b67933b67933b67933b67933b67933b67936b87736b87736b87736b877
36b87736b87736b87739b97639b97639b97639b97639b97639b97639b9763dbb743dbb743dbb743dbb743dbb743dbb743dbb743dbb743ebc733ebc733ebc733e
bc733ebc733ebc733ebc7340bd7240bd7240bd7240bd7240bd7240bd7240bd7242be7142be7142be7142be7142be7142be7142be7142be7144be7044be7044be
7044be7044be7044be7044be7045bf6f45bf6f45bf6f45bf6f45bf6f45bf6f45bf6f47c06e47c06e47c06e47c06e47c06e47c06e47c06e47c06e49c16d49c16d
49c16d49c16d49c16d49c16d49c16d49c16d49c16d49c16d49c16d49c16d49c16d49c16d4bc26c4bc26c4bc26c4bc26c4bc26c4bc26c4bc26c4bc26c4bc26c4b
c26c4bc26c4bc26c4bc26c4bc26c4bc26c4dc26b4dc26b4dc26b4dc26b4dc26b4dc26b4dc26b4dc26b4dc26b4dc26b4dc26b4dc26b4dc26b4dc26b4dc26b4dc2
6b4dc26b4dc26b4dc26b4dc26b4dc26b4dc26b4fc3694fc3694fc3694fc3694fc3694fc3694fc3694fc3694fc3694fc3694fc3694fc3694fc3694fc3694fc369
4fc3694fc3694fc3694fc3694fc3694fc3694fc3694fc3694fc3694fc3694fc3694fc3694fc3694fc3694fc3694fc3694fc3694fc3694fc3694fc3694fc3694f
c3694fc3694fc3694fc3694fc3694fc3694fc3694fc3694dc26b4dc26b4dc26b4dc26b4dc26b4dc26b4dc26b4dc26b4dc26b4dc26b4dc26b4dc26b4dc26b4dc2
6b4dc26b4dc26b4dc26b4dc26b4dc26b4dc26b4dc26b4dc26b4bc26c4bc26c4bc26c4bc26c4bc26c4bc26c4bc26c4bc26c4bc26c4bc26c4bc26c4bc26c4bc26c
4bc26c49c16d49c16d49c16d49c16d49c16d49c16d49c16d49c16d49c16d49c16d49c16d49c16d49c16d49c16d49c16d47c06e47c06e47c06e47c06e47c06e47
c06e47c06e45bf6f45bf6f45bf6f45bf6f45bf6f45bf6f45bf6f45bf6f44be7044be7044be7044be7044be7044be7044be7042be7142be7142be7142be7142be
7142be7142be7140bd7240bd7240bd7240bd7240bd7240bd7240bd7240bd723ebc733ebc733ebc733ebc733ebc733ebc733ebc733dbb743dbb743dbb743dbb74
3dbb743dbb743dbb7439b97639b97639b97639b97639b97639b97639b97636b87736b87736b87736b87736b87736b87736b87736b87733b67933b67933b67933
b67933b67933b67933b67930b47a30b47a30b47a30b47a30b47a30b47a30b47a2eb27c2eb27c2eb27c2eb27c2eb27c2eb27c2eb27c2eb27c2bb17d2bb17d2bb1
7d2bb17d2bb17d2bb17d2bb17d28ae7f28ae7f28ae7f28ae7f28ae7f28ae7f28ae7f25ab8125ab8125ab8125ab8125ab8125ab8125ab8125ab8123a88323a883
23a88323a88323a88323a88323a88325ab8125ab8125ab8125ab8125ab8125ab8125ab8128ae7f28ae7f28ae7f28ae7f28ae7f28ae7f28ae7f28ae7f2bb17d2b
b17d2bb17d2bb17d2bb17d2bb17d2bb17d2eb27c2eb27c2eb27c2eb27c2eb27c2eb27c2eb27c30b47a30b47a30b47a30b47a30b47a30b47a30b47a30b47a33b6
7933b67933b67933b67933b67933b67933b67936b87736b87736b87736b87736b87736b87736b87739b97639b97639b97639b97639b97639b97639b9763dbb74
3dbb743dbb743dbb743dbb743dbb743dbb743dbb743ebc733ebc733ebc733ebc733ebc733ebc733ebc7340bd7240bd7240bd7240bd7240bd7240bd7240bd7242
be7142be7142be7142be7142be7142be7142be7142be7144be7044be7044be7044be7044be7044be7044be7045bf6f45bf6f45bf6f45bf6f45bf6f45bf6f45bf
6f47c06e47c06e47c06e47c06e47c06e47c06e47c06e47c06e49c16d49c16d49c16d49c16d49c16d49c16d49c16d49c16d49c16d49c16d49c16d49c16d49c16d
49c16d4bc26c4bc26c4bc26c4bc26c4bc26c4bc26c4bc26c4bc26c4bc26c4bc26c4bc26c4bc26c4bc26c4bc26c4bc26c4dc26b4dc26b4dc26b4dc26b4dc26b4d
c26b4dc26b4dc26b4dc26b4dc26b4dc26b4dc26b4dc26b4dc26b4dc26b4dc26b4dc26b4dc26b4dc26b4dc26b4dc26b4dc26b4fc3694fc3694fc3694fc3694fc3
694fc3694fc3694fc3694fc3694fc3694fc3694fc3694fc3694fc3694fc3694fc3694fc3694fc3694fc3694fc3694fc3694fc3694fc3694fc3694fc3694fc369
4fc3694fc3694fc3694fc3694fc3694fc3694fc3694fc3694fc3694fc3694fc3694fc3694fc3694fc3694fc3694fc3694fc3694fc3694dc26b4dc26b4dc26b4d
c26b4dc26b4dc26b4dc26b4dc26b4dc26b4dc26b4dc26b4dc26b4dc26b4dc26b4dc26b4dc26b4dc26b4dc26b4dc26b4dc26b4dc26b4dc26b4bc26c4bc26c4bc2
6c4bc26c4bc26c4bc26c4bc26c4bc26c4bc26c4bc26c4bc26c4bc26c4bc26c4bc26c49c16d49c16d49c16d49c16d49c16d49c16d49c16d49c16d49c16d49c16d
49c16d49c16d49c16d49c16d49c16d47c06e47c06e47c06e47c06e47c06e47c06e47c06e45bf6f45bf6f45bf6f45bf6f45bf6f45bf6f45bf6f45bf6f44be7044
be7044be7044be7044be7044be7044be7042be7142be7142be7142be7142be7142be7142be7140bd7240bd7240bd7240bd7240bd7240bd7240bd7240bd723ebc
733ebc733ebc733ebc733ebc733ebc733ebc733dbb743dbb743dbb743dbb743dbb743dbb743dbb7439b97639b97639b97639b97639b97639b97639b97636b877
36b87736b87736b87736b87736b87736b87736b87733b67933b67933b67933b67933b67933b67933b67930b47a30b47a30b47a30b47a30b47a30b47a30b47a2e
b27c2eb27c2eb27c2eb27c2eb27c2eb27c2eb27c2eb27c2bb17d2bb17d2bb17d2bb17d2bb17d2bb17d2bb17d28ae7f28ae7f28ae7f28ae7f28ae7f28ae7f28ae
7f25ab8125ab8125ab8125ab8125ab8125ab8125ab8125ab8123a88323a88323a88323a88323a88323a88323a88325ab8125ab8125ab8125ab8125ab8125ab81
25ab8128ae7f28ae7f28ae7f28ae7f28ae7f28ae7f28ae7f28ae7f2bb17d2bb17d2bb17d2bb17d2bb17d2bb17d2bb17d2eb27c2eb27c2eb27c2eb27c2eb27c2e
b27c2eb27c30b47a30b47a30b47a30b47a30b47a30b47a30b47a30b47a33b67933b67933b67933b67933b67933b67933b67936b87736b87736b87736b87736b8
7736b87736b87739b97639b97639b97639b97639b97639b97639b9763dbb743dbb743dbb743dbb743dbb743dbb743dbb743dbb743ebc733ebc733ebc733ebc73
3ebc733ebc733ebc7340bd7240bd7240bd7240bd7240bd7240bd7240bd7242be7142be7142be7142be7142be7142be7142be7142be7144be7044be7044be7044
be7044be7044be7044be7045bf6f45bf6f45bf6f45bf6f45bf6f45bf6f45bf6f47c06e47c06e47c06e47c06e47c06e47c06e47c06e47c06e49c16d49c16d49c1
6d49c16d49c16d49c16d49c16d49c16d49c16d49c16d49c16d49c16d49c16d49c16d4bc26c4bc26c4bc26c4bc26c4bc26c4bc26c4bc26c4bc26c4bc26c4bc26c
4bc26c4bc26c4bc26c4bc26c4bc26c4dc26b4dc26b4dc26b4dc26b4dc26b4dc26b4dc26b4dc26b4dc26b4dc26b4dc26b4dc26b4dc26b4dc26b4dc26b4dc26b4d
c26b4dc26b4dc26b4dc26b4dc26b4dc26b4fc3694fc3694fc3694fc3694fc3694fc3694fc3694fc3694fc3694fc3694fc3694fc3694fc3694fc3694fc3694fc3
694fc3694fc3694fc3694fc3694fc3694fc3694fc3694fc3694fc3694fc3694fc3694fc3694fc3694fc3694fc3694fc3694fc3694fc3694fc3694fc3694fc369
4fc3694fc3694fc3694fc3694fc3694fc3694fc3694dc26b4dc26b4dc26b4dc26b4dc26b4dc26b4dc26b4dc26b4dc26b4dc26b4dc26b4dc26b4dc26b4dc26b4d
c26b4dc26b4dc26b4dc26b4dc26b4dc26b4dc26b4dc26b4bc26c4bc26c4bc26c4bc26c4bc26c4bc26c4bc26c4bc26c4bc26c4bc26c4bc26c4bc26c4bc26c4bc2
6c49c16d49c16d49c16d49c16d49c16d49c16d49c16d49c16d49c16d49c16d49c16d49c16d49c16d49c16d49c16d47c06e47c06e47c06e47c06e47c06e47c06e
47c06e45bf6f45bf6f45bf6f45bf6f45bf6f45bf6f45bf6f45bf6f44be7044be7044be7044be7044be7044be7044be7042be7142be7142be7142be7142be7142
be7142be7140bd7240bd7240bd7240bd7240bd7240bd7240bd7240bd723ebc733ebc733ebc733ebc733ebc733ebc733ebc733dbb743dbb743dbb743dbb743dbb
743dbb743dbb7439b97639b97639b97639b97639b97639b97639b97636b87736b87736b87736b87736b87736b87736b87736b87733b67933b67933b67933b679
33b67933b67933b67930b47a30b47a30b47a30b47a30b47a30b47a30b47a2eb27c2eb27c2eb27c2eb27c2eb27c2eb27c2eb27c2eb27c2bb17d2bb17d2bb17d2b
b17d2bb17d2bb17d2bb17d28ae7f28ae7f28ae7f28ae7f28ae7f28ae7f28ae7f25ab8125ab8125ab8125ab8125ab8125ab8125ab8125ab8123a88323a88323a8
8323a88323a88323a88323a88325ab8125ab8125ab8125ab8125ab8125ab8125ab8128ae7f28ae7f28ae7f28ae7f28ae7f28ae7f28ae7f28ae7f2bb17d2bb17d
2bb17d2bb17d2bb17d2bb17d2bb17d2eb27c2eb27c2eb27c2eb27c2eb27c2eb27c2eb27c30b47a30b47a30b47a30b47a30b47a30b47a30b47a30b47a33b67933
b67933b67933b67933b67933b67933b67936b87736b87736b87736b87736b87736b87736b87739b97639b97639b97639b97639b97639b97639b9763dbb743dbb
743dbb743dbb743dbb743dbb743dbb743dbb743ebc733ebc733ebc733ebc733ebc733ebc733ebc7340bd7240bd7240bd7240bd7240bd7240bd7240bd7242be71
42be7142be7142be7142be7142be7142be7142be7144be7044be7044be7044be7044be7044be7044be7045bf6f45bf6f45bf6f45bf6f45bf6f45bf6f45bf6f47
c06e47c06e47c06e47c06e47c06e47c06e47c06e47c06e49c16d49c16d49c16d49c16d49c16d49c16d49c16d49c16d49c16d49c16d49c16d49c16d49c16d49c1
6d4bc26c4bc26c4bc26c4bc26c4bc26c4bc26c4bc26c4bc26c4bc26c4bc26c4bc26c4bc26c4bc26c4bc26c4bc26c4dc26b4dc26b4dc26b4dc26b4dc26b4dc26b
4dc26b4dc26b4dc26b4dc26b4dc26b4dc26b4dc26b4dc26b4dc26b4dc26b4dc26b4dc26b4dc26b4dc26b4dc26b4dc26b4fc3694fc3694fc3694fc3694fc3694f
c3694fc3694fc3694fc3694fc3694fc3694fc3694fc3694fc3694fc3694fc3694fc3694fc3694fc3694fc3694fc3694fc3694fc3694fc3694fc3694fc3694fc3
694fc3694fc3694fc3694fc3694fc3694fc3694fc3694fc3694fc3694fc3694fc3694fc3694fc3694fc3694fc3694fc3694fc3694dc26b4dc26b4dc26b4dc26b
4dc26b4dc26b4dc26b4dc26b4dc26b4dc26b4dc26b4dc26b4dc26b4dc26b4dc26b4dc26b4dc26b4dc26b4dc26b4dc26b4dc26b4dc26b4bc26c4bc26c4bc26c4b
c26c4bc26c4bc26c4bc26c4bc26c4bc26c4bc26c4bc26c4bc26c4bc26c4bc26c49c16d49c16d49c16d49c16d49c16d49c16d49c16d49c16d49c16d49c16d49c1
6d49c16d49c16d49c16d49c16d47c06e47c06e47c06e47c06e47c06e47c06e47c06e45bf6f45bf6f45bf6f45bf6f45bf6f45bf6f45bf6f45bf6f44be7044be70
44be7044be7044be7044be7044be7042be7142be7142be7142be7142be7142be7142be7140bd7240bd7240bd7240bd7240bd7240bd7240bd7240bd723ebc733e
bc733ebc733ebc733ebc733ebc733ebc733dbb743dbb743dbb743dbb743dbb743dbb743dbb7439b97639b97639b97639b97639b97639b97639b97636b87736b8
7736b87736b87736b87736b87736b87736b87733b67933b67933b67933b67933b67933b67933b67930b47a30b47a30b47a30b47a30b47a30b47a30b47a2eb27c
2eb27c2eb27c2eb27c2eb27c2eb27c2eb27c2eb27c2bb17d2bb17d2bb17d2bb17d2bb17d2bb17d2bb17d28ae7f28ae7f28ae7f28ae7f28ae7f28ae7f28ae7f25
ab8125ab8125ab8125ab8125ab8125ab8125ab8125ab8123a88323a88323a88323a88323a88323a88323a88325ab8125ab8125ab8125ab8125ab8125ab8125ab
8128ae7f28ae7f28ae7f28ae7f28ae7f28ae7f28ae7f28ae7f2bb17d2bb17d2bb17d2bb17d2bb17d2bb17d2bb17d2eb27c2eb27c2eb27c2eb27c2eb27c2eb27c
2eb27c30b47a30b47a30b47a30b47a30b47a30b47a30b47a30b47a33b67933b67933b67933b67933b67933b67933b67936b87736b87736b87736b87736b87736
b87736b87739b97639b97639b97639b97639b97639b97639b9763dbb743dbb743dbb743dbb743dbb743dbb743dbb743dbb743ebc733ebc733ebc733ebc733ebc
733ebc733ebc7340bd7240bd7240bd7240bd7240bd7240bd7240bd7242be7142be7142be7142be7142be7142be7142be7142be7144be7044be7044be7044be70
44be7044be7044be7045bf6f45bf6f45bf6f45bf6f45bf6f45bf6f45bf6f47c06e47c06e47c06e47c06e47c06e47c06e47c06e47c06e49c16d49c16d49c16d49
c16d49c16d49c16d49c16d49c16d49c16d49c16d49c16d49c16d49c16d49c16d4bc26c4bc26c4bc26c4bc26c4bc26c4bc26c4bc26c4bc26c4bc26c4bc26c4bc2
6c4bc26c4bc26c4bc26c4bc26c4dc26b4dc26b4dc26b4dc26b4dc26b4dc26b4dc26b4dc26b4dc26b4dc26b4dc26b4dc26b4dc26b4dc26b4dc26b4dc26b4dc26b
4dc26b4dc26b4dc26b4dc26b4dc26b4fc3694fc3694fc3694fc3694fc3694fc3694fc3694fc3694fc3694fc3694fc3694fc3694fc3694fc3694fc3694fc3694f
c3694fc3694fc3694fc3694fc3694fc3694fc3694fc3694fc3694fc3694fc3694fc3694fc3694fc3694fc3694fc3694fc3694fc3694fc3694fc3694fc3694fc3
694fc3694fc3694fc3694fc3694fc3694fc3694dc26b4dc26b4dc26b4dc26b4dc26b4dc26b4dc26b4dc26b4dc26b4dc26b4dc26b4dc26b4dc26b4dc26b4dc26b
4dc26b4dc26b4dc26b4dc26b4dc26b4dc26b4dc26b4bc26c4bc26c4bc26c4bc26c4bc26c4bc26c4bc26c4bc26c4bc26c4bc26c4bc26c4bc26c4bc26c4bc26c49
c16d49c16d49c16d49c16d49c16d49c16d49c16d49c16d49c16d49c16d49c16d49c16d49c16d49c16d49c16d47c06e47c06e47c06e47c06e47c06e47c06e47c0
6e45bf6f45bf6f45bf6f45bf6f45bf6f45bf6f45bf6f45bf6f44be7044be7044be7044be7044be7044be7044be7042be7142be7142be7142be7142be7142be71
42be7140bd7240bd7240bd7240bd7240bd7240bd7240bd7240bd723ebc733ebc733ebc733ebc733ebc733ebc733ebc733dbb743dbb743dbb743dbb743dbb743d
bb743dbb7439b97639b97639b97639b97639b97639b97639b97636b87736b87736b87736b87736b87736b87736b87736b87733b67933b67933b67933b67933b6
7933b67933b67930b47a30b47a30b47a30b47a30b47a30b47a30b47a2eb27c2eb27c2eb27c2eb27c2eb27c2eb27c2eb27c2eb27c2bb17d2bb17d2bb17d2bb17d
2bb17d2bb17d2bb17d28ae7f28ae7f28ae7f28ae7f28ae7f28ae7f28ae7f25ab8125ab8125ab8125ab8125ab8125ab8125ab8125ab8123a88323a88323a88323
a88323a88323a88323a88325ab8125ab8125ab8125ab8125ab8125ab8125ab8128ae7f28ae7f28ae7f28ae7f28ae7f28ae7f28ae7f28ae7f2bb17d2bb17d2bb1
7d2bb17d2bb17d2bb17d2bb17d2eb27c2eb27c2eb27c2eb27c2eb27c2eb27c2eb27c30b47a30b47a30b47a30b47a30b47a30b47a30b47a30b47a33b67933b679
33b67933b67933b67933b67933b67936b87736b87736b87736b87736b87736b87736b87739b97639b97639b97639b97639b97639b97639b9763dbb743dbb743d
bb743dbb743dbb743dbb743dbb743dbb743ebc733ebc733ebc733ebc733ebc733ebc733ebc7340bd7240bd7240bd7240bd7240bd7240bd7240bd7242be7142be
7142be7142be7142be7142be7142be7142be7144be7044be7044be7044be7044be7044be7044be7045bf6f45bf6f45bf6f45bf6f45bf6f45bf6f45bf6f47c06e
47c06e47c06e47c06e47c06e47c06e47c06e47c06e49c16d49c16d49c16d49c16d49c16d49c16d49c16d49c16d49c16d49c16d49c16d49c16d49c16d49c16d4b
c26c4bc26c4bc26c4bc26c4bc26c4bc26c4bc26c4bc26c4bc26c4bc26c4bc26c4bc26c4bc26c4bc26c4bc26c4dc26b4dc26b4dc26b4dc26b4dc26b4dc26b4dc2
6b4dc26b4dc26b4dc26b4dc26b4dc26b4dc26b4dc26b4dc26b4dc26b4dc26b4dc26b4dc26b4dc26b4dc26b4dc26b4fc3694fc3694fc3694fc3694fc3694fc369
4fc3694fc3694fc3694fc3694fc3694fc3694fc3694fc3694fc3694fc3694fc3694fc3694fc3694fc3694fc3694fc3694fc3694fc3694fc3694fc3694fc3694f
c3694fc3694fc3694fc3694fc3694fc3694fc3694fc3694fc3694fc3694fc3694fc3694fc3694fc3694fc3694fc3694fc3694dc26b4dc26b4dc26b4dc26b4dc2
6b4dc26b4dc26b4dc26b4dc26b4dc26b4dc26b4dc26b4dc26b4dc26b4dc26b4dc26b4dc26b4dc26b4dc26b4dc26b4dc26b4dc26b4bc26c4bc26c4bc26c4bc26c
4bc26c4bc26c4bc26c4bc26c4bc26c4bc26c4bc26c4bc26c4bc26c4bc26c49c16d49c16d49c16d49c16d49c16d49c16d49c16d49c16d49c16d49c16d49c16d49
c16d49c16d49c16d49c16d47c06e47c06e47c06e47c06e47c06e47c06e47c06e45bf6f45bf6f45bf6f45bf6f45bf6f45bf6f45bf6f45bf6f44be7044be7044be
7044be7044be7044be7044be7042be7142be7142be7142be7142be7142be7142be7140bd7240bd7240bd7240bd7240bd7240bd7240bd7240bd723ebc733ebc73
3ebc733ebc733ebc733ebc733ebc733dbb743dbb743dbb743dbb743dbb743dbb743dbb7439b97639b97639b97639b97639b97639b97639b97636b87736b87736
b87736b87736b87736b87736b87736b87733b67933b67933b67933b67933b67933b67933b67930b47a30b47a30b47a30b47a30b47a30b47a30b47a2eb27c2eb2
7c2eb27c2eb27c2eb27c2eb27c2eb27c2eb27c2bb17d2bb17d2bb17d2bb17d2bb17d2bb17d2bb17d28ae7f28ae7f28ae7f28ae7f28ae7f28ae7f28ae7f25ab81
25ab8125ab8125ab8125ab8125ab8125ab8125ab8123a88323a88323a88323a88323a88323a88323a88325ab8125ab8125ab8125ab8125ab8125ab8125ab8128
ae7f28ae7f28ae7f28ae7f28ae7f28ae7f28ae7f28ae7f2bb17d2bb17d2bb17d2bb17d2bb17d2bb17d2bb17d2eb27c2eb27c2eb27c2eb27c2eb27c2eb27c2eb2
7c30b47a30b47a30b47a30b47a30b47a30b47a30b47a30b47a33b67933b67933b67933b67933b67933b67933b67936b87736b87736b87736b87736b87736b877
36b87739b97639b97639b97639b97639b97639b97639b9763dbb743dbb743dbb743dbb743dbb743dbb743dbb743dbb743ebc733ebc733ebc733ebc733ebc733e
bc733ebc7340bd7240bd7240bd7240bd7240bd7240bd7240bd7242be7142be7142be7142be7142be7142be7142be7142be7144be7044be7044be7044be7044be
7044be7044be7045bf6f45bf6f45bf6f45bf6f45bf6f45bf6f45bf6f47c06e47c06e47c06e47c06e47c06e47c06e47c06e47c06e49c16d49c16d49c16d49c16d
49c16d49c16d49c16d49c16d49c16d49c16d49c16d49c16d49c16d49c16d4bc26c4bc26c4bc26c4bc26c4bc26c4bc26c4bc26c4bc26c4bc26c4bc26c4bc26c4b
c26c4bc26c4bc26c4bc26c4dc26b4dc26b4dc26b4dc26b4dc26b4dc26b4dc26b4dc26b4dc26b4dc26b4dc26b4dc26b4dc26b4dc26b4dc26b4dc26b4dc26b4dc2
6b4dc26b4dc26b4dc26b4dc26b4fc3694fc3694fc3694fc3694fc3694fc3694fc3694fc3694fc3694fc3694fc3694fc3694fc3694fc3694fc3694fc3694fc369
4fc3694fc3694fc3694fc3694fc3694fc3694fc3694fc3694fc3694fc3694fc3694fc3694fc3694fc3694fc3694fc3694fc3694fc3694fc3694fc3694fc3694f
c3694fc3694fc3694fc3694fc3694fc3694dc26b4dc26b4dc26b4dc26b4dc26b4dc26b4dc26b4dc26b4dc26b4dc26b4dc26b4dc26b4dc26b4dc26b4dc26b4dc2
6b4dc26b4dc26b4dc26b4dc26b4dc26b4dc26b4bc26c4bc26c4bc26c4bc26c4bc26c4bc26c4bc26c4bc26c4bc26c4bc26c4bc26c4bc26c4bc26c4bc26c49c16d
49c16d49c16d49c16d49c16d49c16d49c16d49c16d49c16d49c16d49c16d49c16d49c16d49c16d49c16d47c06e47c06e47c06e47c06e47c06e47c06e47c06e45
bf6f45bf6f45bf6f45bf6f45bf6f45bf6f45bf6f45bf6f44be7044be7044be7044be7044be7044be7044be7042be7142be7142be7142be7142be7142be7142be
7140bd7240bd7240bd7240bd7240bd7240bd7240bd7240bd723ebc733ebc733ebc733ebc733ebc733ebc733ebc733dbb743dbb743dbb743dbb743dbb743dbb74
3dbb7439b97639b97639b97639b97639b97639b97639b97636b87736b87736b87736b87736b87736b87736b87736b87733b67933b67933b67933b67933b67933
b67933b67930b47a30b47a30b47a30b47a30b47a30b47a30b47a2eb27c2eb27c2eb27c2eb27c2eb27c2eb27c2eb27c2eb27c2bb17d2bb17d2bb17d2bb17d2bb1
7d2bb17d2bb17d28ae7f28ae7f28ae7f28ae7f28ae7f28ae7f28ae7f25ab8125ab8125ab8125ab8125ab8125ab8125ab8125ab8123a88323a88323a88323a883
23a88323a88323a88325ab8125ab8125ab8125ab8125ab8125ab8125ab8128ae7f28ae7f28ae7f28ae7f28ae7f28ae7f28ae7f28ae7f2bb17d2bb17d2bb17d2b
b17d2bb17d2bb17d2bb17d2eb27c2eb27c2eb27c2eb27c2eb27c2eb27c2eb27c30b47a30b47a30b47a30b47a30b47a30b47a30b47a30b47a33b67933b67933b6
7933b67933b67933b67933b67936b87736b87736b87736b87736b87736b87736b87739b97639b97639b97639b97639b97639b97639b9763dbb743dbb743dbb74
3dbb743dbb743dbb743dbb743dbb743ebc733ebc733ebc733ebc733ebc733ebc733ebc7340bd7240bd7240bd7240bd7240bd7240bd7240bd7242be7142be7142
be7142be7142be7142be7142be7142be7144be7044be7044be7044be7044be7044be7044be7045bf6f45bf6f45bf6f45bf6f45bf6f45bf6f45bf6f47c06e47c0
6e47c06e47c06e47c06e47c06e47c06e47c06e49c16d49c16d49c16d49c16d49c16d49c16d49c16d49c16d49c16d49c16d49c16d49c16d49c16d49c16d4bc26c
4bc26c4bc26c4bc26c4bc26c4bc26c4bc26c4bc26c4bc26c4bc26c4bc26c4bc26c4bc26c4bc26c4bc26c4dc26b4dc26b4dc26b4dc26b4dc26b4dc26b4dc26b4d
c26b4dc26b4dc26b4dc26b4dc26b4dc26b4dc26b4dc26b4dc26b4dc26b4dc26b4dc26b4dc26b4dc26b4dc26b4fc3694fc3694fc3694fc3694fc3694fc3694fc3
694fc3694fc3694fc3694fc3694fc3694fc3694fc3694fc3694fc3694fc3694fc3694fc3694fc3694fc3694fc3694fc3694fc3694fc3694fc3694fc3694fc369
4fc3694fc3694fc3694fc3694fc3694fc3694fc3694fc3694fc3694fc3694fc3694fc3694fc3694fc3694fc3694fc3694dc26b4dc26b4dc26b4dc26b4dc26b4d
c26b4dc26b4dc26b4dc26b4dc26b4dc26b4dc26b4dc26b4dc26b4dc26b4dc26b4dc26b4dc26b4dc26b4dc26b4dc26b4dc26b4bc26c4bc26c4bc26c4bc26c4bc2
6c4bc26c4bc26c4bc26c4bc26c4bc26c4bc26c4bc26c4bc26c4bc26c49c16d49c16d49c16d49c16d49c16d49c16d49c16d49c16d49c16d49c16d49c16d49c16d
49c16d49c16d49c16d47c06e47c06e47c06e47c06e47c06e47c06e47c06e45bf6f45bf6f45bf6f45bf6f45bf6f45bf6f45bf6f45bf6f44be7044be7044be7044
be7044be7044be7044be7042be7142be7142be7142be7142be7142be7142be7140bd7240bd7240bd7240bd7240bd7240bd7240bd7240bd723ebc733ebc733ebc
733ebc733ebc733ebc733ebc733dbb743dbb743dbb743dbb743dbb743dbb743dbb7439b97639b97639b97639b97639b97639b97639b97636b87736b87736b877
36b87736b87736b87736b87736b87733b67933b67933b67933b67933b67933b67933b67930b47a30b47a30b47a30b47a30b47a30b47a30b47a2eb27c2eb27c2e
b27c2eb27c2eb27c2eb27c2eb27c2eb27c2bb17d2bb17d2bb17d2bb17d2bb17d2bb17d2bb17d28ae7f28ae7f28ae7f28ae7f28ae7f28ae7f28ae7f25ab8125ab
8125ab8125ab8125ab8125ab8125ab8125ab8123a88323a88323a88323a88323a88323a88323a88321a68521a68521a68521a68521a68521a68521a68523a883
23a88323a88323a88323a88323a88323a88323a88324aa8224aa8224aa8224aa8224aa8224aa8224aa8227ad8027ad8027ad8027ad8027ad8027ad8027ad8029
af7f29af7f29af7f29af7f29af7f29af7f29af7f29af7f2bb17d2bb17d2bb17d2bb17d2bb17d2bb17d2bb17d2eb27c2eb27c2eb27c2eb27c2eb27c2eb27c2eb2
7c2fb37b2fb37b2fb37b2fb37b2fb37b2fb37b2fb37b32b57a32b57a32b57a32b57a32b57a32b57a32b57a32b57a33b67933b67933b67933b67933b67933b679
33b67936b87736b87736b87736b87736b87736b87736b87738b97638b97638b97638b97638b97638b97638b97638b97639b97639b97639b97639b97639b97639
b97639b9763bba753bba753bba753bba753bba753bba753bba753dbb743dbb743dbb743dbb743dbb743dbb743dbb743dbb743ebc733ebc733ebc733ebc733ebc
733ebc733ebc733ebc733ebc733ebc733ebc733ebc733ebc733ebc7340bd7240bd7240bd7240bd7240bd7240bd7240bd7240bd7240bd7240bd7240bd7240bd72
40bd7240bd7240bd7242be7142be7142be7142be7142be7142be7142be7142be7142be7142be7142be7142be7142be7142be7142be7142be7142be7142be7142
be7142be7142be7142be7144be7044be7044be7044be7044be7044be7044be7044be7044be7044be7044be7044be7044be7044be7044be7044be7044be7044be
7044be7044be7044be7044be7044be7044be7044be7044be7044be7044be7044be7044be7044be7044be7044be7044be7044be7044be7044be7044be7044be70
44be7044be7044be7044be7044be7042be7142be7142be7142be7142be7142be7142be7142be7142be7142be7142be7142be7142be7142be7142be7142be7142
be7142be7142be7142be7142be7142be7140bd7240bd7240bd7240bd7240bd7240bd7240bd7240bd7240bd7240bd7240bd7240bd7240bd7240bd723ebc733ebc
733ebc733ebc733ebc733ebc733ebc733ebc733ebc733ebc733ebc733ebc733ebc733ebc733ebc733dbb743dbb743dbb743dbb743dbb743dbb743dbb743bba75
3bba753bba753bba753bba753bba753bba753bba7539b97639b97639b97639b97639b97639b97639b97638b97638b97638b97638b97638b97638b97638b97636
b87736b87736b87736b87736b87736b87736b87736b87733b67933b67933b67933b67933b67933b67933b67932b57a32b57a32b57a32b57a32b57a32b57a32b5
7a2fb37b2fb37b2fb37b2fb37b2fb37b2fb37b2fb37b2eb27c2eb27c2eb27c2eb27c2eb27c2eb27c2eb27c2eb27c2bb17d2bb17d2bb17d2bb17d2bb17d2bb17d
2bb17d29af7f29af7f29af7f29af7f29af7f29af7f29af7f27ad8027ad8027ad8027ad8027ad8027ad8027ad8027ad8024aa8224aa8224aa8224aa8224aa8224
aa8224aa8223a88323a88323a88323a88323a88323a88323a88321a68521a68521a68521a68521a68521a68521a68521a6851fa3861fa3861fa3861fa3861fa3
861fa3861fa38621a68521a68521a68521a68521a68521a68521a68523a88323a88323a88323a88323a88323a88323a88323a88324aa8224aa8224aa8224aa82
24aa8224aa8224aa8227ad8027ad8027ad8027ad8027ad8027ad8027ad8029af7f29af7f29af7f29af7f29af7f29af7f29af7f29af7f2bb17d2bb17d2bb17d2b
b17d2bb17d2bb17d2bb17d2eb27c2eb27c2eb27c2eb27c2eb27c2eb27c2eb27c2fb37b2fb37b2fb37b2fb37b2fb37b2fb37b2fb37b32b57a32b57a32b57a32b5
7a32b57a32b57a32b57a32b57a33b67933b67933b67933b67933b67933b67933b67936b87736b87736b87736b87736b87736b87736b87738b97638b97638b976
38b97638b97638b97638b97638b97639b97639b97639b97639b97639b97639b97639b9763bba753bba753bba753bba753bba753bba753bba753dbb743dbb743d
bb743dbb743dbb743dbb743dbb743dbb743ebc733ebc733ebc733ebc733ebc733ebc733ebc733ebc733ebc733ebc733ebc733ebc733ebc733ebc7340bd7240bd
7240bd7240bd7240bd7240bd7240bd7240bd7240bd7240bd7240bd7240bd7240bd7240bd7240bd7242be7142be7142be7142be7142be7142be7142be7142be71
42be7142be7142be7142be7142be7142be7142be7142be7142be7142be7142be7142be7142be7142be7144be7044be7044be7044be7044be7044be7044be7044
be7044be7044be7044be7044be7044be7044be7044be7044be7044be7044be7044be7044be7044be7044be7044be7044be7044be7044be7044be7044be7044be
7044be7044be7044be7044be7044be7044be7044be7044be7044be7044be7044be7044be7044be7044be7044be7042be7142be7142be7142be7142be7142be71
42be7142be7142be7142be7142be7142be7142be7142be7142be7142be7142be7142be7142be7142be7142be7142be7140bd7240bd7240bd7240bd7240bd7240
bd7240bd7240bd7240bd7240bd7240bd7240bd7240bd7240bd723ebc733ebc733ebc733ebc733ebc733ebc733ebc733ebc733ebc733ebc733ebc733ebc733ebc
733ebc733ebc733dbb743dbb743dbb743dbb743dbb743dbb743dbb743bba753bba753bba753bba753bba753bba753bba753bba7539b97639b97639b97639b976
39b97639b97639b97638b97638b97638b97638b97638b97638b97638b97636b87736b87736b87736b87736b87736b87736b87736b87733b67933b67933b67933
b67933b67933b67933b67932b57a32b57a32b57a32b57a32b57a32b57a32b57a2fb37b2fb37b2fb37b2fb37b2fb37b2fb37b2fb37b2eb27c2eb27c2eb27c2eb2
7c2eb27c2eb27c2eb27c2eb27c2bb17d2bb17d2bb17d2bb17d2bb17d2bb17d2bb17d29af7f29af7f29af7f29af7f29af7f29af7f29af7f27ad8027ad8027ad80
27ad8027ad8027ad8027ad8027ad8024aa8224aa8224aa8224aa8224aa8224aa8224aa8223a88323a88323a88323a88323a88323a88323a88321a68521a68521
a68521a68521a68521a68521a68521a6851fa3861fa3861fa3861fa3861fa3861fa3861fa38621a68521a68521a68521a68521a68521a68521a68523a88323a8
8323a88323a88323a88323a88323a88323a88324aa8224aa8224aa8224aa8224aa8224aa8224aa8227ad8027ad8027ad8027ad8027ad8027ad8027ad8029af7f
29af7f29af7f29af7f29af7f29af7f29af7f29af7f2bb17d2bb17d2bb17d2bb17d2bb17d2bb17d2bb17d2eb27c2eb27c2eb27c2eb27c2eb27c2eb27c2eb27c2f
b37b2fb37b2fb37b2fb37b2fb37b2fb37b2fb37b32b57a32b57a32b57a32b57a32b57a32b57a32b57a32b57a33b67933b67933b67933b67933b67933b67933b6
7936b87736b87736b87736b87736b87736b87736b87738b97638b97638b97638b97638b97638b97638b97638b97639b97639b97639b97639b97639b97639b976
39b9763bba753bba753bba753bba753bba753bba753bba753dbb743dbb743dbb743dbb743dbb743dbb743dbb743dbb743ebc733ebc733ebc733ebc733ebc733e
bc733ebc733ebc733ebc733ebc733ebc733ebc733ebc733ebc7340bd7240bd7240bd7240bd7240bd7240bd7240bd7240bd7240bd7240bd7240bd7240bd7240bd
7240bd7240bd7242be7142be7142be7142be7142be7142be7142be7142be7142be7142be7142be7142be7142be7142be7142be7142be7142be7142be7142be71
42be7142be7142be7144be7044be7044be7044be7044be7044be7044be7044be7044be7044be7044be7044be7044be7044be7044be7044be7044be7044be7044
be7044be7044be7044be7044be7044be7044be7044be7044be7044be7044be7044be7044be7044be7044be7044be7044be7044be7044be7044be7044be7044be
7044be7044be7044be7044be7042be7142be7142be7142be7142be7142be7142be7142be7142be7142be7142be7142be7142be7142be7142be7142be7142be71
42be7142be7142be7142be7142be7140bd7240bd7240bd7240bd7240bd7240bd7240bd7240bd7240bd7240bd7240bd7240bd7240bd7240bd723ebc733ebc733e
bc733ebc733ebc733ebc733ebc733ebc733ebc733ebc733ebc733ebc733ebc733ebc733ebc733dbb743dbb743dbb743dbb743dbb743dbb743dbb743bba753bba
753bba753bba753bba753bba753bba753bba7539b97639b97639b97639b97639b97639b97639b97638b97638b97638b97638b97638b97638b97638b97636b877
36b87736b87736b87736b87736b87736b87736b87733b67933b67933b67933b67933b67933b67933b67932b57a32b57a32b57a32b57a32b57a32b57a32b57a2f
b37b2fb37b2fb37b2fb37b2fb37b2fb37b2fb37b2eb27c2eb27c2eb27c2eb27c2eb27c2eb27c2eb27c2eb27c2bb17d2bb17d2bb17d2bb17d2bb17d2bb17d2bb1
7d29af7f29af7f29af7f29af7f29af7f29af7f29af7f27ad8027ad8027ad8027ad8027ad8027ad8027ad8027ad8024aa8224aa8224aa8224aa8224aa8224aa82
24aa8223a88323a88323a88323a88323a88323a88323a88321a68521a68521a68521a68521a68521a68521a68521a6851fa3861fa3861fa3861fa3861fa3861f
a3861fa38621a68521a68521a68521a68521a68521a68521a68523a88323a88323a88323a88323a88323a88323a88323a88324aa8224aa8224aa8224aa8224aa
8224aa8224aa8227ad8027ad8027ad8027ad8027ad8027ad8027ad8029af7f29af7f29af7f29af7f29af7f29af7f29af7f29af7f2bb17d2bb17d2bb17d2bb17d
2bb17d2bb17d2bb17d2eb27c2eb27c2eb27c2eb27c2eb27c2eb27c2eb27c2fb37b2fb37b2fb37b2fb37b2fb37b2fb37b2fb37b32b57a32b57a32b57a32b57a32
b57a32b57a32b57a32b57a33b67933b67933b67933b67933b67933b67933b67936b87736b87736b87736b87736b87736b87736b87738b97638b97638b97638b9
7638b97638b97638b97638b97639b97639b97639b97639b97639b97639b97639b9763bba753bba753bba753bba753bba753bba753bba753dbb743dbb743dbb74
3dbb743dbb743dbb743dbb743dbb743ebc733ebc733ebc733ebc733ebc733ebc733ebc733ebc733ebc733ebc733ebc733ebc733ebc733ebc7340bd7240bd7240
bd7240bd7240bd7240bd7240bd7240bd7240bd7240bd7240bd7240bd7240bd7240bd7240bd7242be7142be7142be7142be7142be7142be7142be7142be7142be
7142be7142be7142be7142be7142be7142be7142be7142be7142be7142be7142be7142be7142be7144be7044be7044be7044be7044be7044be7044be7044be70
44be7044be7044be7044be7044be7044be7044be7044be7044be7044be7044be7044be7044be7044be7044be7044be7044be7044be7044be7044be7044be7044
be7044be7044be7044be7044be7044be7044be7044be7044be7044be7044be7044be7044be7044be7044be7042be7142be7142be7142be7142be7142be7142be
7142be7142be7142be7142be7142be7142be7142be7142be7142be7142be7142be7142be7142be7142be7142be7140bd7240bd7240bd7240bd7240bd7240bd72
40bd7240bd7240bd7240bd7240bd7240bd7240bd7240bd723ebc733ebc733ebc733ebc733ebc733ebc733ebc733ebc733ebc733ebc733ebc733ebc733ebc733e
bc733ebc733dbb743dbb743dbb743dbb743dbb743dbb743dbb743bba753bba753bba753bba753bba753bba753bba753bba7539b97639b97639b97639b97639b9
7639b97639b97638b97638b97638b97638b97638b97638b97638b97636b87736b87736b87736b87736b87736b87736b87736b87733b67933b67933b67933b679
33b67933b67933b67932b57a32b57a32b57a32b57a32b57a32b57a32b57a2fb37b2fb37b2fb37b2fb37b2fb37b2fb37b2fb37b2eb27c2eb27c2eb27c2eb27c2e
b27c2eb27c2eb27c2eb27c2bb17d2bb17d2bb17d2bb17d2bb17d2bb17d2bb17d29af7f29af7f29af7f29af7f29af7f29af7f29af7f27ad8027ad8027ad8027ad
8027ad8027ad8027ad8027ad8024aa8224aa8224aa8224aa8224aa8224aa8224aa8223a88323a88323a88323a88323a88323a88323a88321a68521a68521a685
21a68521a68521a68521a68521a6851fa3861fa3861fa3861fa3861fa3861fa3861fa38621a68521a68521a68521a68521a68521a68521a68523a88323a88323
a88323a88323a88323a88323a88323a88324aa8224aa8224aa8224aa8224aa8224aa8224aa8227ad8027ad8027ad8027ad8027ad8027ad8027ad8029af7f29af
7f29af7f29af7f29af7f29af7f29af7f29af7f2bb17d2bb17d2bb17d2bb17d2bb17d2bb17d2bb17d2eb27c2eb27c2eb27c2eb27c2eb27c2eb27c2eb27c2fb37b
2fb37b2fb37b2fb37b2fb37b2fb37b2fb37b32b57a32b57a32b57a32b57a32b57a32b57a32b57a32b57a33b67933b67933b67933b67933b67933b67933b67936
b87736b87736b87736b87736b87736b87736b87738b97638b97638b97638b97638b97638b97638b97638b97639b97639b97639b97639b97639b97639b97639b9
763bba753bba753bba753bba753bba753bba753bba753dbb743dbb743dbb743dbb743dbb743dbb743dbb743dbb743ebc733ebc733ebc733ebc733ebc733ebc73
3ebc733ebc733ebc733ebc733ebc733ebc733ebc733ebc7340bd7240bd7240bd7240bd7240bd7240bd7240bd7240bd7240bd7240bd7240bd7240bd7240bd7240
bd7240bd7242be7142be7142be7142be7142be7142be7142be7142be7142be7142be7142be7142be7142be7142be7142be7142be7142be7142be7142be7142be
7142be7142be7144be7044be7044be7044be7044be7044be7044be7044be7044be7044be7044be7044be7044be7044be7044be7044be7044be7044be7044be70
44be7044be7044be7044be7044be7044be7044be7044be7044be7044be7044be7044be7044be7044be7044be7044be7044be7044be7044be7044be7044be7044
be7044be7044be7044be7042be7142be7142be7142be7142be7142be7142be7142be7142be7142be7142be7142be7142be7142be7142be7142be7142be7142be
7142be7142be7142be7142be7140bd7240bd7240bd7240bd7240bd7240bd7240bd7240bd7240bd7240bd7240bd7240bd7240bd7240bd723ebc733ebc733ebc73
3ebc733ebc733ebc733ebc733ebc733ebc733ebc733ebc733ebc733ebc733ebc733ebc733dbb743dbb743dbb743dbb743dbb743dbb743dbb743bba753bba753b
ba753bba753bba753bba753bba753bba7539b97639b97639b97639b97639b97639b97639b97638b97638b97638b97638b97638b97638b97638b97636b87736b8
7736b87736b87736b87736b87736b87736b87733b67933b67933b67933b67933b67933b67933b67932b57a32b57a32b57a32b57a32b57a32b57a32b57a2fb37b
2fb37b2fb37b2fb37b2fb37b2fb37b2fb37b2eb27c2eb27c2eb27c2eb27c2eb27c2eb27c2eb27c2eb27c2bb17d2bb17d2bb17d2bb17d2bb17d2bb17d2bb17d29
af7f29af7f29af7f29af7f29af7f29af7f29af7f27ad8027ad8027ad8027ad8027ad8027ad8027ad8027ad8024aa8224aa8224aa8224aa8224aa8224aa8224aa
8223a88323a88323a88323a88323a88323a88323a88321a68521a68521a68521a68521a68521a68521a68521a6851fa3861fa3861fa3861fa3861fa3861fa386
1fa38621a68521a68521a68521a68521a68521a68521a68523a88323a88323a88323a88323a88323a88323a88323a88324aa8224aa8224aa8224aa8224aa8224
aa8224aa8227ad8027ad8027ad8027ad8027ad8027ad8027ad8029af7f29af7f29af7f29af7f29af7f29af7f29af7f29af7f2bb17d2bb17d2bb17d2bb17d2bb1
7d2bb17d2bb17d2eb27c2eb27c2eb27c2eb27c2eb27c2eb27c2eb27c2fb37b2fb37b2fb37b2fb37b2fb37b2fb37b2fb37b32b57a32b57a32b57a32b57a32b57a
32b57a32b57a32b57a33b67933b67933b67933b67933b67933b67933b67936b87736b87736b87736b87736b87736b87736b87738b97638b97638b97638b97638
b97638b97638b97638b97639b97639b97639b97639b97639b97639b97639b9763bba753bba753bba753bba753bba753bba753bba753dbb743dbb743dbb743dbb
743dbb743dbb743dbb743dbb743ebc733ebc733ebc733ebc733ebc733ebc733ebc733ebc733ebc733ebc733ebc733ebc733ebc733ebc7340bd7240bd7240bd72
40bd7240bd7240bd7240bd7240bd7240bd7240bd7240bd7240bd7240bd7240bd7240bd7242be7142be7142be7142be7142be7142be7142be7142be7142be7142
be7142be7142be7142be7142be7142be7142be7142be7142be7142be7142be7142be7142be7144be7044be7044be7044be7044be7044be7044be7044be7044be
7044be7044be7044be7044be7044be7044be7044be7044be7044be7044be7044be7044be7044be7044be7044be7044be7044be7044be7044be7044be7044be70
44be7044be7044be7044be7044be7044be7044be7044be7044be7044be7044be7044be7044be7044be7042be7142be7142be7142be7142be7142be7142be7142
be7142be7142be7142be7142be7142be7142be7142be7142be7142be7142be7142be7142be7142be7142be7140bd7240bd7240bd7240bd7240bd7240bd7240bd
7240bd7240bd7240bd7240bd7240bd7240bd7240bd723ebc733ebc733ebc733ebc733ebc733ebc733ebc733ebc733ebc733ebc733ebc733ebc733ebc733ebc73
3ebc733dbb743dbb743dbb743dbb743dbb743dbb743dbb743bba753bba753bba753bba753bba753bba753bba753bba7539b97639b97639b97639b97639b97639
b97639b97638b97638b97638b97638b97638b97638b97638b97636b87736b87736b87736b87736b87736b87736b87736b87733b67933b67933b67933b67933b6
7933b67933b67932b57a32b57a32b57a32b57a32b57a32b57a32b57a2fb37b2fb37b2fb37b2fb37b2fb37b2fb37b2fb37b2eb27c2eb27c2eb27c2eb27c2eb27c
2eb27c2eb27c2eb27c2bb17d2bb17d2bb17d2bb17d2bb17d2bb17d2bb17d29af7f29af7f29af7f29af7f29af7f29af7f29af7f27ad8027ad8027ad8027ad8027
ad8027ad8027ad8027ad8024aa8224aa8224aa8224aa8224aa8224aa8224aa8223a88323a88323a88323a88323a88323a88323a88321a68521a68521a68521a6
8521a68521a68521a68521a6851fa3861fa3861fa3861fa3861fa3861fa3861fa38621a68521a68521a68521a68521a68521a68521a68523a88323a88323a883
23a88323a88323a88323a88323a88324aa8224aa8224aa8224aa8224aa8224aa8224aa8227ad8027ad8027ad8027ad8027ad8027ad8027ad8029af7f29af7f29
af7f29af7f29af7f29af7f29af7f29af7f2bb17d2bb17d2bb17d2bb17d2bb17d2bb17d2bb17d2eb27c2eb27c2eb27c2eb27c2eb27c2eb27c2eb27c2fb37b2fb3
7b2fb37b2fb37b2fb37b2fb37b2fb37b32b57a32b57a32b57a32b57a32b57a32b57a32b57a32b57a33b67933b67933b67933b67933b67933b67933b67936b877
36b87736b87736b87736b87736b87736b87738b97638b97638b97638b97638b97638b97638b97638b97639b97639b97639b97639b97639b97639b97639b9763b
ba753bba753bba753bba753bba753bba753bba753dbb743dbb743dbb743dbb743dbb743dbb743dbb743dbb743ebc733ebc733ebc733ebc733ebc733ebc733ebc
733ebc733ebc733ebc733ebc733ebc733ebc733ebc7340bd7240bd7240bd7240bd7240bd7240bd7240bd7240bd7240bd7240bd7240bd7240bd7240bd7240bd72
40bd7242be7142be7142be7142be7142be7142be7142be7142be7142be7142be7142be7142be7142be7142be7142be7142be7142be7142be7142be7142be7142
be7142be7144be7044be7044be7044be7044be7044be7044be7044be7044be7044be7044be7044be7044be7044be7044be7044be7044be7044be7044be7044be
7044be7044be7044be7044be7044be7044be7044be7044be7044be7044be7044be7044be7044be7044be7044be7044be7044be7044be7044be7044be7044be70
44be7044be7044be7042be7142be7142be7142be7142be7142be7142be7142be7142be7142be7142be7142be7142be7142be7142be7142be7142be7142be7142
be7142be7142be7142be7140bd7240bd7240bd7240bd7240bd7240bd7240bd7240bd7240bd7240bd7240bd7240bd7240bd7240bd723ebc733ebc733ebc733ebc
733ebc733ebc733ebc733ebc733ebc733ebc733ebc733ebc733ebc733ebc733ebc733dbb743dbb743dbb743dbb743dbb743dbb743dbb743bba753bba753bba75
3bba753bba753bba753bba753bba7539b97639b97639b97639b97639b97639b97639b97638b97638b97638b97638b97638b97638b97638b97636b87736b87736
b87736b87736b87736b87736b87736b87733b67933b67933b67933b67933b67933b67933b67932b57a32b57a32b57a32b57a32b57a32b57a32b57a2fb37b2fb3
7b2fb37b2fb37b2fb37b2fb37b2fb37b2eb27c2eb27c2eb27c2eb27c2eb27c2eb27c2eb27c2eb27c2bb17d2bb17d2bb17d2bb17d2bb17d2bb17d2bb17d29af7f
29af7f29af7f29af7f29af7f29af7f29af7f27ad8027ad8027ad8027ad8027ad8027ad8027ad8027ad8024aa8224aa8224aa8224aa8224aa8224aa8224aa8223
a88323a88323a88323a88323a88323a88323a88321a68521a68521a68521a68521a68521a68521a68521a6851fa3861fa3861fa3861fa3861fa3861fa3861fa3
861ea0871ea0871ea0871ea0871ea0871ea0871ea0871fa2861fa2861fa2861fa2861fa2861fa2861fa2861fa28620a58520a58520a58520a58520a58520a585
20a58521a78421a78421a78421a78421a78421a78421a78423a88323a88323a88323a88323a88323a88323a88323a88324aa8224aa8224aa8224aa8224aa8224
aa8224aa8226ac8126ac8126ac8126ac8126ac8126ac8126ac8128ae7f28ae7f28ae7f28ae7f28ae7f28ae7f28ae7f2ab07e2ab07e2ab07e2ab07e2ab07e2ab0
7e2ab07e2ab07e2bb17d2bb17d2bb17d2bb17d2bb17d2bb17d2bb17d2cb17d2cb17d2cb17d2cb17d2cb17d2cb17d2cb17d2fb37b2fb37b2fb37b2fb37b2fb37b
2fb37b2fb37b2fb37b30b47a30b47a30b47a30b47a30b47a30b47a30b47a32b57a32b57a32b57a32b57a32b57a32b57a32b57a33b67933b67933b67933b67933
b67933b67933b67933b67933b67933b67933b67933b67933b67933b67933b67935b77835b77835b77835b77835b77835b77835b77836b87736b87736b87736b8
7736b87736b87736b87736b87736b87736b87736b87736b87736b87736b87736b87738b97638b97638b97638b97638b97638b97638b97638b97638b97638b976
38b97638b97638b97638b97638b97638b97638b97638b97638b97638b97638b97638b97638b97638b97638b97638b97638b97638b97638b97639b97639b97639
b97639b97639b97639b97639b97639b97639b97639b97639b97639b97639b97639b97639b97639b97639b97639b97639b97639b97639b97639b97639b97639b9
7639b97639b97639b97639b97639b97638b97638b97638b97638b97638b97638b97638b97638b97638b97638b97638b97638b97638b97638b97638b97638b976
38b97638b97638b97638b97638b97638b97638b97638b97638b97638b97638b97638b97638b97638b97636b87736b87736b87736b87736b87736b87736b87736
b87736b87736b87736b87736b87736b87736b87735b77835b77835b77835b77835b77835b77835b77835b77833b67933b67933b67933b67933b67933b67933b6
7933b67933b67933b67933b67933b67933b67933b67932b57a32b57a32b57a32b57a32b57a32b57a32b57a32b57a30b47a30b47a30b47a30b47a30b47a30b47a
30b47a2fb37b2fb37b2fb37b2fb37b2fb37b2fb37b2fb37b2cb17d2cb17d2cb17d2cb17d2cb17d2cb17d2cb17d2cb17d2bb17d2bb17d2bb17d2bb17d2bb17d2b
b17d2bb17d2ab07e2ab07e2ab07e2ab07e2ab07e2ab07e2ab07e28ae7f28ae7f28ae7f28ae7f28ae7f28ae7f28ae7f26ac8126ac8126ac8126ac8126ac8126ac
8126ac8126ac8124aa8224aa8224aa8224aa8224aa8224aa8224aa8223a88323a88323a88323a88323a88323a88323a88321a78421a78421a78421a78421a784
21a78421a78421a78420a58520a58520a58520a58520a58520a58520a5851fa2861fa2861fa2861fa2861fa2861fa2861fa2861ea0871ea0871ea0871ea0871e
a0871ea0871ea0871ea0871e9d881e9d881e9d881e9d881e9d881e9d881e9d881ea0871ea0871ea0871ea0871ea0871ea0871ea0871fa2861fa2861fa2861fa2
861fa2861fa2861fa2861fa28620a58520a58520a58520a58520a58520a58520a58521a78421a78421a78421a78421a78421a78421a78423a88323a88323a883
23a88323a88323a88323a88323a88324aa8224aa8224aa8224aa8224aa8224aa8224aa8226ac8126ac8126ac8126ac8126ac8126ac8126ac8128ae7f28ae7f28
ae7f28ae7f28ae7f28ae7f28ae7f2ab07e2ab07e2ab07e2ab07e2ab07e2ab07e2ab07e2ab07e2bb17d2bb17d2bb17d2bb17d2bb17d2bb17d2bb17d2cb17d2cb1
7d2cb17d2cb17d2cb17d2cb17d2cb17d2fb37b2fb37b2fb37b2fb37b2fb37b2fb37b2fb37b2fb37b30b47a30b47a30b47a30b47a30b47a30b47a30b47a32b57a
32b57a32b57a32b57a32b57a32b57a32b57a33b67933b67933b67933b67933b67933b67933b67933b67933b67933b67933b67933b67933b67933b67933b67935
b77835b77835b77835b77835b77835b77835b77836b87736b87736b87736b87736b87736b87736b87736b87736b87736b87736b87736b87736b87736b87736b8
7738b97638b97638b97638b97638b97638b97638b97638b97638b97638b97638b97638b97638b97638b97638b97638b97638b97638b97638b97638b97638b976
38b97638b97638b97638b97638b97638b97638b97638b97639b97639b97639b97639b97639b97639b97639b97639b97639b97639b97639b97639b97639b97639
b97639b97639b97639b97639b97639b97639b97639b97639b97639b97639b97639b97639b97639b97639b97639b97638b97638b97638b97638b97638b97638b9
7638b97638b97638b97638b97638b97638b97638b97638b97638b97638b97638b97638b97638b97638b97638b97638b97638b97638b97638b97638b97638b976
38b97638b97638b97636b87736b87736b87736b87736b87736b87736b87736b87736b87736b87736b87736b87736b87736b87735b77835b77835b77835b77835
b77835b77835b77835b77833b67933b67933b67933b67933b67933b67933b67933b67933b67933b67933b67933b67933b67933b67932b57a32b57a32b57a32b5
7a32b57a32b57a32b57a32b57a30b47a30b47a30b47a30b47a30b47a30b47a30b47a2fb37b2fb37b2fb37b2fb37b2fb37b2fb37b2fb37b2cb17d2cb17d2cb17d
2cb17d2cb17d2cb17d2cb17d2cb17d2bb17d2bb17d2bb17d2bb17d2bb17d2bb17d2bb17d2ab07e2ab07e2ab07e2ab07e2ab07e2ab07e2ab07e28ae7f28ae7f28
ae7f28ae7f28ae7f28ae7f28ae7f26ac8126ac8126ac8126ac8126ac8126ac8126ac8126ac8124aa8224aa8224aa8224aa8224aa8224aa8224aa8223a88323a8
8323a88323a88323a88323a88323a88321a78421a78421a78421a78421a78421a78421a78421a78420a58520a58520a58520a58520a58520a58520a5851fa286
1fa2861fa2861fa2861fa2861fa2861fa2861ea0871ea0871ea0871ea0871ea0871ea0871ea0871ea0871e9d881e9d881e9d881e9d881e9d881e9d881e9d881e
a0871ea0871ea0871ea0871ea0871ea0871ea0871fa2861fa2861fa2861fa2861fa2861fa2861fa2861fa28620a58520a58520a58520a58520a58520a58520a5
8521a78421a78421a78421a78421a78421a78421a78423a88323a88323a88323a88323a88323a88323a88323a88324aa8224aa8224aa8224aa8224aa8224aa82
24aa8226ac8126ac8126ac8126ac8126ac8126ac8126ac8128ae7f28ae7f28ae7f28ae7f28ae7f28ae7f28ae7f2ab07e2ab07e2ab07e2ab07e2ab07e2ab07e2a
b07e2ab07e2bb17d2bb17d2bb17d2bb17d2bb17d2bb17d2bb17d2cb17d2cb17d2cb17d2cb17d2cb17d2cb17d2cb17d2fb37b2fb37b2fb37b2fb37b2fb37b2fb3
7b2fb37b2fb37b30b47a30b47a30b47a30b47a30b47a30b47a30b47a32b57a32b57a32b57a32b57a32b57a32b57a32b57a33b67933b67933b67933b67933b679
33b67933b67933b67933b67933b67933b67933b67933b67933b67933b67935b77835b77835b77835b77835b77835b77835b77836b87736b87736b87736b87736
b87736b87736b87736b87736b87736b87736b87736b87736b87736b87736b87738b97638b97638b97638b97638b97638b97638b97638b97638b97638b97638b9
7638b97638b97638b97638b97638b97638b97638b97638b97638b97638b97638b97638b97638b97638b97638b97638b97638b97638b97639b97639b97639b976
39b97639b97639b97639b97639b97639b97639b97639b97639b97639b97639b97639b97639b97639b97639b97639b97639b97639b97639b97639b97639b97639
b97639b97639b97639b97639b97638b97638b97638b97638b97638b97638b97638b97638b97638b97638b97638b97638b97638b97638b97638b97638b97638b9
7638b97638b97638b97638b97638b97638b97638b97638b97638b97638b97638b97638b97638b97636b87736b87736b87736b87736b87736b87736b87736b877
36b87736b87736b87736b87736b87736b87735b77835b77835b77835b77835b77835b77835b77835b77833b67933b67933b67933b67933b67933b67933b67933
b67933b67933b67933b67933b67933b67933b67932b57a32b57a32b57a32b57a32b57a32b57a32b57a32b57a30b47a30b47a30b47a30b47a30b47a30b47a30b4
7a2fb37b2fb37b2fb37b2fb37b2fb37b2fb37b2fb37b2cb17d2cb17d2cb17d2cb17d2cb17d2cb17d2cb17d2cb17d2bb17d2bb17d2bb17d2bb17d2bb17d2bb17d
2bb17d2ab07e2ab07e2ab07e2ab07e2ab07e2ab07e2ab07e28ae7f28ae7f28ae7f28ae7f28ae7f28ae7f28ae7f26ac8126ac8126ac8126ac8126ac8126ac8126
ac8126ac8124aa8224aa8224aa8224aa8224aa8224aa8224aa8223a88323a88323a88323a88323a88323a88323a88321a78421a78421a78421a78421a78421a7
8421a78421a78420a58520a58520a58520a58520a58520a58520a5851fa2861fa2861fa2861fa2861fa2861fa2861fa2861ea0871ea0871ea0871ea0871ea087
1ea0871ea0871ea0871e9d881e9d881e9d881e9d881e9d881e9d881e9d881ea0871ea0871ea0871ea0871ea0871ea0871ea0871fa2861fa2861fa2861fa2861f
a2861fa2861fa2861fa28620a58520a58520a58520a58520a58520a58520a58521a78421a78421a78421a78421a78421a78421a78423a88323a88323a88323a8
8323a88323a88323a88323a88324aa8224aa8224aa8224aa8224aa8224aa8224aa8226ac8126ac8126ac8126ac8126ac8126ac8126ac8128ae7f28ae7f28ae7f
28ae7f28ae7f28ae7f28ae7f2ab07e2ab07e2ab07e2ab07e2ab07e2ab07e2ab07e2ab07e2bb17d2bb17d2bb17d2bb17d2bb17d2bb17d2bb17d2cb17d2cb17d2c
b17d2cb17d2cb17d2cb17d2cb17d2fb37b2fb37b2fb37b2fb37b2fb37b2fb37b2fb37b2fb37b30b47a30b47a30b47a30b47a30b47a30b47a30b47a32b57a32b5
7a32b57a32b57a32b57a32b57a32b57a33b67933b67933b67933b67933b67933b67933b67933b67933b67933b67933b67933b67933b67933b67933b67935b778
35b77835b77835b77835b77835b77835b77836b87736b87736b87736b87736b87736b87736b87736b87736b87736b87736b87736b87736b87736b87736b87738
b97638b97638b97638b97638b97638b97638b97638b97638b97638b97638b97638b97638b97638b97638b97638b97638b97638b97638b97638b97638b97638b9
7638b97638b97638b97638b97638b97638b97638b97639b97639b97639b97639b97639b97639b97639b97639b97639b97639b97639b97639b97639b97639b976
39b97639b97639b97639b97639b97639b97639b97639b97639b97639b97639b97639b97639b97639b97639b97638b97638b97638b97638b97638b97638b97638
b97638b97638b97638b97638b97638b97638b97638b97638b97638b97638b97638b97638b97638b97638b97638b97638b97638b97638b97638b97638b97638b9
7638b97638b97636b87736b87736b87736b87736b87736b87736b87736b87736b87736b87736b87736b87736b87736b87735b77835b77835b77835b77835b778
35b77835b77835b77833b67933b67933b67933b67933b67933b67933b67933b67933b67933b67933b67933b67933b67933b67932b57a32b57a32b57a32b57a32
b57a32b57a32b57a32b57a30b47a30b47a30b47a30b47a30b47a30b47a30b47a2fb37b2fb37b2fb37b2fb37b2fb37b2fb37b2fb37b2cb17d2cb17d2cb17d2cb1
7d2cb17d2cb17d2cb17d2cb17d2bb17d2bb17d2bb17d2bb17d2bb17d2bb17d2bb17d2ab07e2ab07e2ab07e2ab07e2ab07e2ab07e2ab07e28ae7f28ae7f28ae7f
28ae7f28ae7f28ae7f28ae7f26ac8126ac8126ac8126ac8126ac8126ac8126ac8126ac8124aa8224aa8224aa8224aa8224aa8224aa8224aa8223a88323a88323
a88323a88323a88323a88323a88321a78421a78421a78421a78421a78421a78421a78421a78420a58520a58520a58520a58520a58520a58520a5851fa2861fa2
861fa2861fa2861fa2861fa2861fa2861ea0871ea0871ea0871ea0871ea0871ea0871ea0871ea0871e9d881e9d881e9d881e9d881e9d881e9d881e9d881ea087
1ea0871ea0871ea0871ea0871ea0871ea0871fa2861fa2861fa2861fa2861fa2861fa2861fa2861fa28620a58520a58520a58520a58520a58520a58520a58521
a78421a78421a78421a78421a78421a78421a78423a88323a88323a88323a88323a88323a88323a88323a88324aa8224aa8224aa8224aa8224aa8224aa8224aa
8226ac8126ac8126ac8126ac8126ac8126ac8126ac8128ae7f28ae7f28ae7f28ae7f28ae7f28ae7f28ae7f2ab07e2ab07e2ab07e2ab07e2ab07e2ab07e2ab07e
2ab07e2bb17d2bb17d2bb17d2bb17d2bb17d2bb17d2bb17d2cb17d2cb17d2cb17d2cb17d2cb17d2cb17d2cb17d2fb37b2fb37b2fb37b2fb37b2fb37b2fb37b2f
b37b2fb37b30b47a30b47a30b47a30b47a30b47a30b47a30b47a32b57a32b57a32b57a32b57a32b57a32b57a32b57a33b67933b67933b67933b67933b67933b6
7933b67933b67933b67933b67933b67933b67933b67933b67933b67935b77835b77835b77835b77835b77835b77835b77836b87736b87736b87736b87736b877
36b87736b87736b87736b87736b87736b87736b87736b87736b87736b87738b97638b97638b97638b97638b97638b97638b97638b97638b97638b97638b97638
b97638b97638b97638b97638b97638b97638b97638b97638b97638b97638b97638b97638b97638b97638b97638b97638b97638b97639b97639b97639b97639b9
7639b97639b97639b97639b97639b97639b97639b97639b97639b97639b97639b97639b97639b97639b97639b97639b97639b97639b97639b97639b97639b976
39b97639b97639b97639b97638b97638b97638b97638b97638b97638b97638b97638b97638b97638b97638b97638b97638b97638b97638b97638b97638b97638
b97638b97638b97638b97638b97638b97638b97638b97638b97638b97638b97638b97638b97636b87736b87736b87736b87736b87736b87736b87736b87736b8
7736b87736b87736b87736b87736b87735b77835b77835b77835b77835b77835b77835b77835b77833b67933b67933b67933b67933b67933b67933b67933b679
33b67933b67933b67933b67933b67933b67932b57a32b57a32b57a32b57a32b57a32b57a32b57a32b57a30b47a30b47a30b47a30b47a30b47a30b47a30b47a2f
b37b2fb37b2fb37b2fb37b2fb37b2fb37b2fb37b2cb17d2cb17d2cb17d2cb17d2cb17d2cb17d2cb17d2cb17d2bb17d2bb17d2bb17d2bb17d2bb17d2bb17d2bb1
7d2ab07e2ab07e2ab07e2ab07e2ab07e2ab07e2ab07e28ae7f28ae7f28ae7f28ae7f28ae7f28ae7f28ae7f26ac8126ac8126ac8126ac8126ac8126ac8126ac81
26ac8124aa8224aa8224aa8224aa8224aa8224aa8224aa8223a88323a88323a88323a88323a88323a88323a88321a78421a78421a78421a78421a78421a78421
a78421a78420a58520a58520a58520a58520a58520a58520a5851fa2861fa2861fa2861fa2861fa2861fa2861fa2861ea0871ea0871ea0871ea0871ea0871ea0
871ea0871ea0871e9d881e9d881e9d881e9d881e9d881e9d881e9d881ea0871ea0871ea0871ea0871ea0871ea0871ea0871fa2861fa2861fa2861fa2861fa286
1fa2861fa2861fa28620a58520a58520a58520a58520a58520a58520a58521a78421a78421a78421a78421a78421a78421a78423a88323a88323a88323a88323
a88323a88323a88323a88324aa8224aa8224aa8224aa8224aa8224aa8224aa8226ac8126ac8126ac8126ac8126ac8126ac8126ac8128ae7f28ae7f28ae7f28ae
7f28ae7f28ae7f28ae7f2ab07e2ab07e2ab07e2ab07e2ab07e2ab07e2ab07e2ab07e2bb17d2bb17d2bb17d2bb17d2bb17d2bb17d2bb17d2cb17d2cb17d2cb17d
2cb17d2cb17d2cb17d2cb17d2fb37b2fb37b2fb37b2fb37b2fb37b2fb37b2fb37b2fb37b30b47a30b47a30b47a30b47a30b47a30b47a30b47a32b57a32b57a32
b57a32b57a32b57a32b57a32b57a33b67933b67933b67933b67933b67933b67933b67933b67933b67933b67933b67933b67933b67933b67933b67935b77835b7
7835b77835b77835b77835b77835b77836b87736b87736b87736b87736b87736b87736b87736b87736b87736b87736b87736b87736b87736b87736b87738b976
38b97638b97638b97638b97638b97638b97638b97638b97638b97638b97638b97638b97638b97638b97638b97638b97638b97638b97638b97638b97638b97638
b97638b97638b97638b97638b97638b97638b97639b97639b97639b97639b97639b97639b97639b97639b97639b97639b97639b97639b97639b97639b97639b9
7639b97639b97639b97639b97639b97639b97639b97639b97639b97639b97639b97639b97639b97639b97638b97638b97638b97638b97638b97638b97638b976
38b97638b97638b97638b97638b97638b97638b97638b97638b97638b97638b97638b97638b97638b97638b97638b97638b97638b97638b97638b97638b97638
b97638b97636b87736b87736b87736b87736b87736b87736b87736b87736b87736b87736b87736b87736b87736b87735b77835b77835b77835b77835b77835b7
7835b77835b77833b67933b67933b67933b67933b67933b67933b67933b67933b67933b67933b67933b67933b67933b67932b57a32b57a32b57a32b57a32b57a
32b57a32b57a32b57a30b47a30b47a30b47a30b47a30b47a30b47a30b47a2fb37b2fb37b2fb37b2fb37b2fb37b2fb37b2fb37b2cb17d2cb17d2cb17d2cb17d2c
b17d2cb17d2cb17d2cb17d2bb17d2bb17d2bb17d2bb17d2bb17d2bb17d2bb17d2ab07e2ab07e2ab07e2ab07e2ab07e2ab07e2ab07e28ae7f28ae7f28ae7f28ae
7f28ae7f28ae7f28ae7f26ac8126ac8126ac8126ac8126ac8126ac8126ac8126ac8124aa8224aa8224aa8224aa8224aa8224aa8224aa8223a88323a88323a883
23a88323a88323a88323a88321a78421a78421a78421a78421a78421a78421a78421a78420a58520a58520a58520a58520a58520a58520a5851fa2861fa2861f
a2861fa2861fa2861fa2861fa2861ea0871ea0871ea0871ea0871ea0871ea0871ea0871ea0871e9d881e9d881e9d881e9d881e9d881e9d881e9d881ea0871ea0
871ea0871ea0871ea0871ea0871ea0871fa2861fa2861fa2861fa2861fa2861fa2861fa2861fa28620a58520a58520a58520a58520a58520a58520a58521a784
21a78421a78421a78421a78421a78421a78423a88323a88323a88323a88323a88323a88323a88323a88324aa8224aa8224aa8224aa8224aa8224aa8224aa8226
ac8126ac8126ac8126ac8126ac8126ac8126ac8128ae7f28ae7f28ae7f28ae7f28ae7f28ae7f28ae7f2ab07e2ab07e2ab07e2ab07e2ab07e2ab07e2ab07e2ab0
7e2bb17d2bb17d2bb17d2bb17d2bb17d2bb17d2bb17d2cb17d2cb17d2cb17d2cb17d2cb17d2cb17d2cb17d2fb37b2fb37b2fb37b2fb37b2fb37b2fb37b2fb37b
2fb37b30b47a30b47a30b47a30b47a30b47a30b47a30b47a32b57a32b57a32b57a32b57a32b57a32b57a32b57a33b67933b67933b67933b67933b67933b67933
b67933b67933b67933b67933b67933b67933b67933b67933b67935b77835b77835b77835b77835b77835b77835b77836b87736b87736b87736b87736b87736b8
7736b87736b87736b87736b87736b87736b87736b87736b87736b87738b97638b97638b97638b97638b97638b97638b97638b97638b97638b97638b97638b976
38b97638b97638b97638b97638b97638b97638b97638b97638b97638b97638b97638b97638b97638b97638b97638b97638b97639b97639b97639b97639b97639
b97639b97639b97639b97639b97639b97639b97639b97639b97639b97639b97639b97639b97639b97639b97639b97639b97639b97639b97639b97639b97639b9
7639b97639b97639b97638b97638b97638b97638b97638b97638b97638b97638b97638b97638b97638b97638b97638b97638b97638b97638b97638b97638b976
38b97638b97638b97638b97638b97638b97638b97638b97638b97638b97638b97638b97636b87736b87736b87736b87736b87736b87736b87736b87736b87736
b87736b87736b87736b87736b87735b77835b77835b77835b77835b77835b77835b77835b77833b67933b67933b67933b67933b67933b67933b67933b67933b6
7933b67933b67933b67933b67933b67932b57a32b57a32b57a32b57a32b57a32b57a32b57a32b57a30b47a30b47a30b47a30b47a30b47a30b47a30b47a2fb37b
2fb37b2fb37b2fb37b2fb37b2fb37b2fb37b2cb17d2cb17d2cb17d2cb17d2cb17d2cb17d2cb17d2cb17d2bb17d2bb17d2bb17d2bb17d2bb17d2bb17d2bb17d2a
b07e2ab07e2ab07e2ab07e2ab07e2ab07e2ab07e28ae7f28ae7f28ae7f28ae7f28ae7f28ae7f28ae7f26ac8126ac8126ac8126ac8126ac8126ac8126ac8126ac
8124aa8224aa8224aa8224aa8224aa8224aa8224aa8223a88323a88323a88323a88323a88323a88323a88321a78421a78421a78421a78421a78421a78421a784
21a78420a58520a58520a58520a58520a58520a58520a5851fa2861fa2861fa2861fa2861fa2861fa2861fa2861ea0871ea0871ea0871ea0871ea0871ea0871e
a0871ea0871e9d881e9d881e9d881e9d881e9d881e9d881e9d881e998a1e998a1e998a1e998a1e998a1e998a1e998a1e9c891e9c891e9c891e9c891e9c891e9c
891e9c891e9c891e9f881e9f881e9f881e9f881e9f881e9f881e9f881fa1871fa1871fa1871fa1871fa1871fa1871fa1871fa3861fa3861fa3861fa3861fa386
1fa3861fa3861fa38620a58520a58520a58520a58520a58520a58520a58521a78421a78421a78421a78421a78421a78421a78423a88323a88323a88323a88323
a88323a88323a88324aa8224aa8224aa8224aa8224aa8224aa8224aa8224aa8225ab8125ab8125ab8125ab8125ab8125ab8125ab8126ac8126ac8126ac8126ac
8126ac8126ac8126ac8128ae7f28ae7f28ae7f28ae7f28ae7f28ae7f28ae7f28ae7f29af7f29af7f29af7f29af7f29af7f29af7f29af7f2ab07e2ab07e2ab07e
2ab07e2ab07e2ab07e2ab07e2bb17d2bb17d2bb17d2bb17d2bb17d2bb17d2bb17d2bb17d2bb17d2bb17d2bb17d2bb17d2bb17d2bb17d2bb17d2cb17d2cb17d2c
b17d2cb17d2cb17d2cb17d2cb17d2eb27c2eb27c2eb27c2eb27c2eb27c2eb27c2eb27c2eb27c2eb27c2eb27c2eb27c2eb27c2eb27c2eb27c2eb27c2fb37b2fb3
7b2fb37b2fb37b2fb37b2fb37b2fb37b2fb37b2fb37b2fb37b2fb37b2fb37b2fb37b2fb37b2fb37b2fb37b2fb37b2fb37b2fb37b2fb37b2fb37b2fb37b30b47a
30b47a30b47a30b47a30b47a30b47a30b47a30b47a30b47a30b47a30b47a30b47a30b47a30b47a30b47a30b47a30b47a30b47a30b47a30b47a30b47a30b47a30
b47a30b47a30b47a30b47a30b47a30b47a30b47a30b47a30b47a30b47a30b47a30b47a30b47a30b47a30b47a30b47a30b47a30b47a30b47a30b47a30b47a30b4
7a2fb37b2fb37b2fb37b2fb37b2fb37b2fb37b2fb37b2fb37b2fb37b2fb37b2fb37b2fb37b2fb37b2fb37b2fb37b2fb37b2fb37b2fb37b2fb37b2fb37b2fb37b
2fb37b2eb27c2eb27c2eb27c2eb27c2eb27c2eb27c2eb27c2eb27c2eb27c2eb27c2eb27c2eb27c2eb27c2eb27c2cb17d2cb17d2cb17d2cb17d2cb17d2cb17d2c
b17d2cb17d2bb17d2bb17d2bb17d2bb17d2bb17d2bb17d2bb17d2bb17d2bb17d2bb17d2bb17d2bb17d2bb17d2bb17d2ab07e2ab07e2ab07e2ab07e2ab07e2ab0
7e2ab07e2ab07e29af7f29af7f29af7f29af7f29af7f29af7f29af7f28ae7f28ae7f28ae7f28ae7f28ae7f28ae7f28ae7f26ac8126ac8126ac8126ac8126ac81
26ac8126ac8126ac8125ab8125ab8125ab8125ab8125ab8125ab8125ab8124aa8224aa8224aa8224aa8224aa8224aa8224aa8223a88323a88323a88323a88323
a88323a88323a88321a78421a78421a78421a78421a78421a78421a78421a78420a58520a58520a58520a58520a58520a58520a5851fa3861fa3861fa3861fa3
861fa3861fa3861fa3861fa1871fa1871fa1871fa1871fa1871fa1871fa1871fa1871e9f881e9f881e9f881e9f881e9f881e9f881e9f881e9c891e9c891e9c89
1e9c891e9c891e9c891e9c891e998a1e998a1e998a1e998a1e998a1e998a1e998a1e998a1e988a1e988a1e988a1e988a1e988a1e988a1e988a1e998a1e998a1e
998a1e998a1e998a1e998a1e998a1e9c891e9c891e9c891e9c891e9c891e9c891e9c891e9c891e9f881e9f881e9f881e9f881e9f881e9f881e9f881fa1871fa1
871fa1871fa1871fa1871fa1871fa1871fa3861fa3861fa3861fa3861fa3861fa3861fa3861fa38620a58520a58520a58520a58520a58520a58520a58521a784
21a78421a78421a78421a78421a78421a78423a88323a88323a88323a88323a88323a88323a88324aa8224aa8224aa8224aa8224aa8224aa8224aa8224aa8225
ab8125ab8125ab8125ab8125ab8125ab8125ab8126ac8126ac8126ac8126ac8126ac8126ac8126ac8128ae7f28ae7f28ae7f28ae7f28ae7f28ae7f28ae7f28ae
7f29af7f29af7f29af7f29af7f29af7f29af7f29af7f2ab07e2ab07e2ab07e2ab07e2ab07e2ab07e2ab07e2bb17d2bb17d2bb17d2bb17d2bb17d2bb17d2bb17d
2bb17d2bb17d2bb17d2bb17d2bb17d2bb17d2bb17d2bb17d2cb17d2cb17d2cb17d2cb17d2cb17d2cb17d2cb17d2eb27c2eb27c2eb27c2eb27c2eb27c2eb27c2e
b27c2eb27c2eb27c2eb27c2eb27c2eb27c2eb27c2eb27c2eb27c2fb37b2fb37b2fb37b2fb37b2fb37b2fb37b2fb37b2fb37b2fb37b2fb37b2fb37b2fb37b2fb3
7b2fb37b2fb37b2fb37b2fb37b2fb37b2fb37b2fb37b2fb37b2fb37b30b47a30b47a30b47a30b47a30b47a30b47a30b47a30b47a30b47a30b47a30b47a30b47a
30b47a30b47a30b47a30b47a30b47a30b47a30b47a30b47a30b47a30b47a30b47a30b47a30b47a30b47a30b47a30b47a30b47a30b47a30b47a30b47a30b47a30
b47a30b47a30b47a30b47a30b47a30b47a30b47a30b47a30b47a30b47a30b47a2fb37b2fb37b2fb37b2fb37b2fb37b2fb37b2fb37b2fb37b2fb37b2fb37b2fb3
7b2fb37b2fb37b2fb37b2fb37b2fb37b2fb37b2fb37b2fb37b2fb37b2fb37b2fb37b2eb27c2eb27c2eb27c2eb27c2eb27c2eb27c2eb27c2eb27c2eb27c2eb27c
2eb27c2eb27c2eb27c2eb27c2cb17d2cb17d2cb17d2cb17d2cb17d2cb17d2cb17d2cb17d2bb17d2bb17d2bb17d2bb17d2bb17d2bb17d2bb17d2bb17d2bb17d2b
b17d2bb17d2bb17d2bb17d2bb17d2ab07e2ab07e2ab07e2ab07e2ab07e2ab07e2ab07e2ab07e29af7f29af7f29af7f29af7f29af7f29af7f29af7f28ae7f28ae
7f28ae7f28ae7f28ae7f28ae7f28ae7f26ac8126ac8126ac8126ac8126ac8126ac8126ac8126ac8125ab8125ab8125ab8125ab8125ab8125ab8125ab8124aa82
24aa8224aa8224aa8224aa8224aa8224aa8223a88323a88323a88323a88323a88323a88323a88321a78421a78421a78421a78421a78421a78421a78421a78420
a58520a58520a58520a58520a58520a58520a5851fa3861fa3861fa3861fa3861fa3861fa3861fa3861fa1871fa1871fa1871fa1871fa1871fa1871fa1871fa1
871e9f881e9f881e9f881e9f881e9f881e9f881e9f881e9c891e9c891e9c891e9c891e9c891e9c891e9c891e998a1e998a1e998a1e998a1e998a1e998a1e998a
1e998a1e988a1e988a1e988a1e988a1e988a1e988a1e988a1e998a1e998a1e998a1e998a1e998a1e998a1e998a1e9c891e9c891e9c891e9c891e9c891e9c891e
9c891e9c891e9f881e9f881e9f881e9f881e9f881e9f881e9f881fa1871fa1871fa1871fa1871fa1871fa1871fa1871fa3861fa3861fa3861fa3861fa3861fa3
861fa3861fa38620a58520a58520a58520a58520a58520a58520a58521a78421a78421a78421a78421a78421a78421a78423a88323a88323a88323a88323a883
23a88323a88324aa8224aa8224aa8224aa8224aa8224aa8224aa8224aa8225ab8125ab8125ab8125ab8125ab8125ab8125ab8126ac8126ac8126ac8126ac8126
ac8126ac8126ac8128ae7f28ae7f28ae7f28ae7f28ae7f28ae7f28ae7f28ae7f29af7f29af7f29af7f29af7f29af7f29af7f29af7f2ab07e2ab07e2ab07e2ab0
7e2ab07e2ab07e2ab07e2bb17d2bb17d2bb17d2bb17d2bb17d2bb17d2bb17d2bb17d2bb17d2bb17d2bb17d2bb17d2bb17d2bb17d2bb17d2cb17d2cb17d2cb17d
2cb17d2cb17d2cb17d2cb17d2eb27c2eb27c2eb27c2eb27c2eb27c2eb27c2eb27c2eb27c2eb27c2eb27c2eb27c2eb27c2eb27c2eb27c2eb27c2fb37b2fb37b2f
b37b2fb37b2fb37b2fb37b2fb37b2fb37b2fb37b2fb37b2fb37b2fb37b2fb37b2fb37b2fb37b2fb37b2fb37b2fb37b2fb37b2fb37b2fb37b2fb37b30b47a30b4
7a30b47a30b47a30b47a30b47a30b47a30b47a30b47a30b47a30b47a30b47a30b47a30b47a30b47a30b47a30b47a30b47a30b47a30b47a30b47a30b47a30b47a
30b47a30b47a30b47a30b47a30b47a30b47a30b47a30b47a30b47a30b47a30b47a30b47a30b47a30b47a30b47a30b47a30b47a30b47a30b47a30b47a30b47a2f
b37b2fb37b2fb37b2fb37b2fb37b2fb37b2fb37b2fb37b2fb37b2fb37b2fb37b2fb37b2fb37b2fb37b2fb37b2fb37b2fb37b2fb37b2fb37b2fb37b2fb37b2fb3
7b2eb27c2eb27c2eb27c2eb27c2eb27c2eb27c2eb27c2eb27c2eb27c2eb27c2eb27c2eb27c2eb27c2eb27c2cb17d2cb17d2cb17d2cb17d2cb17d2cb17d2cb17d
2cb17d2bb17d2bb17d2bb17d2bb17d2bb17d2bb17d2bb17d2bb17d2bb17d2bb17d2bb17d2bb17d2bb17d2bb17d2ab07e2ab07e2ab07e2ab07e2ab07e2ab07e2a
b07e2ab07e29af7f29af7f29af7f29af7f29af7f29af7f29af7f28ae7f28ae7f28ae7f28ae7f28ae7f28ae7f28ae7f26ac8126ac8126ac8126ac8126ac8126ac
8126ac8126ac8125ab8125ab8125ab8125ab8125ab8125ab8125ab8124aa8224aa8224aa8224aa8224aa8224aa8224aa8223a88323a88323a88323a88323a883
23a88323a88321a78421a78421a78421a78421a78421a78421a78421a78420a58520a58520a58520a58520a58520a58520a5851fa3861fa3861fa3861fa3861f
a3861fa3861fa3861fa1871fa1871fa1871fa1871fa1871fa1871fa1871fa1871e9f881e9f881e9f881e9f881e9f881e9f881e9f881e9c891e9c891e9c891e9c
891e9c891e9c891e9c891e998a1e998a1e998a1e998a1e998a1e998a1e998a1e998a1e988a1e988a1e988a1e988a1e988a1e988a1e988a1e998a1e998a1e998a
1e998a1e998a1e998a1e998a1e9c891e9c891e9c891e9c891e9c891e9c891e9c891e9c891e9f881e9f881e9f881e9f881e9f881e9f881e9f881fa1871fa1871f
a1871fa1871fa1871fa1871fa1871fa3861fa3861fa3861fa3861fa3861fa3861fa3861fa38620a58520a58520a58520a58520a58520a58520a58521a78421a7
8421a78421a78421a78421a78421a78423a88323a88323a88323a88323a88323a88323a88324aa8224aa8224aa8224aa8224aa8224aa8224aa8224aa8225ab81
25ab8125ab8125ab8125ab8125ab8125ab8126ac8126ac8126ac8126ac8126ac8126ac8126ac8128ae7f28ae7f28ae7f28ae7f28ae7f28ae7f28ae7f28ae7f29
af7f29af7f29af7f29af7f29af7f29af7f29af7f2ab07e2ab07e2ab07e2ab07e2ab07e2ab07e2ab07e2bb17d2bb17d2bb17d2bb17d2bb17d2bb17d2bb17d2bb1
7d2bb17d2bb17d2bb17d2bb17d2bb17d2bb17d2bb17d2cb17d2cb17d2cb17d2cb17d2cb17d2cb17d2cb17d2eb27c2eb27c2eb27c2eb27c2eb27c2eb27c2eb27c
2eb27c2eb27c2eb27c2eb27c2eb27c2eb27c2eb27c2eb27c2fb37b2fb37b2fb37b2fb37b2fb37b2fb37b2fb37b2fb37b2fb37b2fb37b2fb37b2fb37b2fb37b2f
b37b2fb37b2fb37b2fb37b2fb37b2fb37b2fb37b2fb37b2fb37b30b47a30b47a30b47a30b47a30b47a30b47a30b47a30b47a30b47a30b47a30b47a30b47a30b4
7a30b47a30b47a30b47a30b47a30b47a30b47a30b47a30b47a30b47a30b47a30b47a30b47a30b47a30b47a30b47a30b47a30b47a30b47a30b47a30b47a30b47a
30b47a30b47a30b47a30b47a30b47a30b47a30b47a30b47a30b47a30b47a2fb37b2fb37b2fb37b2fb37b2fb37b2fb37b2fb37b2fb37b2fb37b2fb37b2fb37b2f
b37b2fb37b2fb37b2fb37b2fb37b2fb37b2fb37b2fb37b2fb37b2fb37b2fb37b2eb27c2eb27c2eb27c2eb27c2eb27c2eb27c2eb27c2eb27c2eb27c2eb27c2eb2
7c2eb27c2eb27c2eb27c2cb17d2cb17d2cb17d2cb17d2cb17d2cb17d2cb17d2cb17d2bb17d2bb17d2bb17d2bb17d2bb17d2bb17d2bb17d2bb17d2bb17d2bb17d
2bb17d2bb17d2bb17d2bb17d2ab07e2ab07e2ab07e2ab07e2ab07e2ab07e2ab07e2ab07e29af7f29af7f29af7f29af7f29af7f29af7f29af7f28ae7f28ae7f28
ae7f28ae7f28ae7f28ae7f28ae7f26ac8126ac8126ac8126ac8126ac8126ac8126ac8126ac8125ab8125ab8125ab8125ab8125ab8125ab8125ab8124aa8224aa
8224aa8224aa8224aa8224aa8224aa8223a88323a88323a88323a88323a88323a88323a88321a78421a78421a78421a78421a78421a78421a78421a78420a585
20a58520a58520a58520a58520a58520a5851fa3861fa3861fa3861fa3861fa3861fa3861fa3861fa1871fa1871fa1871fa1871fa1871fa1871fa1871fa1871e
9f881e9f881e9f881e9f881e9f881e9f881e9f881e9c891e9c891e9c891e9c891e9c891e9c891e9c891e998a1e998a1e998a1e998a1e998a1e998a1e998a1e99
8a1e988a1e988a1e988a1e988a1e988a1e988a1e988a1e998a1e998a1e998a1e998a1e998a1e998a1e998a1e9c891e9c891e9c891e9c891e9c891e9c891e9c89
1e9c891e9f881e9f881e9f881e9f881e9f881e9f881e9f881fa1871fa1871fa1871fa1871fa1871fa1871fa1871fa3861fa3861fa3861fa3861fa3861fa3861f
a3861fa38620a58520a58520a58520a58520a58520a58520a58521a78421a78421a78421a78421a78421a78421a78423a88323a88323a88323a88323a88323a8
8323a88324aa8224aa8224aa8224aa8224aa8224aa8224aa8224aa8225ab8125ab8125ab8125ab8125ab8125ab8125ab8126ac8126ac8126ac8126ac8126ac81
26ac8126ac8128ae7f28ae7f28ae7f28ae7f28ae7f28ae7f28ae7f28ae7f29af7f29af7f29af7f29af7f29af7f29af7f29af7f2ab07e2ab07e2ab07e2ab07e2a
b07e2ab07e2ab07e2bb17d2bb17d2bb17d2bb17d2bb17d2bb17d2bb17d2bb17d2bb17d2bb17d2bb17d2bb17d2bb17d2bb17d2bb17d2cb17d2cb17d2cb17d2cb1
7d2cb17d2cb17d2cb17d2eb27c2eb27c2eb27c2eb27c2eb27c2eb27c2eb27c2eb27c2eb27c2eb27c2eb27c2eb27c2eb27c2eb27c2eb27c2fb37b2fb37b2fb37b
2fb37b2fb37b2fb37b2fb37b2fb37b2fb37b2fb37b2fb37b2fb37b2fb37b2fb37b2fb37b2fb37b2fb37b2fb37b2fb37b2fb37b2fb37b2fb37b30b47a30b47a30
b47a30b47a30b47a30b47a30b47a30b47a30b47a30b47a30b47a30b47a30b47a30b47a30b47a30b47a30b47a30b47a30b47a30b47a30b47a30b47a30b47a30b4
7a30b47a30b47a30b47a30b47a30b47a30b47a30b47a30b47a30b47a30b47a30b47a30b47a30b47a30b47a30b47a30b47a30b47a30b47a30b47a30b47a2fb37b
2fb37b2fb37b2fb37b2fb37b2fb37b2fb37b2fb37b2fb37b2fb37b2fb37b2fb37b2fb37b2fb37b2fb37b2fb37b2fb37b2fb37b2fb37b2fb37b2fb37b2fb37b2e
b27c2eb27c2eb27c2eb27c2eb27c2eb27c2eb27c2eb27c2eb27c2eb27c2eb27c2eb27c2eb27c2eb27c2cb17d2cb17d2cb17d2cb17d2cb17d2cb17d2cb17d2cb1
7d2bb17d2bb17d2bb17d2bb17d2bb17d2bb17d2bb17d2bb17d2bb17d2bb17d2bb17d2bb17d2bb17d2bb17d2ab07e2ab07e2ab07e2ab07e2ab07e2ab07e2ab07e
2ab07e29af7f29af7f29af7f29af7f29af7f29af7f29af7f28ae7f28ae7f28ae7f28ae7f28ae7f28ae7f28ae7f26ac8126ac8126ac8126ac8126ac8126ac8126
ac8126ac8125ab8125ab8125ab8125ab8125ab8125ab8125ab8124aa8224aa8224aa8224aa8224aa8224aa8224aa8223a88323a88323a88323a88323a88323a8
8323a88321a78421a78421a78421a78421a78421a78421a78421a78420a58520a58520a58520a58520a58520a58520a5851fa3861fa3861fa3861fa3861fa386
1fa3861fa3861fa1871fa1871fa1871fa1871fa1871fa1871fa1871fa1871e9f881e9f881e9f881e9f881e9f881e9f881e9f881e9c891e9c891e9c891e9c891e
9c891e9c891e9c891e998a1e998a1e998a1e998a1e998a1e998a1e998a1e998a1e988a1e988a1e988a1e988a1e988a1e988a1e988a1e998a1e998a1e998a1e99
8a1e998a1e998a1e998a1e9c891e9c891e9c891e9c891e9c891e9c891e9c891e9c891e9f881e9f881e9f881e9f881e9f881e9f881e9f881fa1871fa1871fa187
1fa1871fa1871fa1871fa1871fa3861fa3861fa3861fa3861fa3861fa3861fa3861fa38620a58520a58520a58520a58520a58520a58520a58521a78421a78421
a78421a78421a78421a78421a78423a88323a88323a88323a88323a88323a88323a88324aa8224aa8224aa8224aa8224aa8224aa8224aa8224aa8225ab8125ab
8125ab8125ab8125ab8125ab8125ab8126ac8126ac8126ac8126ac8126ac8126ac8126ac8128ae7f28ae7f28ae7f28ae7f28ae7f28ae7f28ae7f28ae7f29af7f
29af7f29af7f29af7f29af7f29af7f29af7f2ab07e2ab07e2ab07e2ab07e2ab07e2ab07e2ab07e2bb17d2bb17d2bb17d2bb17d2bb17d2bb17d2bb17d2bb17d2b
b17d2bb17d2bb17d2bb17d2bb17d2bb17d2bb17d2cb17d2cb17d2cb17d2cb17d2cb17d2cb17d2cb17d2eb27c2eb27c2eb27c2eb27c2eb27c2eb27c2eb27c2eb2
7c2eb27c2eb27c2eb27c2eb27c2eb27c2eb27c2eb27c2fb37b2fb37b2fb37b2fb37b2fb37b2fb37b2fb37b2fb37b2fb37b2fb37b2fb37b2fb37b2fb37b2fb37b
2fb37b2fb37b2fb37b2fb37b2fb37b2fb37b2fb37b2fb37b30b47a30b47a30b47a30b47a30b47a30b47a30b47a30b47a30b47a30b47a30b47a30b47a30b47a30
b47a30b47a30b47a30b47a30b47a30b47a30b47a30b47a30b47a30b47a30b47a30b47a30b47a30b47a30b47a30b47a30b47a30b47a30b47a30b47a30b47a30b4
7a30b47a30b47a30b47a30b47a30b47a30b47a30b47a30b47a30b47a2fb37b2fb37b2fb37b2fb37b2fb37b2fb37b2fb37b2fb37b2fb37b2fb37b2fb37b2fb37b
2fb37b2fb37b2fb37b2fb37b2fb37b2fb37b2fb37b2fb37b2fb37b2fb37b2eb27c2eb27c2eb27c2eb27c2eb27c2eb27c2eb27c2eb27c2eb27c2eb27c2eb27c2e
b27c2eb27c2eb27c2cb17d2cb17d2cb17d2cb17d2cb17d2cb17d2cb17d2cb17d2bb17d2bb17d2bb17d2bb17d2bb17d2bb17d2bb17d2bb17d2bb17d2bb17d2bb1
7d2bb17d2bb17d2bb17d2ab07e2ab07e2ab07e2ab07e2ab07e2ab07e2ab07e2ab07e29af7f29af7f29af7f29af7f29af7f29af7f29af7f28ae7f28ae7f28ae7f
28ae7f28ae7f28ae7f28ae7f26ac8126ac8126ac8126ac8126ac8126ac8126ac8126ac8125ab8125ab8125ab8125ab8125ab8125ab8125ab8124aa8224aa8224
aa8224aa8224aa8224aa8224aa8223a88323a88323a88323a88323a88323a88323a88321a78421a78421a78421a78421a78421a78421a78421a78420a58520a5
8520a58520a58520a58520a58520a5851fa3861fa3861fa3861fa3861fa3861fa3861fa3861fa1871fa1871fa1871fa1871fa1871fa1871fa1871fa1871e9f88
1e9f881e9f881e9f881e9f881e9f881e9f881e9c891e9c891e9c891e9c891e9c891e9c891e9c891e998a1e998a1e998a1e998a1e998a1e998a1e998a1e998a1e
988a1e988a1e988a1e988a1e988a1e988a1e988a1e998a1e998a1e998a1e998a1e998a1e998a1e998a1e9c891e9c891e9c891e9c891e9c891e9c891e9c891e9c
891e9f881e9f881e9f881e9f881e9f881e9f881e9f881fa1871fa1871fa1871fa1871fa1871fa1871fa1871fa3861fa3861fa3861fa3861fa3861fa3861fa386
1fa38620a58520a58520a58520a58520a58520a58520a58521a78421a78421a78421a78421a78421a78421a78423a88323a88323a88323a88323a88323a88323
a88324aa8224aa8224aa8224aa8224aa8224aa8224aa8224aa8225ab8125ab8125ab8125ab8125ab8125ab8125ab8126ac8126ac8126ac8126ac8126ac8126ac
8126ac8128ae7f28ae7f28ae7f28ae7f28ae7f28ae7f28ae7f28ae7f29af7f29af7f29af7f29af7f29af7f29af7f29af7f2ab07e2ab07e2ab07e2ab07e2ab07e
2ab07e2ab07e2bb17d2bb17d2bb17d2bb17d2bb17d2bb17d2bb17d2bb17d2bb17d2bb17d2bb17d2bb17d2bb17d2bb17d2bb17d2cb17d2cb17d2cb17d2cb17d2c
b17d2cb17d2cb17d2eb27c2eb27c2eb27c2eb27c2eb27c2eb27c2eb27c2eb27c2eb27c2eb27c2eb27c2eb27c2eb27c2eb27c2eb27c2fb37b2fb37b2fb37b2fb3
7b2fb37b2fb37b2fb37b2fb37b2fb37b2fb37b2fb37b2fb37b2fb37b2fb37b2fb37b2fb37b2fb37b2fb37b2fb37b2fb37b2fb37b2fb37b30b47a30b47a30b47a
30b47a30b47a30b47a30b47a30b47a30b47a30b47a30b47a30b47a30b47a30b47a30b47a30b47a30b47a30b47a30b47a30b47a30b47a30b47a30b47a30b47a30
b47a30b47a30b47a30b47a30b47a30b47a30b47a30b47a30b47a30b47a30b47a30b47a30b47a30b47a30b47a30b47a30b47a30b47a30b47a30b47a2fb37b2fb3
7b2fb37b2fb37b2fb37b2fb37b2fb37b2fb37b2fb37b2fb37b2fb37b2fb37b2fb37b2fb37b2fb37b2fb37b2fb37b2fb37b2fb37b2fb37b2fb37b2fb37b2eb27c
2eb27c2eb27c2eb27c2eb27c2eb27c2eb27c2eb27c2eb27c2eb27c2eb27c2eb27c2eb27c2eb27c2cb17d2cb17d2cb17d2cb17d2cb17d2cb17d2cb17d2cb17d2b
b17d2bb17d2bb17d2bb17d2bb17d2bb17d2bb17d2bb17d2bb17d2bb17d2bb17d2bb17d2bb17d2bb17d2ab07e2ab07e2ab07e2ab07e2ab07e2ab07e2ab07e2ab0
7e29af7f29af7f29af7f29af7f29af7f29af7f29af7f28ae7f28ae7f28ae7f28ae7f28ae7f28ae7f28ae7f26ac8126ac8126ac8126ac8126ac8126ac8126ac81
26ac8125ab8125ab8125ab8125ab8125ab8125ab8125ab8124aa8224aa8224aa8224aa8224aa8224aa8224aa8223a88323a88323a88323a88323a88323a88323
a88321a78421a78421a78421a78421a78421a78421a78421a78420a58520a58520a58520a58520a58520a58520a5851fa3861fa3861fa3861fa3861fa3861fa3
861fa3861fa1871fa1871fa1871fa1871fa1871fa1871fa1871fa1871e9f881e9f881e9f881e9f881e9f881e9f881e9f881e9c891e9c891e9c891e9c891e9c89
1e9c891e9c891e998a1e998a1e998a1e998a1e998a1e998a1e998a1e998a1e988a1e988a1e988a1e988a1e988a1e988a1e988a1e998a1e998a1e998a1e998a1e
998a1e998a1e998a1e9c891e9c891e9c891e9c891e9c891e9c891e9c891e9c891e9f881e9f881e9f881e9f881e9f881e9f881e9f881fa1871fa1871fa1871fa1
871fa1871fa1871fa1871fa3861fa3861fa3861fa3861fa3861fa3861fa3861fa38620a58520a58520a58520a58520a58520a58520a58521a78421a78421a784
21a78421a78421a78421a78423a88323a88323a88323a88323a88323a88323a88324aa8224aa8224aa8224aa8224aa8224aa8224aa8224aa8225ab8125ab8125
ab8125ab8125ab8125ab8125ab8126ac8126ac8126ac8126ac8126ac8126ac8126ac8128ae7f28ae7f28ae7f28ae7f28ae7f28ae7f28ae7f28ae7f29af7f29af
7f29af7f29af7f29af7f29af7f29af7f2ab07e2ab07e2ab07e2ab07e2ab07e2ab07e2ab07e2bb17d2bb17d2bb17d2bb17d2bb17d2bb17d2bb17d2bb17d2bb17d
2bb17d2bb17d2bb17d2bb17d2bb17d2bb17d2cb17d2cb17d2cb17d2cb17d2cb17d2cb17d2cb17d2eb27c2eb27c2eb27c2eb27c2eb27c2eb27c2eb27c2eb27c2e
b27c2eb27c2eb27c2eb27c2eb27c2eb27c2eb27c2fb37b2fb37b2fb37b2fb37b2fb37b2fb37b2fb37b2fb37b2fb37b2fb37b2fb37b2fb37b2fb37b2fb37b2fb3
7b2fb37b2fb37b2fb37b2fb37b2fb37b2fb37b2fb37b30b47a30b47a30b47a30b47a30b47a30b47a30b47a30b47a30b47a30b47a30b47a30b47a30b47a30b47a
30b47a30b47a30b47a30b47a30b47a30b47a30b47a30b47a30b47a30b47a30b47a30b47a30b47a30b47a30b47a30b47a30b47a30b47a30b47a30b47a30b47a30
b47a30b47a30b47a30b47a30b47a30b47a30b47a30b47a30b47a2fb37b2fb37b2fb37b2fb37b2fb37b2fb37b2fb37b2fb37b2fb37b2fb37b2fb37b2fb37b2fb3
7b2fb37b2fb37b2fb37b2fb37b2fb37b2fb37b2fb37b2fb37b2fb37b2eb27c2eb27c2eb27c2eb27c2eb27c2eb27c2eb27c2eb27c2eb27c2eb27c2eb27c2eb27c
2eb27c2eb27c2cb17d2cb17d2cb17d2cb17d2cb17d2cb17d2cb17d2cb17d2bb17d2bb17d2bb17d2bb17d2bb17d2bb17d2bb17d2bb17d2bb17d2bb17d2bb17d2b
b17d2bb17d2bb17d2ab07e2ab07e2ab07e2ab07e2ab07e2ab07e2ab07e2ab07e29af7f29af7f29af7f29af7f29af7f29af7f29af7f28ae7f28ae7f28ae7f28ae
7f28ae7f28ae7f28ae7f26ac8126ac8126ac8126ac8126ac8126ac8126ac8126ac8125ab8125ab8125ab8125ab8125ab8125ab8125ab8124aa8224aa8224aa82
24aa8224aa8224aa8224aa8223a88323a88323a88323a88323a88323a88323a88321a78421a78421a78421a78421a78421a78421a78421a78420a58520a58520
a58520a58520a58520a58520a5851fa3861fa3861fa3861fa3861fa3861fa3861fa3861fa1871fa1871fa1871fa1871fa1871fa1871fa1871fa1871e9f881e9f
881e9f881e9f881e9f881e9f881e9f881e9c891e9c891e9c891e9c891e9c891e9c891e9c891e998a1e998a1e998a1e998a1e998a1e998a1e998a1e998a1e988a
1e988a1e988a1e988a1e988a1e988a1e988a1f958b1f958b1f958b1f958b1f958b1f958b1f958b1e978a1e978a1e978a1e978a1e978a1e978a1e978a1e978a1e
998a1e998a1e998a1e998a1e998a1e998a1e998a1e9b891e9b891e9b891e9b891e9b891e9b891e9b891e9d881e9d881e9d881e9d881e9d881e9d881e9d881e9d
881e9f881e9f881e9f881e9f881e9f881e9f881e9f881fa1871fa1871fa1871fa1871fa1871fa1871fa1871fa3861fa3861fa3861fa3861fa3861fa3861fa386
20a48520a48520a48520a48520a48520a48520a48520a48521a68521a68521a68521a68521a68521a68521a68521a78421a78421a78421a78421a78421a78421
a78423a88323a88323a88323a88323a88323a88323a88323a88323a98223a98223a98223a98223a98223a98223a98224aa8224aa8224aa8224aa8224aa8224aa
8224aa8225ab8125ab8125ab8125ab8125ab8125ab8125ab8125ab8125ab8125ab8125ab8125ab8125ab8125ab8125ab8126ac8126ac8126ac8126ac8126ac81
26ac8126ac8127ad8027ad8027ad8027ad8027ad8027ad8027ad8027ad8027ad8027ad8027ad8027ad8027ad8027ad8027ad8028ae7f28ae7f28ae7f28ae7f28
ae7f28ae7f28ae7f28ae7f28ae7f28ae7f28ae7f28ae7f28ae7f28ae7f28ae7f28ae7f28ae7f28ae7f28ae7f28ae7f28ae7f28ae7f29af7f29af7f29af7f29af
7f29af7f29af7f29af7f29af7f29af7f29af7f29af7f29af7f29af7f29af7f29af7f29af7f29af7f29af7f29af7f29af7f29af7f29af7f29af7f29af7f29af7f
29af7f29af7f29af7f29af7f29af7f29af7f29af7f29af7f29af7f29af7f29af7f29af7f29af7f29af7f29af7f29af7f29af7f29af7f29af7f28ae7f28ae7f28
ae7f28ae7f28ae7f28ae7f28ae7f28ae7f28ae7f28ae7f28ae7f28ae7f28ae7f28ae7f28ae7f28ae7f28ae7f28ae7f28ae7f28ae7f28ae7f28ae7f27ad8027ad
8027ad8027ad8027ad8027ad8027ad8027ad8027ad8027ad8027ad8027ad8027ad8027ad8026ac8126ac8126ac8126ac8126ac8126ac8126ac8126ac8125ab81
25ab8125ab8125ab8125ab8125ab8125ab8125ab8125ab8125ab8125ab8125ab8125ab8125ab8124aa8224aa8224aa8224aa8224aa8224aa8224aa8224aa8223
a98223a98223a98223a98223a98223a98223a98223a88323a88323a88323a88323a88323a88323a88321a78421a78421a78421a78421a78421a78421a78421a7
8421a68521a68521a68521a68521a68521a68521a68520a48520a48520a48520a48520a48520a48520a4851fa3861fa3861fa3861fa3861fa3861fa3861fa386
1fa1871fa1871fa1871fa1871fa1871fa1871fa1871fa1871e9f881e9f881e9f881e9f881e9f881e9f881e9f881e9d881e9d881e9d881e9d881e9d881e9d881e
9d881e9b891e9b891e9b891e9b891e9b891e9b891e9b891e9b891e998a1e998a1e998a1e998a1e998a1e998a1e998a1e978a1e978a1e978a1e978a1e978a1e97
8a1e978a1f958b1f958b1f958b1f958b1f958b1f958b1f958b1f958b1f928c1f928c1f928c1f928c1f928c1f928c1f928c1f958b1f958b1f958b1f958b1f958b
1f958b1f958b1e978a1e978a1e978a1e978a1e978a1e978a1e978a1e978a1e998a1e998a1e998a1e998a1e998a1e998a1e998a1e9b891e9b891e9b891e9b891e
9b891e9b891e9b891e9d881e9d881e9d881e9d881e9d881e9d881e9d881e9d881e9f881e9f881e9f881e9f881e9f881e9f881e9f881fa1871fa1871fa1871fa1
871fa1871fa1871fa1871fa3861fa3861fa3861fa3861fa3861fa3861fa38620a48520a48520a48520a48520a48520a48520a48520a48521a68521a68521a685
21a68521a68521a68521a68521a78421a78421a78421a78421a78421a78421a78423a88323a88323a88323a88323a88323a88323a88323a88323a98223a98223
a98223a98223a98223a98223a98224aa8224aa8224aa8224aa8224aa8224aa8224aa8225ab8125ab8125ab8125ab8125ab8125ab8125ab8125ab8125ab8125ab
8125ab8125ab8125ab8125ab8125ab8126ac8126ac8126ac8126ac8126ac8126ac8126ac8127ad8027ad8027ad8027ad8027ad8027ad8027ad8027ad8027ad80
27ad8027ad8027ad8027ad8027ad8027ad8028ae7f28ae7f28ae7f28ae7f28ae7f28ae7f28ae7f28ae7f28ae7f28ae7f28ae7f28ae7f28ae7f28ae7f28ae7f28
ae7f28ae7f28ae7f28ae7f28ae7f28ae7f28ae7f29af7f29af7f29af7f29af7f29af7f29af7f29af7f29af7f29af7f29af7f29af7f29af7f29af7f29af7f29af
7f29af7f29af7f29af7f29af7f29af7f29af7f29af7f29af7f29af7f29af7f29af7f29af7f29af7f29af7f29af7f29af7f29af7f29af7f29af7f29af7f29af7f
29af7f29af7f29af7f29af7f29af7f29af7f29af7f29af7f28ae7f28ae7f28ae7f28ae7f28ae7f28ae7f28ae7f28ae7f28ae7f28ae7f28ae7f28ae7f28ae7f28
ae7f28ae7f28ae7f28ae7f28ae7f28ae7f28ae7f28ae7f28ae7f27ad8027ad8027ad8027ad8027ad8027ad8027ad8027ad8027ad8027ad8027ad8027ad8027ad
8027ad8026ac8126ac8126ac8126ac8126ac8126ac8126ac8126ac8125ab8125ab8125ab8125ab8125ab8125ab8125ab8125ab8125ab8125ab8125ab8125ab81
25ab8125ab8124aa8224aa8224aa8224aa8224aa8224aa8224aa8224aa8223a98223a98223a98223a98223a98223a98223a98223a88323a88323a88323a88323
a88323a88323a88321a78421a78421a78421a78421a78421a78421a78421a78421a68521a68521a68521a68521a68521a68521a68520a48520a48520a48520a4
8520a48520a48520a4851fa3861fa3861fa3861fa3861fa3861fa3861fa3861fa1871fa1871fa1871fa1871fa1871fa1871fa1871fa1871e9f881e9f881e9f88
1e9f881e9f881e9f881e9f881e9d881e9d881e9d881e9d881e9d881e9d881e9d881e9b891e9b891e9b891e9b891e9b891e9b891e9b891e9b891e998a1e998a1e
998a1e998a1e998a1e998a1e998a1e978a1e978a1e978a1e978a1e978a1e978a1e978a1f958b1f958b1f958b1f958b1f958b1f958b1f958b1f958b1f928c1f92
8c1f928c1f928c1f928c1f928c1f928c1f958b1f958b1f958b1f958b1f958b1f958b1f958b1e978a1e978a1e978a1e978a1e978a1e978a1e978a1e978a1e998a
1e998a1e998a1e998a1e998a1e998a1e998a1e9b891e9b891e9b891e9b891e9b891e9b891e9b891e9d881e9d881e9d881e9d881e9d881e9d881e9d881e9d881e
9f881e9f881e9f881e9f881e9f881e9f881e9f881fa1871fa1871fa1871fa1871fa1871fa1871fa1871fa3861fa3861fa3861fa3861fa3861fa3861fa38620a4
8520a48520a48520a48520a48520a48520a48520a48521a68521a68521a68521a68521a68521a68521a68521a78421a78421a78421a78421a78421a78421a784
23a88323a88323a88323a88323a88323a88323a88323a88323a98223a98223a98223a98223a98223a98223a98224aa8224aa8224aa8224aa8224aa8224aa8224
aa8225ab8125ab8125ab8125ab8125ab8125ab8125ab8125ab8125ab8125ab8125ab8125ab8125ab8125ab8125ab8126ac8126ac8126ac8126ac8126ac8126ac
8126ac8127ad8027ad8027ad8027ad8027ad8027ad8027ad8027ad8027ad8027ad8027ad8027ad8027ad8027ad8027ad8028ae7f28ae7f28ae7f28ae7f28ae7f
28ae7f28ae7f28ae7f28ae7f28ae7f28ae7f28ae7f28ae7f28ae7f28ae7f28ae7f28ae7f28ae7f28ae7f28ae7f28ae7f28ae7f29af7f29af7f29af7f29af7f29
af7f29af7f29af7f29af7f29af7f29af7f29af7f29af7f29af7f29af7f29af7f29af7f29af7f29af7f29af7f29af7f29af7f29af7f29af7f29af7f29af7f29af
7f29af7f29af7f29af7f29af7f29af7f29af7f29af7f29af7f29af7f29af7f29af7f29af7f29af7f29af7f29af7f29af7f29af7f29af7f28ae7f28ae7f28ae7f
28ae7f28ae7f28ae7f28ae7f28ae7f28ae7f28ae7f28ae7f28ae7f28ae7f28ae7f28ae7f28ae7f28ae7f28ae7f28ae7f28ae7f28ae7f28ae7f27ad8027ad8027
ad8027ad8027ad8027ad8027ad8027ad8027ad8027ad8027ad8027ad8027ad8027ad8026ac8126ac8126ac8126ac8126ac8126ac8126ac8126ac8125ab8125ab
8125ab8125ab8125ab8125ab8125ab8125ab8125ab8125ab8125ab8125ab8125ab8125ab8124aa8224aa8224aa8224aa8224aa8224aa8224aa8224aa8223a982
23a98223a98223a98223a98223a98223a98223a88323a88323a88323a88323a88323a88323a88321a78421a78421a78421a78421a78421a78421a78421a78421
a68521a68521a68521a68521a68521a68521a68520a48520a48520a48520a48520a48520a48520a4851fa3861fa3861fa3861fa3861fa3861fa3861fa3861fa1
871fa1871fa1871fa1871fa1871fa1871fa1871fa1871e9f881e9f881e9f881e9f881e9f881e9f881e9f881e9d881e9d881e9d881e9d881e9d881e9d881e9d88
1e9b891e9b891e9b891e9b891e9b891e9b891e9b891e9b891e998a1e998a1e998a1e998a1e998a1e998a1e998a1e978a1e978a1e978a1e978a1e978a1e978a1e
978a1f958b1f958b1f958b1f958b1f958b1f958b1f958b1f958b1f928c1f928c1f928c1f928c1f928c1f928c1f928c1f958b1f958b1f958b1f958b1f958b1f95
8b1f958b1e978a1e978a1e978a1e978a1e978a1e978a1e978a1e978a1e998a1e998a1e998a1e998a1e998a1e998a1e998a1e9b891e9b891e9b891e9b891e9b89
1e9b891e9b891e9d881e9d881e9d881e9d881e9d881e9d881e9d881e9d881e9f881e9f881e9f881e9f881e9f881e9f881e9f881fa1871fa1871fa1871fa1871f
a1871fa1871fa1871fa3861fa3861fa3861fa3861fa3861fa3861fa38620a48520a48520a48520a48520a48520a48520a48520a48521a68521a68521a68521a6
8521a68521a68521a68521a78421a78421a78421a78421a78421a78421a78423a88323a88323a88323a88323a88323a88323a88323a88323a98223a98223a982
23a98223a98223a98223a98224aa8224aa8224aa8224aa8224aa8224aa8224aa8225ab8125ab8125ab8125ab8125ab8125ab8125ab8125ab8125ab8125ab8125
ab8125ab8125ab8125ab8125ab8126ac8126ac8126ac8126ac8126ac8126ac8126ac8127ad8027ad8027ad8027ad8027ad8027ad8027ad8027ad8027ad8027ad
8027ad8027ad8027ad8027ad8027ad8028ae7f28ae7f28ae7f28ae7f28ae7f28ae7f28ae7f28ae7f28ae7f28ae7f28ae7f28ae7f28ae7f28ae7f28ae7f28ae7f
28ae7f28ae7f28ae7f28ae7f28ae7f28ae7f29af7f29af7f29af7f29af7f29af7f29af7f29af7f29af7f29af7f29af7f29af7f29af7f29af7f29af7f29af7f29
af7f29af7f29af7f29af7f29af7f29af7f29af7f29af7f29af7f29af7f29af7f29af7f29af7f29af7f29af7f29af7f29af7f29af7f29af7f29af7f29af7f29af
7f29af7f29af7f29af7f29af7f29af7f29af7f29af7f28ae7f28ae7f28ae7f28ae7f28ae7f28ae7f28ae7f28ae7f28ae7f28ae7f28ae7f28ae7f28ae7f28ae7f
28ae7f28ae7f28ae7f28ae7f28ae7f28ae7f28ae7f28ae7f27ad8027ad8027ad8027ad8027ad8027ad8027ad8027ad8027ad8027ad8027ad8027ad8027ad8027
ad8026ac8126ac8126ac8126ac8126ac8126ac8126ac8126ac8125ab8125ab8125ab8125ab8125ab8125ab8125ab8125ab8125ab8125ab8125ab8125ab8125ab
8125ab8124aa8224aa8224aa8224aa8224aa8224aa8224aa8224aa8223a98223a98223a98223a98223a98223a98223a98223a88323a88323a88323a88323a883
23a88323a88321a78421a78421a78421a78421a78421a78421a78421a78421a68521a68521a68521a68521a68521a68521a68520a48520a48520a48520a48520
a48520a48520a4851fa3861fa3861fa3861fa3861fa3861fa3861fa3861fa1871fa1871fa1871fa1871fa1871fa1871fa1871fa1871e9f881e9f881e9f881e9f
881e9f881e9f881e9f881e9d881e9d881e9d881e9d881e9d881e9d881e9d881e9b891e9b891e9b891e9b891e9b891e9b891e9b891e9b891e998a1e998a1e998a
1e998a1e998a1e998a1e998a1e978a1e978a1e978a1e978a1e978a1e978a1e978a1f958b1f958b1f958b1f958b1f958b1f958b1f958b1f958b1f928c1f928c1f
928c1f928c1f928c1f928c1f928c1f958b1f958b1f958b1f958b1f958b1f958b1f958b1e978a1e978a1e978a1e978a1e978a1e978a1e978a1e978a1e998a1e99
8a1e998a1e998a1e998a1e998a1e998a1e9b891e9b891e9b891e9b891e9b891e9b891e9b891e9d881e9d881e9d881e9d881e9d881e9d881e9d881e9d881e9f88
1e9f881e9f881e9f881e9f881e9f881e9f881fa1871fa1871fa1871fa1871fa1871fa1871fa1871fa3861fa3861fa3861fa3861fa3861fa3861fa38620a48520
a48520a48520a48520a48520a48520a48520a48521a68521a68521a68521a68521a68521a68521a68521a78421a78421a78421a78421a78421a78421a78423a8
8323a88323a88323a88323a88323a88323a88323a88323a98223a98223a98223a98223a98223a98223a98224aa8224aa8224aa8224aa8224aa8224aa8224aa82
25ab8125ab8125ab8125ab8125ab8125ab8125ab8125ab8125ab8125ab8125ab8125ab8125ab8125ab8125ab8126ac8126ac8126ac8126ac8126ac8126ac8126
ac8127ad8027ad8027ad8027ad8027ad8027ad8027ad8027ad8027ad8027ad8027ad8027ad8027ad8027ad8027ad8028ae7f28ae7f28ae7f28ae7f28ae7f28ae
7f28ae7f28ae7f28ae7f28ae7f28ae7f28ae7f28ae7f28ae7f28ae7f28ae7f28ae7f28ae7f28ae7f28ae7f28ae7f28ae7f29af7f29af7f29af7f29af7f29af7f
29af7f29af7f29af7f29af7f29af7f29af7f29af7f29af7f29af7f29af7f29af7f29af7f29af7f29af7f29af7f29af7f29af7f29af7f29af7f29af7f29af7f29
af7f29af7f29af7f29af7f29af7f29af7f29af7f29af7f29af7f29af7f29af7f29af7f29af7f29af7f29af7f29af7f29af7f29af7f28ae7f28ae7f28ae7f28ae
7f28ae7f28ae7f28ae7f28ae7f28ae7f28ae7f28ae7f28ae7f28ae7f28ae7f28ae7f28ae7f28ae7f28ae7f28ae7f28ae7f28ae7f28ae7f27ad8027ad8027ad80
27ad8027ad8027ad8027ad8027ad8027ad8027ad8027ad8027ad8027ad8027ad8026ac8126ac8126ac8126ac8126ac8126ac8126ac8126ac8125ab8125ab8125
ab8125ab8125ab8125ab8125ab8125ab8125ab8125ab8125ab8125ab8125ab8125ab8124aa8224aa8224aa8224aa8224aa8224aa8224aa8224aa8223a98223a9
8223a98223a98223a98223a98223a98223a88323a88323a88323a88323a88323a88323a88321a78421a78421a78421a78421a78421a78421a78421a78421a685
21a68521a68521a68521a68521a68521a68520a48520a48520a48520a48520a48520a48520a4851fa3861fa3861fa3861fa3861fa3861fa3861fa3861fa1871f
a1871fa1871fa1871fa1871fa1871fa1871fa1871e9f881e9f881e9f881e9f881e9f881e9f881e9f881e9d881e9d881e9d881e9d881e9d881e9d881e9d881e9b
891e9b891e9b891e9b891e9b891e9b891e9b891e9b891e998a1e998a1e998a1e998a1e998a1e998a1e998a1e978a1e978a1e978a1e978a1e978a1e978a1e978a
1f958b1f958b1f958b1f958b1f958b1f958b1f958b1f958b1f928c1f928c1f928c1f928c1f928c1f928c1f928c1f958b1f958b1f958b1f958b1f958b1f958b1f
958b1e978a1e978a1e978a1e978a1e978a1e978a1e978a1e978a1e998a1e998a1e998a1e998a1e998a1e998a1e998a1e9b891e9b891e9b891e9b891e9b891e9b
891e9b891e9d881e9d881e9d881e9d881e9d881e9d881e9d881e9d881e9f881e9f881e9f881e9f881e9f881e9f881e9f881fa1871fa1871fa1871fa1871fa187
1fa1871fa1871fa3861fa3861fa3861fa3861fa3861fa3861fa38620a48520a48520a48520a48520a48520a48520a48520a48521a68521a68521a68521a68521
a68521a68521a68521a78421a78421a78421a78421a78421a78421a78423a88323a88323a88323a88323a88323a88323a88323a88323a98223a98223a98223a9
8223a98223a98223a98224aa8224aa8224aa8224aa8224aa8224aa8224aa8225ab8125ab8125ab8125ab8125ab8125ab8125ab8125ab8125ab8125ab8125ab81
25ab8125ab8125ab8125ab8126ac8126ac8126ac8126ac8126ac8126ac8126ac8127ad8027ad8027ad8027ad8027ad8027ad8027ad8027ad8027ad8027ad8027
ad8027ad8027ad8027ad8027ad8028ae7f28ae7f28ae7f28ae7f28ae7f28ae7f28ae7f28ae7f28ae7f28ae7f28ae7f28ae7f28ae7f28ae7f28ae7f28ae7f28ae
7f28ae7f28ae7f28ae7f28ae7f28ae7f29af7f29af7f29af7f29af7f29af7f29af7f29af7f29af7f29af7f29af7f29af7f29af7f29af7f29af7f29af7f29af7f
29af7f29af7f29af7f29af7f29af7f29af7f29af7f29af7f29af7f29af7f29af7f29af7f29af7f29af7f29af7f29af7f29af7f29af7f29af7f29af7f29af7f29
af7f29af7f29af7f29af7f29af7f29af7f29af7f28ae7f28ae7f28ae7f28ae7f28ae7f28ae7f28ae7f28ae7f28ae7f28ae7f28ae7f28ae7f28ae7f28ae7f28ae
7f28ae7f28ae7f28ae7f28ae7f28ae7f28ae7f28ae7f27ad8027ad8027ad8027ad8027ad8027ad8027ad8027ad8027ad8027ad8027ad8027ad8027ad8027ad80
26ac8126ac8126ac8126ac8126ac8126ac8126ac8126ac8125ab8125ab8125ab8125ab8125ab8125ab8125ab8125ab8125ab8125ab8125ab8125ab8125ab8125
ab8124aa8224aa8224aa8224aa8224aa8224aa8224aa8224aa8223a98223a98223a98223a98223a98223a98223a98223a88323a88323a88323a88323a88323a8
8323a88321a78421a78421a78421a78421a78421a78421a78421a78421a68521a68521a68521a68521a68521a68521a68520a48520a48520a48520a48520a485
20a48520a4851fa3861fa3861fa3861fa3861fa3861fa3861fa3861fa1871fa1871fa1871fa1871fa1871fa1871fa1871fa1871e9f881e9f881e9f881e9f881e
9f881e9f881e9f881e9d881e9d881e9d881e9d881e9d881e9d881e9d881e9b891e9b891e9b891e9b891e9b891e9b891e9b891e9b891e998a1e998a1e998a1e99
8a1e998a1e998a1e998a1e978a1e978a1e978a1e978a1e978a1e978a1e978a1f958b1f958b1f958b1f958b1f958b1f958b1f958b1f958b1f928c1f928c1f928c
1f928c1f928c1f928c1f928c1f958b1f958b1f958b1f958b1f958b1f958b1f958b1e978a1e978a1e978a1e978a1e978a1e978a1e978a1e978a1e998a1e998a1e
998a1e998a1e998a1e998a1e998a1e9b891e9b891e9b891e9b891e9b891e9b891e9b891e9d881e9d881e9d881e9d881e9d881e9d881e9d881e9d881e9f881e9f
881e9f881e9f881e9f881e9f881e9f881fa1871fa1871fa1871fa1871fa1871fa1871fa1871fa3861fa3861fa3861fa3861fa3861fa3861fa38620a48520a485
20a48520a48520a48520a48520a48520a48521a68521a68521a68521a68521a68521a68521a68521a78421a78421a78421a78421a78421a78421a78423a88323
a88323a88323a88323a88323a88323a88323a88323a98223a98223a98223a98223a98223a98223a98224aa8224aa8224aa8224aa8224aa8224aa8224aa8225ab
8125ab8125ab8125ab8125ab8125ab8125ab8125ab8125ab8125ab8125ab8125ab8125ab8125ab8125ab8126ac8126ac8126ac8126ac8126ac8126ac8126ac81
27ad8027ad8027ad8027ad8027ad8027ad8027ad8027ad8027ad8027ad8027ad8027ad8027ad8027ad8027ad8028ae7f28ae7f28ae7f28ae7f28ae7f28ae7f28
ae7f28ae7f28ae7f28ae7f28ae7f28ae7f28ae7f28ae7f28ae7f28ae7f28ae7f28ae7f28ae7f28ae7f28ae7f28ae7f29af7f29af7f29af7f29af7f29af7f29af
7f29af7f29af7f29af7f29af7f29af7f29af7f29af7f29af7f29af7f29af7f29af7f29af7f29af7f29af7f29af7f29af7f29af7f29af7f29af7f29af7f29af7f
29af7f29af7f29af7f29af7f29af7f29af7f29af7f29af7f29af7f29af7f29af7f29af7f29af7f29af7f29af7f29af7f29af7f28ae7f28ae7f28ae7f28ae7f28
ae7f28ae7f28ae7f28ae7f28ae7f28ae7f28ae7f28ae7f28ae7f28ae7f28ae7f28ae7f28ae7f28ae7f28ae7f28ae7f28ae7f28ae7f27ad8027ad8027ad8027ad
8027ad8027ad8027ad8027ad8027ad8027ad8027ad8027ad8027ad8027ad8026ac8126ac8126ac8126ac8126ac8126ac8126ac8126ac8125ab8125ab8125ab81
25ab8125ab8125ab8125ab8125ab8125ab8125ab8125ab8125ab8125ab8125ab8124aa8224aa8224aa8224aa8224aa8224aa8224aa8224aa8223a98223a98223
a98223a98223a98223a98223a98223a88323a88323a88323a88323a88323a88323a88321a78421a78421a78421a78421a78421a78421a78421a78421a68521a6
8521a68521a68521a68521a68521a68520a48520a48520a48520a48520a48520a48520a4851fa3861fa3861fa3861fa3861fa3861fa3861fa3861fa1871fa187
1fa1871fa1871fa1871fa1871fa1871fa1871e9f881e9f881e9f881e9f881e9f881e9f881e9f881e9d881e9d881e9d881e9d881e9d881e9d881e9d881e9b891e
9b891e9b891e9b891e9b891e9b891e9b891e9b891e998a1e998a1e998a1e998a1e998a1e998a1e998a1e978a1e978a1e978a1e978a1e978a1e978a1e978a1f95
8b1f958b1f958b1f958b1f958b1f958b1f958b1f958b1f928c1f928c1f928c1f928c1f928c1f928c1f928c208f8c208f8c208f8c208f8c208f8c208f8c208f8c
1f928c1f928c1f928c1f928c1f928c1f928c1f928c1f928c1f948b1f948b1f948b1f948b1f948b1f948b1f948b1f968b1f968b1f968b1f968b1f968b1f968b1f
968b1e988a1e988a1e988a1e988a1e988a1e988a1e988a1e988a1e998a1e998a1e998a1e998a1e998a1e998a1e998a1e9b891e9b891e9b891e9b891e9b891e9b
891e9b891e9d881e9d881e9d881e9d881e9d881e9d881e9d881e9f881e9f881e9f881e9f881e9f881e9f881e9f881e9f881ea0871ea0871ea0871ea0871ea087
1ea0871ea0871fa1871fa1871fa1871fa1871fa1871fa1871fa1871fa3861fa3861fa3861fa3861fa3861fa3861fa3861fa38620a48520a48520a48520a48520
a48520a48520a48520a58520a58520a58520a58520a58520a58520a58521a68521a68521a68521a68521a68521a68521a68521a68521a68521a68521a68521a6
8521a68521a68521a68521a78421a78421a78421a78421a78421a78421a78422a78422a78422a78422a78422a78422a78422a78422a78422a78422a78422a784
22a78422a78422a78422a78423a88323a88323a88323a88323a88323a88323a88323a88323a88323a88323a88323a88323a88323a88323a88323a98223a98223
a98223a98223a98223a98223a98223a98223a98223a98223a98223a98223a98223a98223a98223a98223a98223a98223a98223a98223a98223a98223a98223a9
8223a98223a98223a98223a98223a98223a98223a98223a98223a98223a98223a98223a98223a98223a98223a98223a98223a98223a98223a98223a98223a982
23a98223a98223a98223a98223a98223a98223a98223a98223a98223a98223a98223a98223a98223a88323a88323a88323a88323a88323a88323a88323a88323
a88323a88323a88323a88323a88323a88323a88322a78422a78422a78422a78422a78422a78422a78422a78422a78422a78422a78422a78422a78422a78421a7
8421a78421a78421a78421a78421a78421a78421a78421a68521a68521a68521a68521a68521a68521a68521a68521a68521a68521a68521a68521a68521a685
20a58520a58520a58520a58520a58520a58520a58520a58520a48520a48520a48520a48520a48520a48520a4851fa3861fa3861fa3861fa3861fa3861fa3861f
a3861fa1871fa1871fa1871fa1871fa1871fa1871fa1871fa1871ea0871ea0871ea0871ea0871ea0871ea0871ea0871e9f881e9f881e9f881e9f881e9f881e9f
881e9f881e9d881e9d881e9d881e9d881e9d881e9d881e9d881e9b891e9b891e9b891e9b891e9b891e9b891e9b891e9b891e998a1e998a1e998a1e998a1e998a
1e998a1e998a1e988a1e988a1e988a1e988a1e988a1e988a1e988a1f968b1f968b1f968b1f968b1f968b1f968b1f968b1f968b1f948b1f948b1f948b1f948b1f
948b1f948b1f948b1f928c1f928c1f928c1f928c1f928c1f928c1f928c208f8c208f8c208f8c208f8c208f8c208f8c208f8c208f8c218c8d218c8d218c8d218c
8d218c8d218c8d218c8d208f8c208f8c208f8c208f8c208f8c208f8c208f8c1f928c1f928c1f928c1f928c1f928c1f928c1f928c1f928c1f948b1f948b1f948b
1f948b1f948b1f948b1f948b1f968b1f968b1f968b1f968b1f968b1f968b1f968b1e988a1e988a1e988a1e988a1e988a1e988a1e988a1e988a1e998a1e998a1e
998a1e998a1e998a1e998a1e998a1e9b891e9b891e9b891e9b891e9b891e9b891e9b891e9d881e9d881e9d881e9d881e9d881e9d881e9d881e9f881e9f881e9f
881e9f881e9f881e9f881e9f881e9f881ea0871ea0871ea0871ea0871ea0871ea0871ea0871fa1871fa1871fa1871fa1871fa1871fa1871fa1871fa3861fa386
1fa3861fa3861fa3861fa3861fa3861fa38620a48520a48520a48520a48520a48520a48520a48520a58520a58520a58520a58520a58520a58520a58521a68521
a68521a68521a68521a68521a68521a68521a68521a68521a68521a68521a68521a68521a68521a68521a78421a78421a78421a78421a78421a78421a78422a7
8422a78422a78422a78422a78422a78422a78422a78422a78422a78422a78422a78422a78422a78422a78423a88323a88323a88323a88323a88323a88323a883
23a88323a88323a88323a88323a88323a88323a88323a88323a98223a98223a98223a98223a98223a98223a98223a98223a98223a98223a98223a98223a98223
a98223a98223a98223a98223a98223a98223a98223a98223a98223a98223a98223a98223a98223a98223a98223a98223a98223a98223a98223a98223a98223a9
8223a98223a98223a98223a98223a98223a98223a98223a98223a98223a98223a98223a98223a98223a98223a98223a98223a98223a98223a98223a98223a982
23a98223a98223a88323a88323a88323a88323a88323a88323a88323a88323a88323a88323a88323a88323a88323a88323a88322a78422a78422a78422a78422
a78422a78422a78422a78422a78422a78422a78422a78422a78422a78421a78421a78421a78421a78421a78421a78421a78421a78421a68521a68521a68521a6
8521a68521a68521a68521a68521a68521a68521a68521a68521a68521a68520a58520a58520a58520a58520a58520a58520a58520a58520a48520a48520a485
20a48520a48520a48520a4851fa3861fa3861fa3861fa3861fa3861fa3861fa3861fa1871fa1871fa1871fa1871fa1871fa1871fa1871fa1871ea0871ea0871e
a0871ea0871ea0871ea0871ea0871e9f881e9f881e9f881e9f881e9f881e9f881e9f881e9d881e9d881e9d881e9d881e9d881e9d881e9d881e9b891e9b891e9b
891e9b891e9b891e9b891e9b891e9b891e998a1e998a1e998a1e998a1e998a1e998a1e998a1e988a1e988a1e988a1e988a1e988a1e988a1e988a1f968b1f968b
1f968b1f968b1f968b1f968b1f968b1f968b1f948b1f948b1f948b1f948b1f948b1f948b1f948b1f928c1f928c1f928c1f928c1f928c1f928c1f928c208f8c20
8f8c208f8c208f8c208f8c208f8c208f8c208f8c218c8d218c8d218c8d218c8d218c8d218c8d218c8d208f8c208f8c208f8c208f8c208f8c208f8c208f8c1f92
8c1f928c1f928c1f928c1f928c1f928c1f928c1f928c1f948b1f948b1f948b1f948b1f948b1f948b1f948b1f968b1f968b1f968b1f968b1f968b1f968b1f968b
1e988a1e988a1e988a1e988a1e988a1e988a1e988a1e988a1e998a1e998a1e998a1e998a1e998a1e998a1e998a1e9b891e9b891e9b891e9b891e9b891e9b891e
9b891e9d881e9d881e9d881e9d881e9d881e9d881e9d881e9f881e9f881e9f881e9f881e9f881e9f881e9f881e9f881ea0871ea0871ea0871ea0871ea0871ea0
871ea0871fa1871fa1871fa1871fa1871fa1871fa1871fa1871fa3861fa3861fa3861fa3861fa3861fa3861fa3861fa38620a48520a48520a48520a48520a485
20a48520a48520a58520a58520a58520a58520a58520a58520a58521a68521a68521a68521a68521a68521a68521a68521a68521a68521a68521a68521a68521
a68521a68521a68521a78421a78421a78421a78421a78421a78421a78422a78422a78422a78422a78422a78422a78422a78422a78422a78422a78422a78422a7
8422a78422a78422a78423a88323a88323a88323a88323a88323a88323a88323a88323a88323a88323a88323a88323a88323a88323a88323a98223a98223a982
23a98223a98223a98223a98223a98223a98223a98223a98223a98223a98223a98223a98223a98223a98223a98223a98223a98223a98223a98223a98223a98223
a98223a98223a98223a98223a98223a98223a98223a98223a98223a98223a98223a98223a98223a98223a98223a98223a98223a98223a98223a98223a98223a9
8223a98223a98223a98223a98223a98223a98223a98223a98223a98223a98223a98223a98223a88323a88323a88323a88323a88323a88323a88323a88323a883
23a88323a88323a88323a88323a88323a88322a78422a78422a78422a78422a78422a78422a78422a78422a78422a78422a78422a78422a78422a78421a78421
a78421a78421a78421a78421a78421a78421a78421a68521a68521a68521a68521a68521a68521a68521a68521a68521a68521a68521a68521a68521a68520a5
8520a58520a58520a58520a58520a58520a58520a58520a48520a48520a48520a48520a48520a48520a4851fa3861fa3861fa3861fa3861fa3861fa3861fa386
1fa1871fa1871fa1871fa1871fa1871fa1871fa1871fa1871ea0871ea0871ea0871ea0871ea0871ea0871ea0871e9f881e9f881e9f881e9f881e9f881e9f881e
9f881e9d881e9d881e9d881e9d881e9d881e9d881e9d881e9b891e9b891e9b891e9b891e9b891e9b891e9b891e9b891e998a1e998a1e998a1e998a1e998a1e99
8a1e998a1e988a1e988a1e988a1e988a1e988a1e988a1e988a1f968b1f968b1f968b1f968b1f968b1f968b1f968b1f968b1f948b1f948b1f948b1f948b1f948b
1f948b1f948b1f928c1f928c1f928c1f928c1f928c1f928c1f928c208f8c208f8c208f8c208f8c208f8c208f8c208f8c208f8c218c8d218c8d218c8d218c8d21
8c8d218c8d218c8d208f8c208f8c208f8c208f8c208f8c208f8c208f8c1f928c1f928c1f928c1f928c1f928c1f928c1f928c1f928c1f948b1f948b1f948b1f94
8b1f948b1f948b1f948b1f968b1f968b1f968b1f968b1f968b1f968b1f968b1e988a1e988a1e988a1e988a1e988a1e988a1e988a1e988a1e998a1e998a1e998a
1e998a1e998a1e998a1e998a1e9b891e9b891e9b891e9b891e9b891e9b891e9b891e9d881e9d881e9d881e9d881e9d881e9d881e9d881e9f881e9f881e9f881e
9f881e9f881e9f881e9f881e9f881ea0871ea0871ea0871ea0871ea0871ea0871ea0871fa1871fa1871fa1871fa1871fa1871fa1871fa1871fa3861fa3861fa3
861fa3861fa3861fa3861fa3861fa38620a48520a48520a48520a48520a48520a48520a48520a58520a58520a58520a58520a58520a58520a58521a68521a685
21a68521a68521a68521a68521a68521a68521a68521a68521a68521a68521a68521a68521a68521a78421a78421a78421a78421a78421a78421a78422a78422
a78422a78422a78422a78422a78422a78422a78422a78422a78422a78422a78422a78422a78422a78423a88323a88323a88323a88323a88323a88323a88323a8
8323a88323a88323a88323a88323a88323a88323a88323a98223a98223a98223a98223a98223a98223a98223a98223a98223a98223a98223a98223a98223a982
23a98223a98223a98223a98223a98223a98223a98223a98223a98223a98223a98223a98223a98223a98223a98223a98223a98223a98223a98223a98223a98223
a98223a98223a98223a98223a98223a98223a98223a98223a98223a98223a98223a98223a98223a98223a98223a98223a98223a98223a98223a98223a98223a9
8223a98223a88323a88323a88323a88323a88323a88323a88323a88323a88323a88323a88323a88323a88323a88323a88322a78422a78422a78422a78422a784
22a78422a78422a78422a78422a78422a78422a78422a78422a78421a78421a78421a78421a78421a78421a78421a78421a78421a68521a68521a68521a68521
a68521a68521a68521a68521a68521a68521a68521a68521a68521a68520a58520a58520a58520a58520a58520a58520a58520a58520a48520a48520a48520a4
8520a48520a48520a4851fa3861fa3861fa3861fa3861fa3861fa3861fa3861fa1871fa1871fa1871fa1871fa1871fa1871fa1871fa1871ea0871ea0871ea087
1ea0871ea0871ea0871ea0871e9f881e9f881e9f881e9f881e9f881e9f881e9f881e9d881e9d881e9d881e9d881e9d881e9d881e9d881e9b891e9b891e9b891e
9b891e9b891e9b891e9b891e9b891e998a1e998a1e998a1e998a1e998a1e998a1e998a1e988a1e988a1e988a1e988a1e988a1e988a1e988a1f968b1f968b1f96
8b1f968b1f968b1f968b1f968b1f968b1f948b1f948b1f948b1f948b1f948b1f948b1f948b1f928c1f928c1f928c1f928c1f928c1f928c1f928c208f8c208f8c
208f8c208f8c208f8c208f8c208f8c208f8c218c8d218c8d218c8d218c8d218c8d218c8d218c8d208f8c208f8c208f8c208f8c208f8c208f8c208f8c1f928c1f
928c1f928c1f928c1f928c1f928c1f928c1f928c1f948b1f948b1f948b1f948b1f948b1f948b1f948b1f968b1f968b1f968b1f968b1f968b1f968b1f968b1e98
8a1e988a1e988a1e988a1e988a1e988a1e988a1e988a1e998a1e998a1e998a1e998a1e998a1e998a1e998a1e9b891e9b891e9b891e9b891e9b891e9b891e9b89
1e9d881e9d881e9d881e9d881e9d881e9d881e9d881e9f881e9f881e9f881e9f881e9f881e9f881e9f881e9f881ea0871ea0871ea0871ea0871ea0871ea0871e
a0871fa1871fa1871fa1871fa1871fa1871fa1871fa1871fa3861fa3861fa3861fa3861fa3861fa3861fa3861fa38620a48520a48520a48520a48520a48520a4
8520a48520a58520a58520a58520a58520a58520a58520a58521a68521a68521a68521a68521a68521a68521a68521a68521a68521a68521a68521a68521a685
21a68521a68521a78421a78421a78421a78421a78421a78421a78422a78422a78422a78422a78422a78422a78422a78422a78422a78422a78422a78422a78422
a78422a78422a78423a88323a88323a88323a88323a88323a88323a88323a88323a88323a88323a88323a88323a88323a88323a88323a98223a98223a98223a9
8223a98223a98223a98223a98223a98223a98223a98223a98223a98223a98223a98223a98223a98223a98223a98223a98223a98223a98223a98223a98223a982
23a98223a98223a98223a98223a98223a98223a98223a98223a98223a98223a98223a98223a98223a98223a98223a98223a98223a98223a98223a98223a98223
a98223a98223a98223a98223a98223a98223a98223a98223a98223a98223a98223a98223a88323a88323a88323a88323a88323a88323a88323a88323a88323a8
8323a88323a88323a88323a88323a88322a78422a78422a78422a78422a78422a78422a78422a78422a78422a78422a78422a78422a78422a78421a78421a784
21a78421a78421a78421a78421a78421a78421a68521a68521a68521a68521a68521a68521a68521a68521a68521a68521a68521a68521a68521a68520a58520
a58520a58520a58520a58520a58520a58520a58520a48520a48520a48520a48520a48520a48520a4851fa3861fa3861fa3861fa3861fa3861fa3861fa3861fa1
871fa1871fa1871fa1871fa1871fa1871fa1871fa1871ea0871ea0871ea0871ea0871ea0871ea0871ea0871e9f881e9f881e9f881e9f881e9f881e9f881e9f88
1e9d881e9d881e9d881e9d881e9d881e9d881e9d881e9b891e9b891e9b891e9b891e9b891e9b891e9b891e9b891e998a1e998a1e998a1e998a1e998a1e998a1e
998a1e988a1e988a1e988a1e988a1e988a1e988a1e988a1f968b1f968b1f968b1f968b1f968b1f968b1f968b1f968b1f948b1f948b1f948b1f948b1f948b1f94
8b1f948b1f928c1f928c1f928c1f928c1f928c1f928c1f928c208f8c208f8c208f8c208f8c208f8c208f8c208f8c208f8c218c8d218c8d218c8d218c8d218c8d
218c8d218c8d208f8c208f8c208f8c208f8c208f8c208f8c208f8c1f928c1f928c1f928c1f928c1f928c1f928c1f928c1f928c1f948b1f948b1f948b1f948b1f
948b1f948b1f948b1f968b1f968b1f968b1f968b1f968b1f968b1f968b1e988a1e988a1e988a1e988a1e988a1e988a1e988a1e988a1e998a1e998a1e998a1e99
8a1e998a1e998a1e998a1e9b891e9b891e9b891e9b891e9b891e9b891e9b891e9d881e9d881e9d881e9d881e9d881e9d881e9d881e9f881e9f881e9f881e9f88
1e9f881e9f881e9f881e9f881ea0871ea0871ea0871ea0871ea0871ea0871ea0871fa1871fa1871fa1871fa1871fa1871fa1871fa1871fa3861fa3861fa3861f
a3861fa3861fa3861fa3861fa38620a48520a48520a48520a48520a48520a48520a48520a58520a58520a58520a58520a58520a58520a58521a68521a68521a6
8521a68521a68521a68521a68521a68521a68521a68521a68521a68521a68521a68521a68521a78421a78421a78421a78421a78421a78421a78422a78422a784
22a78422a78422a78422a78422a78422a78422a78422a78422a78422a78422a78422a78422a78423a88323a88323a88323a88323a88323a88323a88323a88323
a88323a88323a88323a88323a88323a88323a88323a98223a98223a98223a98223a98223a98223a98223a98223a98223a98223a98223a98223a98223a98223a9
8223a98223a98223a98223a98223a98223a98223a98223a98223a98223a98223a98223a98223a98223a98223a98223a98223a98223a98223a98223a98223a982
23a98223a98223a98223a98223a98223a98223a98223a98223a98223a98223a98223a98223a98223a98223a98223a98223a98223a98223a98223a98223a98223
a98223a88323a88323a88323a88323a88323a88323a88323a88323a88323a88323a88323a88323a88323a88323a88322a78422a78422a78422a78422a78422a7
8422a78422a78422a78422a78422a78422a78422a78422a78421a78421a78421a78421a78421a78421a78421a78421a78421a68521a68521a68521a68521a685
21a68521a68521a68521a68521a68521a68521a68521a68521a68520a58520a58520a58520a58520a58520a58520a58520a58520a48520a48520a48520a48520
a48520a48520a4851fa3861fa3861fa3861fa3861fa3861fa3861fa3861fa1871fa1871fa1871fa1871fa1871fa1871fa1871fa1871ea0871ea0871ea0871ea0
871ea0871ea0871ea0871e9f881e9f881e9f881e9f881e9f881e9f881e9f881e9d881e9d881e9d881e9d881e9d881e9d881e9d881e9b891e9b891e9b891e9b89
1e9b891e9b891e9b891e9b891e998a1e998a1e998a1e998a1e998a1e998a1e998a1e988a1e988a1e988a1e988a1e988a1e988a1e988a1f968b1f968b1f968b1f
968b1f968b1f968b1f968b1f968b1f948b1f948b1f948b1f948b1f948b1f948b1f948b1f928c1f928c1f928c1f928c1f928c1f928c1f928c208f8c208f8c208f
8c208f8c208f8c208f8c208f8c208f8c218c8d218c8d218c8d218c8d218c8d218c8d218c8d208f8c208f8c208f8c208f8c208f8c208f8c208f8c1f928c1f928c
1f928c1f928c1f928c1f928c1f928c1f928c1f948b1f948b1f948b1f948b1f948b1f948b1f948b1f968b1f968b1f968b1f968b1f968b1f968b1f968b1e988a1e
988a1e988a1e988a1e988a1e988a1e988a1e988a1e998a1e998a1e998a1e998a1e998a1e998a1e998a1e9b891e9b891e9b891e9b891e9b891e9b891e9b891e9d
881e9d881e9d881e9d881e9d881e9d881e9d881e9f881e9f881e9f881e9f881e9f881e9f881e9f881e9f881ea0871ea0871ea0871ea0871ea0871ea0871ea087
1fa1871fa1871fa1871fa1871fa1871fa1871fa1871fa3861fa3861fa3861fa3861fa3861fa3861fa3861fa38620a48520a48520a48520a48520a48520a48520
a48520a58520a58520a58520a58520a58520a58520a58521a68521a68521a68521a68521a68521a68521a68521a68521a68521a68521a68521a68521a68521a6
8521a68521a78421a78421a78421a78421a78421a78421a78422a78422a78422a78422a78422a78422a78422a78422a78422a78422a78422a78422a78422a784
22a78422a78423a88323a88323a88323a88323a88323a88323a88323a88323a88323a88323a88323a88323a88323a88323a88323a98223a98223a98223a98223
a98223a98223a98223a98223a98223a98223a98223a98223a98223a98223a98223a98223a98223a98223a98223a98223a98223a98223a98223a98223a98223a9
8223a98223a98223a98223a98223a98223a98223a98223a98223a98223a98223a98223a98223a98223a98223a98223a98223a98223a98223a98223a98223a982
23a98223a98223a98223a98223a98223a98223a98223a98223a98223a98223a98223a88323a88323a88323a88323a88323a88323a88323a88323a88323a88323
a88323a88323a88323a88323a88322a78422a78422a78422a78422a78422a78422a78422a78422a78422a78422a78422a78422a78422a78421a78421a78421a7
8421a78421a78421a78421a78421a78421a68521a68521a68521a68521a68521a68521a68521a68521a68521a68521a68521a68521a68521a68520a58520a585
20a58520a58520a58520a58520a58520a58520a48520a48520a48520a48520a48520a48520a4851fa3861fa3861fa3861fa3861fa3861fa3861fa3861fa1871f
a1871fa1871fa1871fa1871fa1871fa1871fa1871ea0871ea0871ea0871ea0871ea0871ea0871ea0871e9f881e9f881e9f881e9f881e9f881e9f881e9f881e9d
881e9d881e9d881e9d881e9d881e9d881e9d881e9b891e9b891e9b891e9b891e9b891e9b891e9b891e9b891e998a1e998a1e998a1e998a1e998a1e998a1e998a
1e988a1e988a1e988a1e988a1e988a1e988a1e988a1f968b1f968b1f968b1f968b1f968b1f968b1f968b1f968b1f948b1f948b1f948b1f948b1f948b1f948b1f
948b1f928c1f928c1f928c1f928c1f928c1f928c1f928c208f8c208f8c208f8c208f8c208f8c208f8c208f8c208f8c218c8d218c8d218c8d218c8d218c8d218c
8d218c8d22898d22898d22898d22898d22898d22898d22898d218c8d218c8d218c8d218c8d218c8d218c8d218c8d218c8d218e8c218e8c218e8c218e8c218e8c
218e8c218e8c20918c20918c20918c20918c20918c20918c20918c1f938b1f938b1f938b1f938b1f938b1f938b1f938b1f938b1f958b1f958b1f958b1f958b1f
958b1f958b1f958b1f968b1f968b1f968b1f968b1f968b1f968b1f968b1e988a1e988a1e988a1e988a1e988a1e988a1e988a1e998a1e998a1e998a1e998a1e99
8a1e998a1e998a1e998a1e9a891e9a891e9a891e9a891e9a891e9a891e9a891e9c891e9c891e9c891e9c891e9c891e9c891e9c891e9d881e9d881e9d881e9d88
1e9d881e9d881e9d881e9d881e9e881e9e881e9e881e9e881e9e881e9e881e9e881e9f881e9f881e9f881e9f881e9f881e9f881e9f881ea0871ea0871ea0871e
a0871ea0871ea0871ea0871ea0871fa1871fa1871fa1871fa1871fa1871fa1871fa1871fa1871fa1871fa1871fa1871fa1871fa1871fa1871fa2861fa2861fa2
861fa2861fa2861fa2861fa2861fa2861fa3861fa3861fa3861fa3861fa3861fa3861fa3861fa3861fa3861fa3861fa3861fa3861fa3861fa3861fa3861fa386
1fa3861fa3861fa3861fa3861fa3861fa38620a48520a48520a48520a48520a48520a48520a48520a48520a48520a48520a48520a48520a48520a48520a48520
a48520a48520a48520a48520a48520a48520a48520a48520a48520a48520a48520a48520a48520a48520a48520a48520a48520a48520a48520a48520a48520a4
8520a48520a48520a48520a48520a48520a48520a48520a48520a48520a48520a48520a48520a48520a48520a48520a48520a48520a48520a48520a48520a485
1fa3861fa3861fa3861fa3861fa3861fa3861fa3861fa3861fa3861fa3861fa3861fa3861fa3861fa3861fa3861fa3861fa3861fa3861fa3861fa3861fa3861f
a3861fa2861fa2861fa2861fa2861fa2861fa2861fa2861fa1871fa1871fa1871fa1871fa1871fa1871fa1871fa1871fa1871fa1871fa1871fa1871fa1871fa1
871fa1871ea0871ea0871ea0871ea0871ea0871ea0871ea0871e9f881e9f881e9f881e9f881e9f881e9f881e9f881e9f881e9e881e9e881e9e881e9e881e9e88
1e9e881e9e881e9d881e9d881e9d881e9d881e9d881e9d881e9d881e9c891e9c891e9c891e9c891e9c891e9c891e9c891e9c891e9a891e9a891e9a891e9a891e
9a891e9a891e9a891e998a1e998a1e998a1e998a1e998a1e998a1e998a1e988a1e988a1e988a1e988a1e988a1e988a1e988a1f968b1f968b1f968b1f968b1f96
8b1f968b1f968b1f968b1f958b1f958b1f958b1f958b1f958b1f958b1f958b1f938b1f938b1f938b1f938b1f938b1f938b1f938b20918c20918c20918c20918c
20918c20918c20918c20918c218e8c218e8c218e8c218e8c218e8c218e8c218e8c218c8d218c8d218c8d218c8d218c8d218c8d218c8d22898d22898d22898d22
898d22898d22898d22898d22898d23888d23888d23888d23888d23888d23888d23888d22898d22898d22898d22898d22898d22898d22898d218c8d218c8d218c
8d218c8d218c8d218c8d218c8d218c8d218e8c218e8c218e8c218e8c218e8c218e8c218e8c20918c20918c20918c20918c20918c20918c20918c1f938b1f938b
1f938b1f938b1f938b1f938b1f938b1f938b1f958b1f958b1f958b1f958b1f958b1f958b1f958b1f968b1f968b1f968b1f968b1f968b1f968b1f968b1e988a1e
988a1e988a1e988a1e988a1e988a1e988a1e998a1e998a1e998a1e998a1e998a1e998a1e998a1e998a1e9a891e9a891e9a891e9a891e9a891e9a891e9a891e9c
891e9c891e9c891e9c891e9c891e9c891e9c891e9d881e9d881e9d881e9d881e9d881e9d881e9d881e9d881e9e881e9e881e9e881e9e881e9e881e9e881e9e88
1e9f881e9f881e9f881e9f881e9f881e9f881e9f881ea0871ea0871ea0871ea0871ea0871ea0871ea0871ea0871fa1871fa1871fa1871fa1871fa1871fa1871f
a1871fa1871fa1871fa1871fa1871fa1871fa1871fa1871fa2861fa2861fa2861fa2861fa2861fa2861fa2861fa2861fa3861fa3861fa3861fa3861fa3861fa3
861fa3861fa3861fa3861fa3861fa3861fa3861fa3861fa3861fa3861fa3861fa3861fa3861fa3861fa3861fa3861fa38620a48520a48520a48520a48520a485
20a48520a48520a48520a48520a48520a48520a48520a48520a48520a48520a48520a48520a48520a48520a48520a48520a48520a48520a48520a48520a48520
a48520a48520a48520a48520a48520a48520a48520a48520a48520a48520a48520a48520a48520a48520a48520a48520a48520a48520a48520a48520a48520a4
8520a48520a48520a48520a48520a48520a48520a48520a48520a48520a4851fa3861fa3861fa3861fa3861fa3861fa3861fa3861fa3861fa3861fa3861fa386
1fa3861fa3861fa3861fa3861fa3861fa3861fa3861fa3861fa3861fa3861fa3861fa2861fa2861fa2861fa2861fa2861fa2861fa2861fa1871fa1871fa1871f
a1871fa1871fa1871fa1871fa1871fa1871fa1871fa1871fa1871fa1871fa1871fa1871ea0871ea0871ea0871ea0871ea0871ea0871ea0871e9f881e9f881e9f
881e9f881e9f881e9f881e9f881e9f881e9e881e9e881e9e881e9e881e9e881e9e881e9e881e9d881e9d881e9d881e9d881e9d881e9d881e9d881e9c891e9c89
1e9c891e9c891e9c891e9c891e9c891e9c891e9a891e9a891e9a891e9a891e9a891e9a891e9a891e998a1e998a1e998a1e998a1e998a1e998a1e998a1e988a1e
988a1e988a1e988a1e988a1e988a1e988a1f968b1f968b1f968b1f968b1f968b1f968b1f968b1f968b1f958b1f958b1f958b1f958b1f958b1f958b1f958b1f93
8b1f938b1f938b1f938b1f938b1f938b1f938b20918c20918c20918c20918c20918c20918c20918c20918c218e8c218e8c218e8c218e8c218e8c218e8c218e8c
218c8d218c8d218c8d218c8d218c8d218c8d218c8d22898d22898d22898d22898d22898d22898d22898d22898d23888d23888d23888d23888d23888d23888d23
888d22898d22898d22898d22898d22898d22898d22898d218c8d218c8d218c8d218c8d218c8d218c8d218c8d218c8d218e8c218e8c218e8c218e8c218e8c218e
8c218e8c20918c20918c20918c20918c20918c20918c20918c1f938b1f938b1f938b1f938b1f938b1f938b1f938b1f938b1f958b1f958b1f958b1f958b1f958b
1f958b1f958b1f968b1f968b1f968b1f968b1f968b1f968b1f968b1e988a1e988a1e988a1e988a1e988a1e988a1e988a1e998a1e998a1e998a1e998a1e998a1e
998a1e998a1e998a1e9a891e9a891e9a891e9a891e9a891e9a891e9a891e9c891e9c891e9c891e9c891e9c891e9c891e9c891e9d881e9d881e9d881e9d881e9d
881e9d881e9d881e9d881e9e881e9e881e9e881e9e881e9e881e9e881e9e881e9f881e9f881e9f881e9f881e9f881e9f881e9f881ea0871ea0871ea0871ea087
1ea0871ea0871ea0871ea0871fa1871fa1871fa1871fa1871fa1871fa1871fa1871fa1871fa1871fa1871fa1871fa1871fa1871fa1871fa2861fa2861fa2861f
a2861fa2861fa2861fa2861fa2861fa3861fa3861fa3861fa3861fa3861fa3861fa3861fa3861fa3861fa3861fa3861fa3861fa3861fa3861fa3861fa3861fa3
861fa3861fa3861fa3861fa3861fa38620a48520a48520a48520a48520a48520a48520a48520a48520a48520a48520a48520a48520a48520a48520a48520a485
20a48520a48520a48520a48520a48520a48520a48520a48520a48520a48520a48520a48520a48520a48520a48520a48520a48520a48520a48520a48520a48520
a48520a48520a48520a48520a48520a48520a48520a48520a48520a48520a48520a48520a48520a48520a48520a48520a48520a48520a48520a48520a4851fa3
861fa3861fa3861fa3861fa3861fa3861fa3861fa3861fa3861fa3861fa3861fa3861fa3861fa3861fa3861fa3861fa3861fa3861fa3861fa3861fa3861fa386
1fa2861fa2861fa2861fa2861fa2861fa2861fa2861fa1871fa1871fa1871fa1871fa1871fa1871fa1871fa1871fa1871fa1871fa1871fa1871fa1871fa1871f
a1871ea0871ea0871ea0871ea0871ea0871ea0871ea0871e9f881e9f881e9f881e9f881e9f881e9f881e9f881e9f881e9e881e9e881e9e881e9e881e9e881e9e
881e9e881e9d881e9d881e9d881e9d881e9d881e9d881e9d881e9c891e9c891e9c891e9c891e9c891e9c891e9c891e9c891e9a891e9a891e9a891e9a891e9a89
1e9a891e9a891e998a1e998a1e998a1e998a1e998a1e998a1e998a1e988a1e988a1e988a1e988a1e988a1e988a1e988a1f968b1f968b1f968b1f968b1f968b1f
968b1f968b1f968b1f958b1f958b1f958b1f958b1f958b1f958b1f958b1f938b1f938b1f938b1f938b1f938b1f938b1f938b20918c20918c20918c20918c2091
8c20918c20918c20918c218e8c218e8c218e8c218e8c218e8c218e8c218e8c218c8d218c8d218c8d218c8d218c8d218c8d218c8d22898d22898d22898d22898d
22898d22898d22898d22898d23888d23888d23888d23888d23888d23888d23888d22898d22898d22898d22898d22898d22898d22898d218c8d218c8d218c8d21
8c8d218c8d218c8d218c8d218c8d218e8c218e8c218e8c218e8c218e8c218e8c218e8c20918c20918c20918c20918c20918c20918c20918c1f938b1f938b1f93
8b1f938b1f938b1f938b1f938b1f938b1f958b1f958b1f958b1f958b1f958b1f958b1f958b1f968b1f968b1f968b1f968b1f968b1f968b1f968b1e988a1e988a
1e988a1e988a1e988a1e988a1e988a1e998a1e998a1e998a1e998a1e998a1e998a1e998a1e998a1e9a891e9a891e9a891e9a891e9a891e9a891e9a891e9c891e
9c891e9c891e9c891e9c891e9c891e9c891e9d881e9d881e9d881e9d881e9d881e9d881e9d881e9d881e9e881e9e881e9e881e9e881e9e881e9e881e9e881e9f
881e9f881e9f881e9f881e9f881e9f881e9f881ea0871ea0871ea0871ea0871ea0871ea0871ea0871ea0871fa1871fa1871fa1871fa1871fa1871fa1871fa187
1fa1871fa1871fa1871fa1871fa1871fa1871fa1871fa2861fa2861fa2861fa2861fa2861fa2861fa2861fa2861fa3861fa3861fa3861fa3861fa3861fa3861f
a3861fa3861fa3861fa3861fa3861fa3861fa3861fa3861fa3861fa3861fa3861fa3861fa3861fa3861fa3861fa38620a48520a48520a48520a48520a48520a4
8520a48520a48520a48520a48520a48520a48520a48520a48520a48520a48520a48520a48520a48520a48520a48520a48520a48520a48520a48520a48520a485
20a48520a48520a48520a48520a48520a48520a48520a48520a48520a48520a48520a48520a48520a48520a48520a48520a48520a48520a48520a48520a48520
a48520a48520a48520a48520a48520a48520a48520a48520a48520a4851fa3861fa3861fa3861fa3861fa3861fa3861fa3861fa3861fa3861fa3861fa3861fa3
861fa3861fa3861fa3861fa3861fa3861fa3861fa3861fa3861fa3861fa3861fa2861fa2861fa2861fa2861fa2861fa2861fa2861fa1871fa1871fa1871fa187
1fa1871fa1871fa1871fa1871fa1871fa1871fa1871fa1871fa1871fa1871fa1871ea0871ea0871ea0871ea0871ea0871ea0871ea0871e9f881e9f881e9f881e
9f881e9f881e9f881e9f881e9f881e9e881e9e881e9e881e9e881e9e881e9e881e9e881e9d881e9d881e9d881e9d881e9d881e9d881e9d881e9c891e9c891e9c
891e9c891e9c891e9c891e9c891e9c891e9a891e9a891e9a891e9a891e9a891e9a891e9a891e998a1e998a1e998a1e998a1e998a1e998a1e998a1e988a1e988a
1e988a1e988a1e988a1e988a1e988a1f968b1f968b1f968b1f968b1f968b1f968b1f968b1f968b1f958b1f958b1f958b1f958b1f958b1f958b1f958b1f938b1f
938b1f938b1f938b1f938b1f938b1f938b20918c20918c20918c20918c20918c20918c20918c20918c218e8c218e8c218e8c218e8c218e8c218e8c218e8c218c
8d218c8d218c8d218c8d218c8d218c8d218c8d22898d22898d22898d22898d22898d22898d22898d22898d23888d23888d23888d23888d23888d23888d23888d
22898d22898d22898d22898d22898d22898d22898d218c8d218c8d218c8d218c8d218c8d218c8d218c8d218c8d218e8c218e8c218e8c218e8c218e8c218e8c21
8e8c20918c20918c20918c20918c20918c20918c20918c1f938b1f938b1f938b1f938b1f938b1f938b1f938b1f938b1f958b1f958b1f958b1f958b1f958b1f95
8b1f958b1f968b1f968b1f968b1f968b1f968b1f968b1f968b1e988a1e988a1e988a1e988a1e988a1e988a1e988a1e998a1e998a1e998a1e998a1e998a1e998a
1e998a1e998a1e9a891e9a891e9a891e9a891e9a891e9a891e9a891e9c891e9c891e9c891e9c891e9c891e9c891e9c891e9d881e9d881e9d881e9d881e9d881e
9d881e9d881e9d881e9e881e9e881e9e881e9e881e9e881e9e881e9e881e9f881e9f881e9f881e9f881e9f881e9f881e9f881ea0871ea0871ea0871ea0871ea0
871ea0871ea0871ea0871fa1871fa1871fa1871fa1871fa1871fa1871fa1871fa1871fa1871fa1871fa1871fa1871fa1871fa1871fa2861fa2861fa2861fa286
1fa2861fa2861fa2861fa2861fa3861fa3861fa3861fa3861fa3861fa3861fa3861fa3861fa3861fa3861fa3861fa3861fa3861fa3861fa3861fa3861fa3861f
a3861fa3861fa3861fa3861fa38620a48520a48520a48520a48520a48520a48520a48520a48520a48520a48520a48520a48520a48520a48520a48520a48520a4
8520a48520a48520a48520a48520a48520a48520a48520a48520a48520a48520a48520a48520a48520a48520a48520a48520a48520a48520a48520a48520a485
20a48520a48520a48520a48520a48520a48520a48520a48520a48520a48520a48520a48520a48520a48520a48520a48520a48520a48520a48520a4851fa3861f
a3861fa3861fa3861fa3861fa3861fa3861fa3861fa3861fa3861fa3861fa3861fa3861fa3861fa3861fa3861fa3861fa3861fa3861fa3861fa3861fa3861fa2
861fa2861fa2861fa2861fa2861fa2861fa2861fa1871fa1871fa1871fa1871fa1871fa1871fa1871fa1871fa1871fa1871fa1871fa1871fa1871fa1871fa187
1ea0871ea0871ea0871ea0871ea0871ea0871ea0871e9f881e9f881e9f881e9f881e9f881e9f881e9f881e9f881e9e881e9e881e9e881e9e881e9e881e9e881e
9e881e9d881e9d881e9d881e9d881e9d881e9d881e9d881e9c891e9c891e9c891e9c891e9c891e9c891e9c891e9c891e9a891e9a891e9a891e9a891e9a891e9a
891e9a891e998a1e998a1e998a1e998a1e998a1e998a1e998a1e988a1e988a1e988a1e988a1e988a1e988a1e988a1f968b1f968b1f968b1f968b1f968b1f968b
1f968b1f968b1f958b1f958b1f958b1f958b1f958b1f958b1f958b1f938b1f938b1f938b1f938b1f938b1f938b1f938b20918c20918c20918c20918c20918c20
918c20918c20918c218e8c218e8c218e8c218e8c218e8c218e8c218e8c218c8d218c8d218c8d218c8d218c8d218c8d218c8d22898d22898d22898d22898d2289
8d22898d22898d22898d23888d23888d23888d23888d23888d23888d23888d22898d22898d22898d22898d22898d22898d22898d218c8d218c8d218c8d218c8d
218c8d218c8d218c8d218c8d218e8c218e8c218e8c218e8c218e8c218e8c218e8c20918c20918c20918c20918c20918c20918c20918c1f938b1f938b1f938b1f
938b1f938b1f938b1f938b1f938b1f958b1f958b1f958b1f958b1f958b1f958b1f958b1f968b1f968b1f968b1f968b1f968b1f968b1f968b1e988a1e988a1e98
8a1e988a1e988a1e988a1e988a1e998a1e998a1e998a1e998a1e998a1e998a1e998a1e998a1e9a891e9a891e9a891e9a891e9a891e9a891e9a891e9c891e9c89
1e9c891e9c891e9c891e9c891e9c891e9d881e9d881e9d881e9d881e9d881e9d881e9d881e9d881e9e881e9e881e9e881e9e881e9e881e9e881e9e881e9f881e
9f881e9f881e9f881e9f881e9f881e9f881ea0871ea0871ea0871ea0871ea0871ea0871ea0871ea0871fa1871fa1871fa1871fa1871fa1871fa1871fa1871fa1
871fa1871fa1871fa1871fa1871fa1871fa1871fa2861fa2861fa2861fa2861fa2861fa2861fa2861fa2861fa3861fa3861fa3861fa3861fa3861fa3861fa386
1fa3861fa3861fa3861fa3861fa3861fa3861fa3861fa3861fa3861fa3861fa3861fa3861fa3861fa3861fa38620a48520a48520a48520a48520a48520a48520
a48520a48520a48520a48520a48520a48520a48520a48520a48520a48520a48520a48520a48520a48520a48520a48520a48520a48520a48520a48520a48520a4
8520a48520a48520a48520a48520a48520a48520a48520a48520a48520a48520a48520a48520a48520a48520a48520a48520a48520a48520a48520a48520a485
20a48520a48520a48520a48520a48520a48520a48520a48520a4851fa3861fa3861fa3861fa3861fa3861fa3861fa3861fa3861fa3861fa3861fa3861fa3861f
a3861fa3861fa3861fa3861fa3861fa3861fa3861fa3861fa3861fa3861fa2861fa2861fa2861fa2861fa2861fa2861fa2861fa1871fa1871fa1871fa1871fa1
871fa1871fa1871fa1871fa1871fa1871fa1871fa1871fa1871fa1871fa1871ea0871ea0871ea0871ea0871ea0871ea0871ea0871e9f881e9f881e9f881e9f88
1e9f881e9f881e9f881e9f881e9e881e9e881e9e881e9e881e9e881e9e881e9e881e9d881e9d881e9d881e9d881e9d881e9d881e9d881e9c891e9c891e9c891e
9c891e9c891e9c891e9c891e9c891e9a891e9a891e9a891e9a891e9a891e9a891e9a891e998a1e998a1e998a1e998a1e998a1e998a1e998a1e988a1e988a1e98
8a1e988a1e988a1e988a1e988a1f968b1f968b1f968b1f968b1f968b1f968b1f968b1f968b1f958b1f958b1f958b1f958b1f958b1f958b1f958b1f938b1f938b
1f938b1f938b1f938b1f938b1f938b20918c20918c20918c20918c20918c20918c20918c20918c218e8c218e8c218e8c218e8c218e8c218e8c218e8c218c8d21
8c8d218c8d218c8d218c8d218c8d218c8d22898d22898d22898d22898d22898d22898d22898d22898d23888d23888d23888d23888d23888d23888d23888d2289
8d22898d22898d22898d22898d22898d22898d218c8d218c8d218c8d218c8d218c8d218c8d218c8d218c8d218e8c218e8c218e8c218e8c218e8c218e8c218e8c
20918c20918c20918c20918c20918c20918c20918c1f938b1f938b1f938b1f938b1f938b1f938b1f938b1f938b1f958b1f958b1f958b1f958b1f958b1f958b1f
958b1f968b1f968b1f968b1f968b1f968b1f968b1f968b1e988a1e988a1e988a1e988a1e988a1e988a1e988a1e998a1e998a1e998a1e998a1e998a1e998a1e99
8a1e998a1e9a891e9a891e9a891e9a891e9a891e9a891e9a891e9c891e9c891e9c891e9c891e9c891e9c891e9c891e9d881e9d881e9d881e9d881e9d881e9d88
1e9d881e9d881e9e881e9e881e9e881e9e881e9e881e9e881e9e881e9f881e9f881e9f881e9f881e9f881e9f881e9f881ea0871ea0871ea0871ea0871ea0871e
a0871ea0871ea0871fa1871fa1871fa1871fa1871fa1871fa1871fa1871fa1871fa1871fa1871fa1871fa1871fa1871fa1871fa2861fa2861fa2861fa2861fa2
861fa2861fa2861fa2861fa3861fa3861fa3861fa3861fa3861fa3861fa3861fa3861fa3861fa3861fa3861fa3861fa3861fa3861fa3861fa3861fa3861fa386
1fa3861fa3861fa3861fa38620a48520a48520a48520a48520a48520a48520a48520a48520a48520a48520a48520a48520a48520a48520a48520a48520a48520
a48520a48520a48520a48520a48520a48520a48520a48520a48520a48520a48520a48520a48520a48520a48520a48520a48520a48520a48520a48520a48520a4
8520a48520a48520a48520a48520a48520a48520a48520a48520a48520a48520a48520a48520a48520a48520a48520a48520a48520a48520a4851fa3861fa386
1fa3861fa3861fa3861fa3861fa3861fa3861fa3861fa3861fa3861fa3861fa3861fa3861fa3861fa3861fa3861fa3861fa3861fa3861fa3861fa3861fa2861f
a2861fa2861fa2861fa2861fa2861fa2861fa1871fa1871fa1871fa1871fa1871fa1871fa1871fa1871fa1871fa1871fa1871fa1871fa1871fa1871fa1871ea0
871ea0871ea0871ea0871ea0871ea0871ea0871e9f881e9f881e9f881e9f881e9f881e9f881e9f881e9f881e9e881e9e881e9e881e9e881e9e881e9e881e9e88
1e9d881e9d881e9d881e9d881e9d881e9d881e9d881e9c891e9c891e9c891e9c891e9c891e9c891e9c891e9c891e9a891e9a891e9a891e9a891e9a891e9a891e
9a891e998a1e998a1e998a1e998a1e998a1e998a1e998a1e988a1e988a1e988a1e988a1e988a1e988a1e988a1f968b1f968b1f968b1f968b1f968b1f968b1f96
8b1f968b1f958b1f958b1f958b1f958b1f958b1f958b1f958b1f938b1f938b1f938b1f938b1f938b1f938b1f938b20918c20918c20918c20918c20918c20918c
20918c20918c218e8c218e8c218e8c218e8c218e8c218e8c218e8c218c8d218c8d218c8d218c8d218c8d218c8d218c8d22898d22898d22898d22898d22898d22
898d22898d22898d23888d23888d23888d23888d23888d23888d23888d22898d22898d22898d22898d22898d22898d22898d218c8d218c8d218c8d218c8d218c
8d218c8d218c8d218c8d218e8c218e8c218e8c218e8c218e8c218e8c218e8c20918c20918c20918c20918c20918c20918c20918c1f938b1f938b1f938b1f938b
1f938b1f938b1f938b1f938b1f958b1f958b1f958b1f958b1f958b1f958b1f958b1f968b1f968b1f968b1f968b1f968b1f968b1f968b1e988a1e988a1e988a1e
988a1e988a1e988a1e988a1e998a1e998a1e998a1e998a1e998a1e998a1e998a1e998a1e9a891e9a891e9a891e9a891e9a891e9a891e9a891e9c891e9c891e9c
891e9c891e9c891e9c891e9c891e9d881e9d881e9d881e9d881e9d881e9d881e9d881e9d881e9e881e9e881e9e881e9e881e9e881e9e881e9e881e9f881e9f88
1e9f881e9f881e9f881e9f881e9f881ea0871ea0871ea0871ea0871ea0871ea0871ea0871ea0871fa1871fa1871fa1871fa1871fa1871fa1871fa1871fa1871f
a1871fa1871fa1871fa1871fa1871fa1871fa2861fa2861fa2861fa2861fa2861fa2861fa2861fa2861fa3861fa3861fa3861fa3861fa3861fa3861fa3861fa3
861fa3861fa3861fa3861fa3861fa3861fa3861fa3861fa3861fa3861fa3861fa3861fa3861fa3861fa38620a48520a48520a48520a48520a48520a48520a485
20a48520a48520a48520a48520a48520a48520a48520a48520a48520a48520a48520a48520a48520a48520a48520a48520a48520a48520a48520a48520a48520
a48520a48520a48520a48520a48520a48520a48520a48520a48520a48520a48520a48520a48520a48520a48520a48520a48520a48520a48520a48520a48520a4
8520a48520a48520a48520a48520a48520a48520a48520a4851fa3861fa3861fa3861fa3861fa3861fa3861fa3861fa3861fa3861fa3861fa3861fa3861fa386
1fa3861fa3861fa3861fa3861fa3861fa3861fa3861fa3861fa3861fa2861fa2861fa2861fa2861fa2861fa2861fa2861fa1871fa1871fa1871fa1871fa1871f
a1871fa1871fa1871fa1871fa1871fa1871fa1871fa1871fa1871fa1871ea0871ea0871ea0871ea0871ea0871ea0871ea0871e9f881e9f881e9f881e9f881e9f
881e9f881e9f881e9f881e9e881e9e881e9e881e9e881e9e881e9e881e9e881e9d881e9d881e9d881e9d881e9d881e9d881e9d881e9c891e9c891e9c891e9c89
1e9c891e9c891e9c891e9c891e9a891e9a891e9a891e9a891e9a891e9a891e9a891e998a1e998a1e998a1e998a1e998a1e998a1e998a1e988a1e988a1e988a1e
988a1e988a1e988a1e988a1f968b1f968b1f968b1f968b1f968b1f968b1f968b1f968b1f958b1f958b1f958b1f958b1f958b1f958b1f958b1f938b1f938b1f93
8b1f938b1f938b1f938b1f938b20918c20918c20918c20918c20918c20918c20918c20918c218e8c218e8c218e8c218e8c218e8c218e8c218e8c218c8d218c8d
218c8d218c8d218c8d218c8d218c8d22898d22898d22898d22898d22898d22898d22898d22898d23888d23888d23888d23888d23888d23888d23888d24858d24
858d24858d24858d24858d24858d24858d23878d23878d23878d23878d23878d23878d23878d23878d22898d22898d22898d22898d22898d22898d22898d228b
8d228b8d228b8d228b8d228b8d228b8d228b8d218d8c218d8c218d8c218d8c218d8c218d8c218d8c218d8c208f8c208f8c208f8c208f8c208f8c208f8c208f8c
20918c20918c20918c20918c20918c20918c20918c1f928c1f928c1f928c1f928c1f928c1f928c1f928c1f948b1f948b1f948b1f948b1f948b1f948b1f948b1f
948b1f968b1f968b1f968b1f968b1f968b1f968b1f968b1e978a1e978a1e978a1e978a1e978a1e978a1e978a1e988a1e988a1e988a1e988a1e988a1e988a1e98
8a1e988a1e998a1e998a1e998a1e998a1e998a1e998a1e998a1e998a1e998a1e998a1e998a1e998a1e998a1e998a1e9a891e9a891e9a891e9a891e9a891e9a89
1e9a891e9a891e9b891e9b891e9b891e9b891e9b891e9b891e9b891e9c891e9c891e9c891e9c891e9c891e9c891e9c891e9c891e9c891e9c891e9c891e9c891e
9c891e9c891e9c891e9d881e9d881e9d881e9d881e9d881e9d881e9d881e9d881e9d881e9d881e9d881e9d881e9d881e9d881e9e881e9e881e9e881e9e881e9e
881e9e881e9e881e9e881e9e881e9e881e9e881e9e881e9e881e9e881e9e881e9e881e9e881e9e881e9e881e9e881e9e881e9e881e9f881e9f881e9f881e9f88
1e9f881e9f881e9f881e9f881e9f881e9f881e9f881e9f881e9f881e9f881e9f881e9f881e9f881e9f881e9f881e9f881e9f881e9f881e9f881e9f881e9f881e
9f881e9f881e9f881e9f881e9e881e9e881e9e881e9e881e9e881e9e881e9e881e9e881e9e881e9e881e9e881e9e881e9e881e9e881e9e881e9e881e9e881e9e
881e9e881e9e881e9e881e9e881e9d881e9d881e9d881e9d881e9d881e9d881e9d881e9d881e9d881e9d881e9d881e9d881e9d881e9d881e9d881e9c891e9c89
1e9c891e9c891e9c891e9c891e9c891e9c891e9c891e9c891e9c891e9c891e9c891e9c891e9c891e9b891e9b891e9b891e9b891e9b891e9b891e9b891e9a891e
9a891e9a891e9a891e9a891e9a891e9a891e998a1e998a1e998a1e998a1e998a1e998a1e998a1e998a1e998a1e998a1e998a1e998a1e998a1e998a1e998a1e98
8a1e988a1e988a1e988a1e988a1e988a1e988a1e978a1e978a1e978a1e978a1e978a1e978a1e978a1e978a1f968b1f968b1f968b1f968b1f968b1f968b1f968b
1f948b1f948b1f948b1f948b1f948b1f948b1f948b1f928c1f928c1f928c1f928c1f928c1f928c1f928c20918c20918c20918c20918c20918c20918c20918c20
918c208f8c208f8c208f8c208f8c208f8c208f8c208f8c218d8c218d8c218d8c218d8c218d8c218d8c218d8c228b8d228b8d228b8d228b8d228b8d228b8d228b
8d228b8d22898d22898d22898d22898d22898d22898d22898d23878d23878d23878d23878d23878d23878d23878d24858d24858d24858d24858d24858d24858d
24858d24858d25828e25828e25828e25828e25828e25828e25828e24858d24858d24858d24858d24858d24858d24858d23878d23878d23878d23878d23878d23
878d23878d23878d22898d22898d22898d22898d22898d22898d22898d228b8d228b8d228b8d228b8d228b8d228b8d228b8d218d8c218d8c218d8c218d8c218d
8c218d8c218d8c218d8c208f8c208f8c208f8c208f8c208f8c208f8c208f8c20918c20918c20918c20918c20918c20918c20918c1f928c1f928c1f928c1f928c
1f928c1f928c1f928c1f948b1f948b1f948b1f948b1f948b1f948b1f948b1f948b1f968b1f968b1f968b1f968b1f968b1f968b1f968b1e978a1e978a1e978a1e
978a1e978a1e978a1e978a1e988a1e988a1e988a1e988a1e988a1e988a1e988a1e988a1e998a1e998a1e998a1e998a1e998a1e998a1e998a1e998a1e998a1e99
8a1e998a1e998a1e998a1e998a1e9a891e9a891e9a891e9a891e9a891e9a891e9a891e9a891e9b891e9b891e9b891e9b891e9b891e9b891e9b891e9c891e9c89
1e9c891e9c891e9c891e9c891e9c891e9c891e9c891e9c891e9c891e9c891e9c891e9c891e9c891e9d881e9d881e9d881e9d881e9d881e9d881e9d881e9d881e
9d881e9d881e9d881e9d881e9d881e9d881e9e881e9e881e9e881e9e881e9e881e9e881e9e881e9e881e9e881e9e881e9e881e9e881e9e881e9e881e9e881e9e
881e9e881e9e881e9e881e9e881e9e881e9e881e9f881e9f881e9f881e9f881e9f881e9f881e9f881e9f881e9f881e9f881e9f881e9f881e9f881e9f881e9f88
1e9f881e9f881e9f881e9f881e9f881e9f881e9f881e9f881e9f881e9f881e9f881e9f881e9f881e9f881e9e881e9e881e9e881e9e881e9e881e9e881e9e881e
9e881e9e881e9e881e9e881e9e881e9e881e9e881e9e881e9e881e9e881e9e881e9e881e9e881e9e881e9e881e9d881e9d881e9d881e9d881e9d881e9d881e9d
881e9d881e9d881e9d881e9d881e9d881e9d881e9d881e9d881e9c891e9c891e9c891e9c891e9c891e9c891e9c891e9c891e9c891e9c891e9c891e9c891e9c89
1e9c891e9c891e9b891e9b891e9b891e9b891e9b891e9b891e9b891e9a891e9a891e9a891e9a891e9a891e9a891e9a891e998a1e998a1e998a1e998a1e998a1e
998a1e998a1e998a1e998a1e998a1e998a1e998a1e998a1e998a1e998a1e988a1e988a1e988a1e988a1e988a1e988a1e988a1e978a1e978a1e978a1e978a1e97
8a1e978a1e978a1e978a1f968b1f968b1f968b1f968b1f968b1f968b1f968b1f948b1f948b1f948b1f948b1f948b1f948b1f948b1f928c1f928c1f928c1f928c
1f928c1f928c1f928c20918c20918c20918c20918c20918c20918c20918c20918c208f8c208f8c208f8c208f8c208f8c208f8c208f8c218d8c218d8c218d8c21
8d8c218d8c218d8c218d8c228b8d228b8d228b8d228b8d228b8d228b8d228b8d228b8d22898d22898d22898d22898d22898d22898d22898d23878d23878d2387
8d23878d23878d23878d23878d24858d24858d24858d24858d24858d24858d24858d24858d25828e25828e25828e25828e25828e25828e25828e24858d24858d
24858d24858d24858d24858d24858d23878d23878d23878d23878d23878d23878d23878d23878d22898d22898d22898d22898d22898d22898d22898d228b8d22
8b8d228b8d228b8d228b8d228b8d228b8d218d8c218d8c218d8c218d8c218d8c218d8c218d8c218d8c208f8c208f8c208f8c208f8c208f8c208f8c208f8c2091
8c20918c20918c20918c20918c20918c20918c1f928c1f928c1f928c1f928c1f928c1f928c1f928c1f948b1f948b1f948b1f948b1f948b1f948b1f948b1f948b
1f968b1f968b1f968b1f968b1f968b1f968b1f968b1e978a1e978a1e978a1e978a1e978a1e978a1e978a1e988a1e988a1e988a1e988a1e988a1e988a1e988a1e
988a1e998a1e998a1e998a1e998a1e998a1e998a1e998a1e998a1e998a1e998a1e998a1e998a1e998a1e998a1e9a891e9a891e9a891e9a891e9a891e9a891e9a
891e9a891e9b891e9b891e9b891e9b891e9b891e9b891e9b891e9c891e9c891e9c891e9c891e9c891e9c891e9c891e9c891e9c891e9c891e9c891e9c891e9c89
1e9c891e9c891e9d881e9d881e9d881e9d881e9d881e9d881e9d881e9d881e9d881e9d881e9d881e9d881e9d881e9d881e9e881e9e881e9e881e9e881e9e881e
9e881e9e881e9e881e9e881e9e881e9e881e9e881e9e881e9e881e9e881e9e881e9e881e9e881e9e881e9e881e9e881e9e881e9f881e9f881e9f881e9f881e9f
881e9f881e9f881e9f881e9f881e9f881e9f881e9f881e9f881e9f881e9f881e9f881e9f881e9f881e9f881e9f881e9f881e9f881e9f881e9f881e9f881e9f88
1e9f881e9f881e9f881e9e881e9e881e9e881e9e881e9e881e9e881e9e881e9e881e9e881e9e881e9e881e9e881e9e881e9e881e9e881e9e881e9e881e9e881e
9e881e9e881e9e881e9e881e9d881e9d881e9d881e9d881e9d881e9d881e9d881e9d881e9d881e9d881e9d881e9d881e9d881e9d881e9d881e9c891e9c891e9c
891e9c891e9c891e9c891e9c891e9c891e9c891e9c891e9c891e9c891e9c891e9c891e9c891e9b891e9b891e9b891e9b891e9b891e9b891e9b891e9a891e9a89
1e9a891e9a891e9a891e9a891e9a891e998a1e998a1e998a1e998a1e998a1e998a1e998a1e998a1e998a1e998a1e998a1e998a1e998a1e998a1e998a1e988a1e
988a1e988a1e988a1e988a1e988a1e988a1e978a1e978a1e978a1e978a1e978a1e978a1e978a1e978a1f968b1f968b1f968b1f968b1f968b1f968b1f968b1f94
8b1f948b1f948b1f948b1f948b1f948b1f948b1f928c1f928c1f928c1f928c1f928c1f928c1f928c20918c20918c20918c20918c20918c20918c20918c20918c
208f8c208f8c208f8c208f8c208f8c208f8c208f8c218d8c218d8c218d8c218d8c218d8c218d8c218d8c228b8d228b8d228b8d228b8d228b8d228b8d228b8d22
8b8d22898d22898d22898d22898d22898d22898d22898d23878d23878d23878d23878d23878d23878d23878d24858d24858d24858d24858d24858d24858d2485
8d24858d25828e25828e25828e25828e25828e25828e25828e24858d24858d24858d24858d24858d24858d24858d23878d23878d23878d23878d23878d23878d
23878d23878d22898d22898d22898d22898d22898d22898d22898d228b8d228b8d228b8d228b8d228b8d228b8d228b8d218d8c218d8c218d8c218d8c218d8c21
8d8c218d8c218d8c208f8c208f8c208f8c208f8c208f8c208f8c208f8c20918c20918c20918c20918c20918c20918c20918c1f928c1f928c1f928c1f928c1f92
8c1f928c1f928c1f948b1f948b1f948b1f948b1f948b1f948b1f948b1f948b1f968b1f968b1f968b1f968b1f968b1f968b1f968b1e978a1e978a1e978a1e978a
1e978a1e978a1e978a1e988a1e988a1e988a1e988a1e988a1e988a1e988a1e988a1e998a1e998a1e998a1e998a1e998a1e998a1e998a1e998a1e998a1e998a1e
998a1e998a1e998a1e998a1e9a891e9a891e9a891e9a891e9a891e9a891e9a891e9a891e9b891e9b891e9b891e9b891e9b891e9b891e9b891e9c891e9c891e9c
891e9c891e9c891e9c891e9c891e9c891e9c891e9c891e9c891e9c891e9c891e9c891e9c891e9d881e9d881e9d881e9d881e9d881e9d881e9d881e9d881e9d88
1e9d881e9d881e9d881e9d881e9d881e9e881e9e881e9e881e9e881e9e881e9e881e9e881e9e881e9e881e9e881e9e881e9e881e9e881e9e881e9e881e9e881e
9e881e9e881e9e881e9e881e9e881e9e881e9f881e9f881e9f881e9f881e9f881e9f881e9f881e9f881e9f881e9f881e9f881e9f881e9f881e9f881e9f881e9f
881e9f881e9f881e9f881e9f881e9f881e9f881e9f881e9f881e9f881e9f881e9f881e9f881e9f881e9e881e9e881e9e881e9e881e9e881e9e881e9e881e9e88
1e9e881e9e881e9e881e9e881e9e881e9e881e9e881e9e881e9e881e9e881e9e881e9e881e9e881e9e881e9d881e9d881e9d881e9d881e9d881e9d881e9d881e
9d881e9d881e9d881e9d881e9d881e9d881e9d881e9d881e9c891e9c891e9c891e9c891e9c891e9c891e9c891e9c891e9c891e9c891e9c891e9c891e9c891e9c
891e9c891e9b891e9b891e9b891e9b891e9b891e9b891e9b891e9a891e9a891e9a891e9a891e9a891e9a891e9a891e998a1e998a1e998a1e998a1e998a1e998a
1e998a1e998a1e998a1e998a1e998a1e998a1e998a1e998a1e998a1e988a1e988a1e988a1e988a1e988a1e988a1e988a1e978a1e978a1e978a1e978a1e978a1e
978a1e978a1e978a1f968b1f968b1f968b1f968b1f968b1f968b1f968b1f948b1f948b1f948b1f948b1f948b1f948b1f948b1f928c1f928c1f928c1f928c1f92
8c1f928c1f928c20918c20918c20918c20918c20918c20918c20918c20918c208f8c208f8c208f8c208f8c208f8c208f8c208f8c218d8c218d8c218d8c218d8c
218d8c218d8c218d8c228b8d228b8d228b8d228b8d228b8d228b8d228b8d228b8d22898d22898d22898d22898d22898d22898d22898d23878d23878d23878d23
878d23878d23878d23878d24858d24858d24858d24858d24858d24858d24858d24858d25828e25828e25828e25828e25828e25828e25828e24858d24858d2485
8d24858d24858d24858d24858d23878d23878d23878d23878d23878d23878d23878d23878d22898d22898d22898d22898d22898d22898d22898d228b8d228b8d
228b8d228b8d228b8d228b8d228b8d218d8c218d8c218d8c218d8c218d8c218d8c218d8c218d8c208f8c208f8c208f8c208f8c208f8c208f8c208f8c20918c20
918c20918c20918c20918c20918c20918c1f928c1f928c1f928c1f928c1f928c1f928c1f928c1f948b1f948b1f948b1f948b1f948b1f948b1f948b1f948b1f96
8b1f968b1f968b1f968b1f968b1f968b1f968b1e978a1e978a1e978a1e978a1e978a1e978a1e978a1e988a1e988a1e988a1e988a1e988a1e988a1e988a1e988a
1e998a1e998a1e998a1e998a1e998a1e998a1e998a1e998a1e998a1e998a1e998a1e998a1e998a1e998a1e9a891e9a891e9a891e9a891e9a891e9a891e9a891e
9a891e9b891e9b891e9b891e9b891e9b891e9b891e9b891e9c891e9c891e9c891e9c891e9c891e9c891e9c891e9c891e9c891e9c891e9c891e9c891e9c891e9c
891e9c891e9d881e9d881e9d881e9d881e9d881e9d881e9d881e9d881e9d881e9d881e9d881e9d881e9d881e9d881e9e881e9e881e9e881e9e881e9e881e9e88
1e9e881e9e881e9e881e9e881e9e881e9e881e9e881e9e881e9e881e9e881e9e881e9e881e9e881e9e881e9e881e9e881e9f881e9f881e9f881e9f881e9f881e
9f881e9f881e9f881e9f881e9f881e9f881e9f881e9f881e9f881e9f881e9f881e9f881e9f881e9f881e9f881e9f881e9f881e9f881e9f881e9f881e9f881e9f
881e9f881e9f881e9e881e9e881e9e881e9e881e9e881e9e881e9e881e9e881e9e881e9e881e9e881e9e881e9e881e9e881e9e881e9e881e9e881e9e881e9e88
1e9e881e9e881e9e881e9d881e9d881e9d881e9d881e9d881e9d881e9d881e9d881e9d881e9d881e9d881e9d881e9d881e9d881e9d881e9c891e9c891e9c891e
9c891e9c891e9c891e9c891e9c891e9c891e9c891e9c891e9c891e9c891e9c891e9c891e9b891e9b891e9b891e9b891e9b891e9b891e9b891e9a891e9a891e9a
891e9a891e9a891e9a891e9a891e998a1e998a1e998a1e998a1e998a1e998a1e998a1e998a1e998a1e998a1e998a1e998a1e998a1e998a1e998a1e988a1e988a
1e988a1e988a1e988a1e988a1e988a1e978a1e978a1e978a1e978a1e978a1e978a1e978a1e978a1f968b1f968b1f968b1f968b1f968b1f968b1f968b1f948b1f
948b1f948b1f948b1f948b1f948b1f948b1f928c1f928c1f928c1f928c1f928c1f928c1f928c20918c20918c20918c20918c20918c20918c20918c20918c208f
8c208f8c208f8c208f8c208f8c208f8c208f8c218d8c218d8c218d8c218d8c218d8c218d8c218d8c228b8d228b8d228b8d228b8d228b8d228b8d228b8d228b8d
22898d22898d22898d22898d22898d22898d22898d23878d23878d23878d23878d23878d23878d23878d24858d24858d24858d24858d24858d24858d24858d24
858d25828e25828e25828e25828e25828e25828e25828e24858d24858d24858d24858d24858d24858d24858d23878d23878d23878d23878d23878d23878d2387
8d23878d22898d22898d22898d22898d22898d22898d22898d228b8d228b8d228b8d228b8d228b8d228b8d228b8d218d8c218d8c218d8c218d8c218d8c218d8c
218d8c218d8c208f8c208f8c208f8c208f8c208f8c208f8c208f8c20918c20918c20918c20918c20918c20918c20918c1f928c1f928c1f928c1f928c1f928c1f
928c1f928c1f948b1f948b1f948b1f948b1f948b1f948b1f948b1f948b1f968b1f968b1f968b1f968b1f968b1f968b1f968b1e978a1e978a1e978a1e978a1e97
8a1e978a1e978a1e988a1e988a1e988a1e988a1e988a1e988a1e988a1e988a1e998a1e998a1e998a1e998a1e998a1e998a1e998a1e998a1e998a1e998a1e998a
1e998a1e998a1e998a1e9a891e9a891e9a891e9a891e9a891e9a891e9a891e9a891e9b891e9b891e9b891e9b891e9b891e9b891e9b891e9c891e9c891e9c891e
9c891e9c891e9c891e9c891e9c891e9c891e9c891e9c891e9c891e9c891e9c891e9c891e9d881e9d881e9d881e9d881e9d881e9d881e9d881e9d881e9d881e9d
881e9d881e9d881e9d881e9d881e9e881e9e881e9e881e9e881e9e881e9e881e9e881e9e881e9e881e9e881e9e881e9e881e9e881e9e881e9e881e9e881e9e88
1e9e881e9e881e9e881e9e881e9e881e9f881e9f881e9f881e9f881e9f881e9f881e9f881e9f881e9f881e9f881e9f881e9f881e9f881e9f881e9f881e9f881e
9f881e9f881e9f881e9f881e9f881e9f881e9f881e9f881e9f881e9f881e9f881e9f881e9f881e9e881e9e881e9e881e9e881e9e881e9e881e9e881e9e881e9e
881e9e881e9e881e9e881e9e881e9e881e9e881e9e881e9e881e9e881e9e881e9e881e9e881e9e881e9d881e9d881e9d881e9d881e9d881e9d881e9d881e9d88
1e9d881e9d881e9d881e9d881e9d881e9d881e9d881e9c891e9c891e9c891e9c891e9c891e9c891e9c891e9c891e9c891e9c891e9c891e9c891e9c891e9c891e
9c891e9b891e9b891e9b891e9b891e9b891e9b891e9b891e9a891e9a891e9a891e9a891e9a891e9a891e9a891e998a1e998a1e998a1e998a1e998a1e998a1e99
8a1e998a1e998a1e998a1e998a1e998a1e998a1e998a1e998a1e988a1e988a1e988a1e988a1e988a1e988a1e988a1e978a1e978a1e978a1e978a1e978a1e978a
1e978a1e978a1f968b1f968b1f968b1f968b1f968b1f968b1f968b1f948b1f948b1f948b1f948b1f948b1f948b1f948b1f928c1f928c1f928c1f928c1f928c1f
928c1f928c20918c20918c20918c20918c20918c20918c20918c20918c208f8c208f8c208f8c208f8c208f8c208f8c208f8c218d8c218d8c218d8c218d8c218d
8c218d8c218d8c228b8d228b8d228b8d228b8d228b8d228b8d228b8d228b8d22898d22898d22898d22898d22898d22898d22898d23878d23878d23878d23878d
23878d23878d23878d24858d24858d24858d24858d24858d24858d24858d24858d25828e25828e25828e25828e25828e25828e25828e24858d24858d24858d24
858d24858d24858d24858d23878d23878d23878d23878d23878d23878d23878d23878d22898d22898d22898d22898d22898d22898d22898d228b8d228b8d228b
8d228b8d228b8d228b8d228b8d218d8c218d8c218d8c218d8c218d8c218d8c218d8c218d8c208f8c208f8c208f8c208f8c208f8c208f8c208f8c20918c20918c
20918c20918c20918c20918c20918c1f928c1f928c1f928c1f928c1f928c1f928c1f928c1f948b1f948b1f948b1f948b1f948b1f948b1f948b1f948b1f968b1f
968b1f968b1f968b1f968b1f968b1f968b1e978a1e978a1e978a1e978a1e978a1e978a1e978a1e988a1e988a1e988a1e988a1e988a1e988a1e988a1e988a1e99
8a1e998a1e998a1e998a1e998a1e998a1e998a1e998a1e998a1e998a1e998a1e998a1e998a1e998a1e9a891e9a891e9a891e9a891e9a891e9a891e9a891e9a89
1e9b891e9b891e9b891e9b891e9b891e9b891e9b891e9c891e9c891e9c891e9c891e9c891e9c891e9c891e9c891e9c891e9c891e9c891e9c891e9c891e9c891e
9c891e9d881e9d881e9d881e9d881e9d881e9d881e9d881e9d881e9d881e9d881e9d881e9d881e9d881e9d881e9e881e9e881e9e881e9e881e9e881e9e881e9e
881e9e881e9e881e9e881e9e881e9e881e9e881e9e881e9e881e9e881e9e881e9e881e9e881e9e881e9e881e9e881e9f881e9f881e9f881e9f881e9f881e9f88
1e9f881e9f881e9f881e9f881e9f881e9f881e9f881e9f881e9f881e9f881e9f881e9f881e9f881e9f881e9f881e9f881e9f881e9f881e9f881e9f881e9f881e
9f881e9f881e9e881e9e881e9e881e9e881e9e881e9e881e9e881e9e881e9e881e9e881e9e881e9e881e9e881e9e881e9e881e9e881e9e881e9e881e9e881e9e
881e9e881e9e881e9d881e9d881e9d881e9d881e9d881e9d881e9d881e9d881e9d881e9d881e9d881e9d881e9d881e9d881e9d881e9c891e9c891e9c891e9c89
1e9c891e9c891e9c891e9c891e9c891e9c891e9c891e9c891e9c891e9c891e9c891e9b891e9b891e9b891e9b891e9b891e9b891e9b891e9a891e9a891e9a891e
9a891e9a891e9a891e9a891e998a1e998a1e998a1e998a1e998a1e998a1e998a1e998a1e998a1e998a1e998a1e998a1e998a1e998a1e998a1e988a1e988a1e98
8a1e988a1e988a1e988a1e988a1e978a1e978a1e978a1e978a1e978a1e978a1e978a1e978a1f968b1f968b1f968b1f968b1f968b1f968b1f968b1f948b1f948b
1f948b1f948b1f948b1f948b1f948b1f928c1f928c1f928c1f928c1f928c1f928c1f928c20918c20918c20918c20918c20918c20918c20918c20918c208f8c20
8f8c208f8c208f8c208f8c208f8c208f8c218d8c218d8c218d8c218d8c218d8c218d8c218d8c228b8d228b8d228b8d228b8d228b8d228b8d228b8d228b8d2289
8d22898d22898d22898d22898d22898d22898d23878d23878d23878d23878d23878d23878d23878d24858d24858d24858d24858d24858d24858d24858d24858d
25828e25828e25828e25828e25828e25828e25828e26808e26808e26808e26808e26808e26808e26808e25828e25828e25828e25828e25828e25828e25828e25
828e24848d24848d24848d24848d24848d24848d24848d23878d23878d23878d23878d23878d23878d23878d23898d23898d23898d23898d23898d23898d2389
8d23898d22898d22898d22898d22898d22898d22898d22898d228b8d228b8d228b8d228b8d228b8d228b8d228b8d218d8c218d8c218d8c218d8c218d8c218d8c
218d8c208f8c208f8c208f8c208f8c208f8c208f8c208f8c208f8c20908c20908c20908c20908c20908c20908c20908c20918c20918c20918c20918c20918c20
918c20918c1f938b1f938b1f938b1f938b1f938b1f938b1f938b1f938b1f948b1f948b1f948b1f948b1f948b1f948b1f948b1f958b1f958b1f958b1f958b1f95
8b1f958b1f958b1f968b1f968b1f968b1f968b1f968b1f968b1f968b1f968b1f968b1f968b1f968b1f968b1f968b1f968b1f968b1e978a1e978a1e978a1e978a
1e978a1e978a1e978a1e988a1e988a1e988a1e988a1e988a1e988a1e988a1e988a1e988a1e988a1e988a1e988a1e988a1e988a1e988a1e998a1e998a1e998a1e
998a1e998a1e998a1e998a1e998a1e998a1e998a1e998a1e998a1e998a1e998a1e998a1e998a1e998a1e998a1e998a1e998a1e998a1e998a1e998a1e998a1e99
8a1e998a1e998a1e998a1e998a1e998a1e998a1e998a1e998a1e998a1e998a1e998a1e998a1e998a1e998a1e998a1e998a1e998a1e998a1e998a1e998a1e998a
1e998a1e998a1e998a1e998a1e998a1e998a1e998a1e998a1e998a1e998a1e998a1e998a1e998a1e998a1e998a1e998a1e998a1e998a1e998a1e998a1e998a1e
998a1e998a1e998a1e998a1e998a1e998a1e998a1e998a1e998a1e998a1e998a1e998a1e998a1e998a1e998a1e998a1e998a1e998a1e998a1e998a1e998a1e98
8a1e988a1e988a1e988a1e988a1e988a1e988a1e988a1e988a1e988a1e988a1e988a1e988a1e988a1e978a1e978a1e978a1e978a1e978a1e978a1e978a1e978a
1f968b1f968b1f968b1f968b1f968b1f968b1f968b1f968b1f968b1f968b1f968b1f968b1f968b1f968b1f958b1f958b1f958b1f958b1f958b1f958b1f958b1f
958b1f948b1f948b1f948b1f948b1f948b1f948b1f948b1f938b1f938b1f938b1f938b1f938b1f938b1f938b20918c20918c20918c20918c20918c20918c2091
8c20918c20908c20908c20908c20908c20908c20908c20908c208f8c208f8c208f8c208f8c208f8c208f8c208f8c218d8c218d8c218d8c218d8c218d8c218d8c
218d8c228b8d228b8d228b8d228b8d228b8d228b8d228b8d228b8d22898d22898d22898d22898d22898d22898d22898d23898d23898d23898d23898d23898d23
898d23898d23878d23878d23878d23878d23878d23878d23878d23878d24848d24848d24848d24848d24848d24848d24848d25828e25828e25828e25828e2582
8e25828e25828e26808e26808e26808e26808e26808e26808e26808e26808e277d8e277d8e277d8e277d8e277d8e277d8e277d8e26808e26808e26808e26808e
26808e26808e26808e25828e25828e25828e25828e25828e25828e25828e25828e24848d24848d24848d24848d24848d24848d24848d23878d23878d23878d23
878d23878d23878d23878d23898d23898d23898d23898d23898d23898d23898d23898d22898d22898d22898d22898d22898d22898d22898d228b8d228b8d228b
8d228b8d228b8d228b8d228b8d218d8c218d8c218d8c218d8c218d8c218d8c218d8c208f8c208f8c208f8c208f8c208f8c208f8c208f8c208f8c20908c20908c
20908c20908c20908c20908c20908c20918c20918c20918c20918c20918c20918c20918c1f938b1f938b1f938b1f938b1f938b1f938b1f938b1f938b1f948b1f
948b1f948b1f948b1f948b1f948b1f948b1f958b1f958b1f958b1f958b1f958b1f958b1f958b1f968b1f968b1f968b1f968b1f968b1f968b1f968b1f968b1f96
8b1f968b1f968b1f968b1f968b1f968b1f968b1e978a1e978a1e978a1e978a1e978a1e978a1e978a1e988a1e988a1e988a1e988a1e988a1e988a1e988a1e988a
1e988a1e988a1e988a1e988a1e988a1e988a1e988a1e998a1e998a1e998a1e998a1e998a1e998a1e998a1e998a1e998a1e998a1e998a1e998a1e998a1e998a1e
998a1e998a1e998a1e998a1e998a1e998a1e998a1e998a1e998a1e998a1e998a1e998a1e998a1e998a1e998a1e998a1e998a1e998a1e998a1e998a1e998a1e99
8a1e998a1e998a1e998a1e998a1e998a1e998a1e998a1e998a1e998a1e998a1e998a1e998a1e998a1e998a1e998a1e998a1e998a1e998a1e998a1e998a1e998a
1e998a1e998a1e998a1e998a1e998a1e998a1e998a1e998a1e998a1e998a1e998a1e998a1e998a1e998a1e998a1e998a1e998a1e998a1e998a1e998a1e998a1e
998a1e998a1e998a1e998a1e998a1e998a1e998a1e998a1e998a1e998a1e988a1e988a1e988a1e988a1e988a1e988a1e988a1e988a1e988a1e988a1e988a1e98
8a1e988a1e988a1e978a1e978a1e978a1e978a1e978a1e978a1e978a1e978a1f968b1f968b1f968b1f968b1f968b1f968b1f968b1f968b1f968b1f968b1f968b
1f968b1f968b1f968b1f958b1f958b1f958b1f958b1f958b1f958b1f958b1f958b1f948b1f948b1f948b1f948b1f948b1f948b1f948b1f938b1f938b1f938b1f
938b1f938b1f938b1f938b20918c20918c20918c20918c20918c20918c20918c20918c20908c20908c20908c20908c20908c20908c20908c208f8c208f8c208f
8c208f8c208f8c208f8c208f8c218d8c218d8c218d8c218d8c218d8c218d8c218d8c228b8d228b8d228b8d228b8d228b8d228b8d228b8d228b8d22898d22898d
22898d22898d22898d22898d22898d23898d23898d23898d23898d23898d23898d23898d23878d23878d23878d23878d23878d23878d23878d23878d24848d24
848d24848d24848d24848d24848d24848d25828e25828e25828e25828e25828e25828e25828e26808e26808e26808e26808e26808e26808e26808e26808e277d
8e277d8e277d8e277d8e277d8e277d8e277d8e26808e26808e26808e26808e26808e26808e26808e25828e25828e25828e25828e25828e25828e25828e25828e
24848d24848d24848d24848d24848d24848d24848d23878d23878d23878d23878d23878d23878d23878d23898d23898d23898d23898d23898d23898d23898d23
898d22898d22898d22898d22898d22898d22898d22898d228b8d228b8d228b8d228b8d228b8d228b8d228b8d218d8c218d8c218d8c218d8c218d8c218d8c218d
8c208f8c208f8c208f8c208f8c208f8c208f8c208f8c208f8c20908c20908c20908c20908c20908c20908c20908c20918c20918c20918c20918c20918c20918c
20918c1f938b1f938b1f938b1f938b1f938b1f938b1f938b1f938b1f948b1f948b1f948b1f948b1f948b1f948b1f948b1f958b1f958b1f958b1f958b1f958b1f
958b1f958b1f968b1f968b1f968b1f968b1f968b1f968b1f968b1f968b1f968b1f968b1f968b1f968b1f968b1f968b1f968b1e978a1e978a1e978a1e978a1e97
8a1e978a1e978a1e988a1e988a1e988a1e988a1e988a1e988a1e988a1e988a1e988a1e988a1e988a1e988a1e988a1e988a1e988a1e998a1e998a1e998a1e998a
1e998a1e998a1e998a1e998a1e998a1e998a1e998a1e998a1e998a1e998a1e998a1e998a1e998a1e998a1e998a1e998a1e998a1e998a1e998a1e998a1e998a1e
998a1e998a1e998a1e998a1e998a1e998a1e998a1e998a1e998a1e998a1e998a1e998a1e998a1e998a1e998a1e998a1e998a1e998a1e998a1e998a1e998a1e99
8a1e998a1e998a1e998a1e998a1e998a1e998a1e998a1e998a1e998a1e998a1e998a1e998a1e998a1e998a1e998a1e998a1e998a1e998a1e998a1e998a1e998a
1e998a1e998a1e998a1e998a1e998a1e998a1e998a1e998a1e998a1e998a1e998a1e998a1e998a1e998a1e998a1e998a1e998a1e998a1e998a1e998a1e988a1e
988a1e988a1e988a1e988a1e988a1e988a1e988a1e988a1e988a1e988a1e988a1e988a1e988a1e978a1e978a1e978a1e978a1e978a1e978a1e978a1e978a1f96
8b1f968b1f968b1f968b1f968b1f968b1f968b1f968b1f968b1f968b1f968b1f968b1f968b1f968b1f958b1f958b1f958b1f958b1f958b1f958b1f958b1f958b
1f948b1f948b1f948b1f948b1f948b1f948b1f948b1f938b1f938b1f938b1f938b1f938b1f938b1f938b20918c20918c20918c20918c20918c20918c20918c20
918c20908c20908c20908c20908c20908c20908c20908c208f8c208f8c208f8c208f8c208f8c208f8c208f8c218d8c218d8c218d8c218d8c218d8c218d8c218d
8c228b8d228b8d228b8d228b8d228b8d228b8d228b8d228b8d22898d22898d22898d22898d22898d22898d22898d23898d23898d23898d23898d23898d23898d
23898d23878d23878d23878d23878d23878d23878d23878d23878d24848d24848d24848d24848d24848d24848d24848d25828e25828e25828e25828e25828e25
828e25828e26808e26808e26808e26808e26808e26808e26808e26808e277d8e277d8e277d8e277d8e277d8e277d8e277d8e26808e26808e26808e26808e2680
8e26808e26808e25828e25828e25828e25828e25828e25828e25828e25828e24848d24848d24848d24848d24848d24848d24848d23878d23878d23878d23878d
23878d23878d23878d23898d23898d23898d23898d23898d23898d23898d23898d22898d22898d22898d22898d22898d22898d22898d228b8d228b8d228b8d22
8b8d228b8d228b8d228b8d218d8c218d8c218d8c218d8c218d8c218d8c218d8c208f8c208f8c208f8c208f8c208f8c208f8c208f8c208f8c20908c20908c2090
8c20908c20908c20908c20908c20918c20918c20918c20918c20918c20918c20918c1f938b1f938b1f938b1f938b1f938b1f938b1f938b1f938b1f948b1f948b
1f948b1f948b1f948b1f948b1f948b1f958b1f958b1f958b1f958b1f958b1f958b1f958b1f968b1f968b1f968b1f968b1f968b1f968b1f968b1f968b1f968b1f
968b1f968b1f968b1f968b1f968b1f968b1e978a1e978a1e978a1e978a1e978a1e978a1e978a1e988a1e988a1e988a1e988a1e988a1e988a1e988a1e988a1e98
8a1e988a1e988a1e988a1e988a1e988a1e988a1e998a1e998a1e998a1e998a1e998a1e998a1e998a1e998a1e998a1e998a1e998a1e998a1e998a1e998a1e998a
1e998a1e998a1e998a1e998a1e998a1e998a1e998a1e998a1e998a1e998a1e998a1e998a1e998a1e998a1e998a1e998a1e998a1e998a1e998a1e998a1e998a1e
998a1e998a1e998a1e998a1e998a1e998a1e998a1e998a1e998a1e998a1e998a1e998a1e998a1e998a1e998a1e998a1e998a1e998a1e998a1e998a1e998a1e99
8a1e998a1e998a1e998a1e998a1e998a1e998a1e998a1e998a1e998a1e998a1e998a1e998a1e998a1e998a1e998a1e998a1e998a1e998a1e998a1e998a1e998a
1e998a1e998a1e998a1e998a1e998a1e998a1e998a1e998a1e998a1e988a1e988a1e988a1e988a1e988a1e988a1e988a1e988a1e988a1e988a1e988a1e988a1e
988a1e988a1e978a1e978a1e978a1e978a1e978a1e978a1e978a1e978a1f968b1f968b1f968b1f968b1f968b1f968b1f968b1f968b1f968b1f968b1f968b1f96
8b1f968b1f968b1f958b1f958b1f958b1f958b1f958b1f958b1f958b1f958b1f948b1f948b1f948b1f948b1f948b1f948b1f948b1f938b1f938b1f938b1f938b
1f938b1f938b1f938b20918c20918c20918c20918c20918c20918c20918c20918c20908c20908c20908c20908c20908c20908c20908c208f8c208f8c208f8c20
8f8c208f8c208f8c208f8c218d8c218d8c218d8c218d8c218d8c218d8c218d8c228b8d228b8d228b8d228b8d228b8d228b8d228b8d228b8d22898d22898d2289
8d22898d22898d22898d22898d23898d23898d23898d23898d23898d23898d23898d23878d23878d23878d23878d23878d23878d23878d23878d24848d24848d
24848d24848d24848d24848d24848d25828e25828e25828e25828e25828e25828e25828e26808e26808e26808e26808e26808e26808e26808e26808e277d8e27
7d8e277d8e277d8e277d8e277d8e277d8e26808e26808e26808e26808e26808e26808e26808e25828e25828e25828e25828e25828e25828e25828e25828e2484
8d24848d24848d24848d24848d24848d24848d23878d23878d23878d23878d23878d23878d23878d23898d23898d23898d23898d23898d23898d23898d23898d
22898d22898d22898d22898d22898d22898d22898d228b8d228b8d228b8d228b8d228b8d228b8d228b8d218d8c218d8c218d8c218d8c218d8c218d8c218d8c20
8f8c208f8c208f8c208f8c208f8c208f8c208f8c208f8c20908c20908c20908c20908c20908c20908c20908c20918c20918c20918c20918c20918c20918c2091
8c1f938b1f938b1f938b1f938b1f938b1f938b1f938b1f938b1f948b1f948b1f948b1f948b1f948b1f948b1f948b1f958b1f958b1f958b1f958b1f958b1f958b
1f958b1f968b1f968b1f968b1f968b1f968b1f968b1f968b1f968b1f968b1f968b1f968b1f968b1f968b1f968b1f968b1e978a1e978a1e978a1e978a1e978a1e
978a1e978a1e988a1e988a1e988a1e988a1e988a1e988a1e988a1e988a1e988a1e988a1e988a1e988a1e988a1e988a1e988a1e998a1e998a1e998a1e998a1e99
8a1e998a1e998a1e998a1e998a1e998a1e998a1e998a1e998a1e998a1e998a1e998a1e998a1e998a1e998a1e998a1e998a1e998a1e998a1e998a1e998a1e998a
1e998a1e998a1e998a1e998a1e998a1e998a1e998a1e998a1e998a1e998a1e998a1e998a1e998a1e998a1e998a1e998a1e998a1e998a1e998a1e998a1e998a1e
998a1e998a1e998a1e998a1e998a1e998a1e998a1e998a1e998a1e998a1e998a1e998a1e998a1e998a1e998a1e998a1e998a1e998a1e998a1e998a1e998a1e99
8a1e998a1e998a1e998a1e998a1e998a1e998a1e998a1e998a1e998a1e998a1e998a1e998a1e998a1e998a1e998a1e998a1e998a1e998a1e998a1e988a1e988a
1e988a1e988a1e988a1e988a1e988a1e988a1e988a1e988a1e988a1e988a1e988a1e988a1e978a1e978a1e978a1e978a1e978a1e978a1e978a1e978a1f968b1f
968b1f968b1f968b1f968b1f968b1f968b1f968b1f968b1f968b1f968b1f968b1f968b1f968b1f958b1f958b1f958b1f958b1f958b1f958b1f958b1f958b1f94
8b1f948b1f948b1f948b1f948b1f948b1f948b1f938b1f938b1f938b1f938b1f938b1f938b1f938b20918c20918c20918c20918c20918c20918c20918c20918c
20908c20908c20908c20908c20908c20908c20908c208f8c208f8c208f8c208f8c208f8c208f8c208f8c218d8c218d8c218d8c218d8c218d8c218d8c218d8c22
8b8d228b8d228b8d228b8d228b8d228b8d228b8d228b8d22898d22898d22898d22898d22898d22898d22898d23898d23898d23898d23898d23898d23898d2389
8d23878d23878d23878d23878d23878d23878d23878d23878d24848d24848d24848d24848d24848d24848d24848d25828e25828e25828e25828e25828e25828e
25828e26808e26808e26808e26808e26808e26808e26808e26808e277d8e277d8e277d8e277d8e277d8e277d8e277d8e26808e26808e26808e26808e26808e26
808e26808e25828e25828e25828e25828e25828e25828e25828e25828e24848d24848d24848d24848d24848d24848d24848d23878d23878d23878d23878d2387
8d23878d23878d23898d23898d23898d23898d23898d23898d23898d23898d22898d22898d22898d22898d22898d22898d22898d228b8d228b8d228b8d228b8d
228b8d228b8d228b8d218d8c218d8c218d8c218d8c218d8c218d8c218d8c208f8c208f8c208f8c208f8c208f8c208f8c208f8c208f8c20908c20908c20908c20
908c20908c20908c20908c20918c20918c20918c20918c20918c20918c20918c1f938b1f938b1f938b1f938b1f938b1f938b1f938b1f938b1f948b1f948b1f94
8b1f948b1f948b1f948b1f948b1f958b1f958b1f958b1f958b1f958b1f958b1f958b1f968b1f968b1f968b1f968b1f968b1f968b1f968b1f968b1f968b1f968b
1f968b1f968b1f968b1f968b1f968b1e978a1e978a1e978a1e978a1e978a1e978a1e978a1e988a1e988a1e988a1e988a1e988a1e988a1e988a1e988a1e988a1e
988a1e988a1e988a1e988a1e988a1e988a1e998a1e998a1e998a1e998a1e998a1e998a1e998a1e998a1e998a1e998a1e998a1e998a1e998a1e998a1e998a1e99
8a1e998a1e998a1e998a1e998a1e998a1e998a1e998a1e998a1e998a1e998a1e998a1e998a1e998a1e998a1e998a1e998a1e998a1e998a1e998a1e998a1e998a
1e998a1e998a1e998a1e998a1e998a1e998a1e998a1e998a1e998a1e998a1e998a1e998a1e998a1e998a1e998a1e998a1e998a1e998a1e998a1e998a1e998a1e
998a1e998a1e998a1e998a1e998a1e998a1e998a1e998a1e998a1e998a1e998a1e998a1e998a1e998a1e998a1e998a1e998a1e998a1e998a1e998a1e998a1e99
8a1e998a1e998a1e998a1e998a1e998a1e998a1e998a1e998a1e988a1e988a1e988a1e988a1e988a1e988a1e988a1e988a1e988a1e988a1e988a1e988a1e988a
1e988a1e978a1e978a1e978a1e978a1e978a1e978a1e978a1e978a1f968b1f968b1f968b1f968b1f968b1f968b1f968b1f968b1f968b1f968b1f968b1f968b1f
968b1f968b1f958b1f958b1f958b1f958b1f958b1f958b1f958b1f958b1f948b1f948b1f948b1f948b1f948b1f948b1f948b1f938b1f938b1f938b1f938b1f93
8b1f938b1f938b20918c20918c20918c20918c20918c20918c20918c20918c20908c20908c20908c20908c20908c20908c20908c208f8c208f8c208f8c208f8c
208f8c208f8c208f8c218d8c218d8c218d8c218d8c218d8c218d8c218d8c228b8d228b8d228b8d228b8d228b8d228b8d228b8d228b8d22898d22898d22898d22
898d22898d22898d22898d23898d23898d23898d23898d23898d23898d23898d23878d23878d23878d23878d23878d23878d23878d23878d24848d24848d2484
8d24848d24848d24848d24848d25828e25828e25828e25828e25828e25828e25828e26808e26808e26808e26808e26808e26808e26808e26808e277d8e277d8e
277d8e277d8e277d8e277d8e277d8e26808e26808e26808e26808e26808e26808e26808e25828e25828e25828e25828e25828e25828e25828e25828e24848d24
848d24848d24848d24848d24848d24848d23878d23878d23878d23878d23878d23878d23878d23898d23898d23898d23898d23898d23898d23898d23898d2289
8d22898d22898d22898d22898d22898d22898d228b8d228b8d228b8d228b8d228b8d228b8d228b8d218d8c218d8c218d8c218d8c218d8c218d8c218d8c208f8c
208f8c208f8c208f8c208f8c208f8c208f8c208f8c20908c20908c20908c20908c20908c20908c20908c20918c20918c20918c20918c20918c20918c20918c1f
938b1f938b1f938b1f938b1f938b1f938b1f938b1f938b1f948b1f948b1f948b1f948b1f948b1f948b1f948b1f958b1f958b1f958b1f958b1f958b1f958b1f95
8b1f968b1f968b1f968b1f968b1f968b1f968b1f968b1f968b1f968b1f968b1f968b1f968b1f968b1f968b1f968b1e978a1e978a1e978a1e978a1e978a1e978a
1e978a1e988a1e988a1e988a1e988a1e988a1e988a1e988a1e988a1e988a1e988a1e988a1e988a1e988a1e988a1e988a1e998a1e998a1e998a1e998a1e998a1e
998a1e998a1e998a1e998a1e998a1e998a1e998a1e998a1e998a1e998a1e998a1e998a1e998a1e998a1e998a1e998a1e998a1e998a1e998a1e998a1e998a1e99
8a1e998a1e998a1e998a1e998a1e998a1e998a1e998a1e998a1e998a1e998a1e998a1e998a1e998a1e998a1e998a1e998a1e998a1e998a1e998a1e998a1e998a
1e998a1e998a1e998a1e998a1e998a1e998a1e998a1e998a1e998a1e998a1e998a1e998a1e998a1e998a1e998a1e998a1e998a1e998a1e998a1e998a1e998a1e
998a1e998a1e998a1e998a1e998a1e998a1e998a1e998a1e998a1e998a1e998a1e998a1e998a1e998a1e998a1e998a1e998a1e998a1e998a1e988a1e988a1e98
8a1e988a1e988a1e988a1e988a1e988a1e988a1e988a1e988a1e988a1e988a1e988a1e978a1e978a1e978a1e978a1e978a1e978a1e978a1e978a1f968b1f968b
1f968b1f968b1f968b1f968b1f968b1f968b1f968b1f968b1f968b1f968b1f968b1f968b1f958b1f958b1f958b1f958b1f958b1f958b1f958b1f958b1f948b1f
948b1f948b1f948b1f948b1f948b1f948b1f938b1f938b1f938b1f938b1f938b1f938b1f938b20918c20918c20918c20918c20918c20918c20918c20918c2090
8c20908c20908c20908c20908c20908c20908c208f8c208f8c208f8c208f8c208f8c208f8c208f8c218d8c218d8c218d8c218d8c218d8c218d8c218d8c228b8d
228b8d228b8d228b8d228b8d228b8d228b8d228b8d22898d22898d22898d22898d22898d22898d22898d23898d23898d23898d23898d23898d23898d23898d23
878d23878d23878d23878d23878d23878d23878d23878d24848d24848d24848d24848d24848d24848d24848d25828e25828e25828e25828e25828e25828e2582
8e26808e26808e26808e26808e26808e26808e26808e26808e277d8e277d8e277d8e277d8e277d8e277d8e277d8e287b8e287b8e287b8e287b8e287b8e287b8e
287b8e277d8e277d8e277d8e277d8e277d8e277d8e277d8e277d8e267f8e267f8e267f8e267f8e267f8e267f8e267f8e26818e26818e26818e26818e26818e26
818e26818e25838d25838d25838d25838d25838d25838d25838d25838d24858d24858d24858d24858d24858d24858d24858d23878d23878d23878d23878d2387
8d23878d23878d23898d23898d23898d23898d23898d23898d23898d22898d22898d22898d22898d22898d22898d22898d22898d228b8d228b8d228b8d228b8d
228b8d228b8d228b8d218c8d218c8d218c8d218c8d218c8d218c8d218c8d218d8c218d8c218d8c218d8c218d8c218d8c218d8c218d8c218e8c218e8c218e8c21
8e8c218e8c218e8c218e8c208f8c208f8c208f8c208f8c208f8c208f8c208f8c20908c20908c20908c20908c20908c20908c20908c20908c20918c20918c2091
8c20918c20918c20918c20918c1f928c1f928c1f928c1f928c1f928c1f928c1f928c1f928c1f928c1f928c1f928c1f928c1f928c1f928c1f928c1f938b1f938b
1f938b1f938b1f938b1f938b1f938b1f938b1f938b1f938b1f938b1f938b1f938b1f938b1f948b1f948b1f948b1f948b1f948b1f948b1f948b1f948b1f948b1f
948b1f948b1f948b1f948b1f948b1f948b1f948b1f948b1f948b1f948b1f948b1f948b1f948b1f948b1f948b1f948b1f948b1f948b1f948b1f948b1f948b1f95
8b1f958b1f958b1f958b1f958b1f958b1f958b1f958b1f958b1f958b1f958b1f958b1f958b1f958b1f948b1f948b1f948b1f948b1f948b1f948b1f948b1f948b
1f948b1f948b1f948b1f948b1f948b1f948b1f948b1f948b1f948b1f948b1f948b1f948b1f948b1f948b1f948b1f948b1f948b1f948b1f948b1f948b1f948b1f
938b1f938b1f938b1f938b1f938b1f938b1f938b1f938b1f938b1f938b1f938b1f938b1f938b1f938b1f938b1f928c1f928c1f928c1f928c1f928c1f928c1f92
8c1f928c1f928c1f928c1f928c1f928c1f928c1f928c1f928c20918c20918c20918c20918c20918c20918c20918c20908c20908c20908c20908c20908c20908c
20908c208f8c208f8c208f8c208f8c208f8c208f8c208f8c208f8c218e8c218e8c218e8c218e8c218e8c218e8c218e8c218d8c218d8c218d8c218d8c218d8c21
8d8c218d8c218c8d218c8d218c8d218c8d218c8d218c8d218c8d218c8d228b8d228b8d228b8d228b8d228b8d228b8d228b8d22898d22898d22898d22898d2289
8d22898d22898d23898d23898d23898d23898d23898d23898d23898d23878d23878d23878d23878d23878d23878d23878d23878d24858d24858d24858d24858d
24858d24858d24858d25838d25838d25838d25838d25838d25838d25838d26818e26818e26818e26818e26818e26818e26818e26818e267f8e267f8e267f8e26
7f8e267f8e267f8e267f8e277d8e277d8e277d8e277d8e277d8e277d8e277d8e287b8e287b8e287b8e287b8e287b8e287b8e287b8e287b8e29798e29798e2979
8e29798e29798e29798e29798e287b8e287b8e287b8e287b8e287b8e287b8e287b8e277d8e277d8e277d8e277d8e277d8e277d8e277d8e277d8e267f8e267f8e
267f8e267f8e267f8e267f8e267f8e26818e26818e26818e26818e26818e26818e26818e25838d25838d25838d25838d25838d25838d25838d25838d24858d24
858d24858d24858d24858d24858d24858d23878d23878d23878d23878d23878d23878d23878d23898d23898d23898d23898d23898d23898d23898d22898d2289
8d22898d22898d22898d22898d22898d22898d228b8d228b8d228b8d228b8d228b8d228b8d228b8d218c8d218c8d218c8d218c8d218c8d218c8d218c8d218d8c
218d8c218d8c218d8c218d8c218d8c218d8c218d8c218e8c218e8c218e8c218e8c218e8c218e8c218e8c208f8c208f8c208f8c208f8c208f8c208f8c208f8c20
908c20908c20908c20908c20908c20908c20908c20908c20918c20918c20918c20918c20918c20918c20918c1f928c1f928c1f928c1f928c1f928c1f928c1f92
8c1f928c1f928c1f928c1f928c1f928c1f928c1f928c1f928c1f938b1f938b1f938b1f938b1f938b1f938b1f938b1f938b1f938b1f938b1f938b1f938b1f938b
1f938b1f948b1f948b1f948b1f948b1f948b1f948b1f948b1f948b1f948b1f948b1f948b1f948b1f948b1f948b1f948b1f948b1f948b1f948b1f948b1f948b1f
948b1f948b1f948b1f948b1f948b1f948b1f948b1f948b1f948b1f948b1f958b1f958b1f958b1f958b1f958b1f958b1f958b1f958b1f958b1f958b1f958b1f95
8b1f958b1f958b1f948b1f948b1f948b1f948b1f948b1f948b1f948b1f948b1f948b1f948b1f948b1f948b1f948b1f948b1f948b1f948b1f948b1f948b1f948b
1f948b1f948b1f948b1f948b1f948b1f948b1f948b1f948b1f948b1f948b1f938b1f938b1f938b1f938b1f938b1f938b1f938b1f938b1f938b1f938b1f938b1f
938b1f938b1f938b1f938b1f928c1f928c1f928c1f928c1f928c1f928c1f928c1f928c1f928c1f928c1f928c1f928c1f928c1f928c1f928c20918c20918c2091
8c20918c20918c20918c20918c20908c20908c20908c20908c20908c20908c20908c208f8c208f8c208f8c208f8c208f8c208f8c208f8c208f8c218e8c218e8c
218e8c218e8c218e8c218e8c218e8c218d8c218d8c218d8c218d8c218d8c218d8c218d8c218c8d218c8d218c8d218c8d218c8d218c8d218c8d218c8d228b8d22
8b8d228b8d228b8d228b8d228b8d228b8d22898d22898d22898d22898d22898d22898d22898d23898d23898d23898d23898d23898d23898d23898d23878d2387
8d23878d23878d23878d23878d23878d23878d24858d24858d24858d24858d24858d24858d24858d25838d25838d25838d25838d25838d25838d25838d26818e
26818e26818e26818e26818e26818e26818e26818e267f8e267f8e267f8e267f8e267f8e267f8e267f8e277d8e277d8e277d8e277d8e277d8e277d8e277d8e28
7b8e287b8e287b8e287b8e287b8e287b8e287b8e287b8e29798e29798e29798e29798e29798e29798e29798e287b8e287b8e287b8e287b8e287b8e287b8e287b
8e277d8e277d8e277d8e277d8e277d8e277d8e277d8e277d8e267f8e267f8e267f8e267f8e267f8e267f8e267f8e26818e26818e26818e26818e26818e26818e
26818e25838d25838d25838d25838d25838d25838d25838d25838d24858d24858d24858d24858d24858d24858d24858d23878d23878d23878d23878d23878d23
878d23878d23898d23898d23898d23898d23898d23898d23898d22898d22898d22898d22898d22898d22898d22898d22898d228b8d228b8d228b8d228b8d228b
8d228b8d228b8d218c8d218c8d218c8d218c8d218c8d218c8d218c8d218d8c218d8c218d8c218d8c218d8c218d8c218d8c218d8c218e8c218e8c218e8c218e8c
218e8c218e8c218e8c208f8c208f8c208f8c208f8c208f8c208f8c208f8c20908c20908c20908c20908c20908c20908c20908c20908c20918c20918c20918c20
918c20918c20918c20918c1f928c1f928c1f928c1f928c1f928c1f928c1f928c1f928c1f928c1f928c1f928c1f928c1f928c1f928c1f928c1f938b1f938b1f93
8b1f938b1f938b1f938b1f938b1f938b1f938b1f938b1f938b1f938b1f938b1f938b1f948b1f948b1f948b1f948b1f948b1f948b1f948b1f948b1f948b1f948b
1f948b1f948b1f948b1f948b1f948b1f948b1f948b1f948b1f948b1f948b1f948b1f948b1f948b1f948b1f948b1f948b1f948b1f948b1f948b1f948b1f958b1f
958b1f958b1f958b1f958b1f958b1f958b1f958b1f958b1f958b1f958b1f958b1f958b1f958b1f948b1f948b1f948b1f948b1f948b1f948b1f948b1f948b1f94
8b1f948b1f948b1f948b1f948b1f948b1f948b1f948b1f948b1f948b1f948b1f948b1f948b1f948b1f948b1f948b1f948b1f948b1f948b1f948b1f948b1f938b
1f938b1f938b1f938b1f938b1f938b1f938b1f938b1f938b1f938b1f938b1f938b1f938b1f938b1f938b1f928c1f928c1f928c1f928c1f928c1f928c1f928c1f
928c1f928c1f928c1f928c1f928c1f928c1f928c1f928c20918c20918c20918c20918c20918c20918c20918c20908c20908c20908c20908c20908c20908c2090
8c208f8c208f8c208f8c208f8c208f8c208f8c208f8c208f8c218e8c218e8c218e8c218e8c218e8c218e8c218e8c218d8c218d8c218d8c218d8c218d8c218d8c
218d8c218c8d218c8d218c8d218c8d218c8d218c8d218c8d218c8d228b8d228b8d228b8d228b8d228b8d228b8d228b8d22898d22898d22898d22898d22898d22
898d22898d23898d23898d23898d23898d23898d23898d23898d23878d23878d23878d23878d23878d23878d23878d23878d24858d24858d24858d24858d2485
8d24858d24858d25838d25838d25838d25838d25838d25838d25838d26818e26818e26818e26818e26818e26818e26818e26818e267f8e267f8e267f8e267f8e
267f8e267f8e267f8e277d8e277d8e277d8e277d8e277d8e277d8e277d8e287b8e287b8e287b8e287b8e287b8e287b8e287b8e287b8e29798e29798e29798e29
798e29798e29798e29798e287b8e287b8e287b8e287b8e287b8e287b8e287b8e277d8e277d8e277d8e277d8e277d8e277d8e277d8e277d8e267f8e267f8e267f
8e267f8e267f8e267f8e267f8e26818e26818e26818e26818e26818e26818e26818e25838d25838d25838d25838d25838d25838d25838d25838d24858d24858d
24858d24858d24858d24858d24858d23878d23878d23878d23878d23878d23878d23878d23898d23898d23898d23898d23898d23898d23898d22898d22898d22
898d22898d22898d22898d22898d22898d228b8d228b8d228b8d228b8d228b8d228b8d228b8d218c8d218c8d218c8d218c8d218c8d218c8d218c8d218d8c218d
8c218d8c218d8c218d8c218d8c218d8c218d8c218e8c218e8c218e8c218e8c218e8c218e8c218e8c208f8c208f8c208f8c208f8c208f8c208f8c208f8c20908c
20908c20908c20908c20908c20908c20908c20908c20918c20918c20918c20918c20918c20918c20918c1f928c1f928c1f928c1f928c1f928c1f928c1f928c1f
928c1f928c1f928c1f928c1f928c1f928c1f928c1f928c1f938b1f938b1f938b1f938b1f938b1f938b1f938b1f938b1f938b1f938b1f938b1f938b1f938b1f93
8b1f948b1f948b1f948b1f948b1f948b1f948b1f948b1f948b1f948b1f948b1f948b1f948b1f948b1f948b1f948b1f948b1f948b1f948b1f948b1f948b1f948b
1f948b1f948b1f948b1f948b1f948b1f948b1f948b1f948b1f948b1f958b1f958b1f958b1f958b1f958b1f958b1f958b1f958b1f958b1f958b1f958b1f958b1f
958b1f958b1f948b1f948b1f948b1f948b1f948b1f948b1f948b1f948b1f948b1f948b1f948b1f948b1f948b1f948b1f948b1f948b1f948b1f948b1f948b1f94
8b1f948b1f948b1f948b1f948b1f948b1f948b1f948b1f948b1f948b1f938b1f938b1f938b1f938b1f938b1f938b1f938b1f938b1f938b1f938b1f938b1f938b
1f938b1f938b1f938b1f928c1f928c1f928c1f928c1f928c1f928c1f928c1f928c1f928c1f928c1f928c1f928c1f928c1f928c1f928c20918c20918c20918c20
918c20918c20918c20918c20908c20908c20908c20908c20908c20908c20908c208f8c208f8c208f8c208f8c208f8c208f8c208f8c208f8c218e8c218e8c218e
8c218e8c218e8c218e8c218e8c218d8c218d8c218d8c218d8c218d8c218d8c218d8c218c8d218c8d218c8d218c8d218c8d218c8d218c8d218c8d228b8d228b8d
228b8d228b8d228b8d228b8d228b8d22898d22898d22898d22898d22898d22898d22898d23898d23898d23898d23898d23898d23898d23898d23878d23878d23
878d23878d23878d23878d23878d23878d24858d24858d24858d24858d24858d24858d24858d25838d25838d25838d25838d25838d25838d25838d26818e2681
8e26818e26818e26818e26818e26818e26818e267f8e267f8e267f8e267f8e267f8e267f8e267f8e277d8e277d8e277d8e277d8e277d8e277d8e277d8e287b8e
287b8e287b8e287b8e287b8e287b8e287b8e287b8e29798e29798e29798e29798e29798e29798e29798e287b8e287b8e287b8e287b8e287b8e287b8e287b8e27
7d8e277d8e277d8e277d8e277d8e277d8e277d8e277d8e267f8e267f8e267f8e267f8e267f8e267f8e267f8e26818e26818e26818e26818e26818e26818e2681
8e25838d25838d25838d25838d25838d25838d25838d25838d24858d24858d24858d24858d24858d24858d24858d23878d23878d23878d23878d23878d23878d
23878d23898d23898d23898d23898d23898d23898d23898d22898d22898d22898d22898d22898d22898d22898d22898d228b8d228b8d228b8d228b8d228b8d22
8b8d228b8d218c8d218c8d218c8d218c8d218c8d218c8d218c8d218d8c218d8c218d8c218d8c218d8c218d8c218d8c218d8c218e8c218e8c218e8c218e8c218e
8c218e8c218e8c208f8c208f8c208f8c208f8c208f8c208f8c208f8c20908c20908c20908c20908c20908c20908c20908c20908c20918c20918c20918c20918c
20918c20918c20918c1f928c1f928c1f928c1f928c1f928c1f928c1f928c1f928c1f928c1f928c1f928c1f928c1f928c1f928c1f928c1f938b1f938b1f938b1f
938b1f938b1f938b1f938b1f938b1f938b1f938b1f938b1f938b1f938b1f938b1f948b1f948b1f948b1f948b1f948b1f948b1f948b1f948b1f948b1f948b1f94
8b1f948b1f948b1f948b1f948b1f948b1f948b1f948b1f948b1f948b1f948b1f948b1f948b1f948b1f948b1f948b1f948b1f948b1f948b1f948b1f958b1f958b
1f958b1f958b1f958b1f958b1f958b1f958b1f958b1f958b1f958b1f958b1f958b1f958b1f948b1f948b1f948b1f948b1f948b1f948b1f948b1f948b1f948b1f
948b1f948b1f948b1f948b1f948b1f948b1f948b1f948b1f948b1f948b1f948b1f948b1f948b1f948b1f948b1f948b1f948b1f948b1f948b1f948b1f938b1f93
8b1f938b1f938b1f938b1f938b1f938b1f938b1f938b1f938b1f938b1f938b1f938b1f938b1f938b1f928c1f928c1f928c1f928c1f928c1f928c1f928c1f928c
1f928c1f928c1f928c1f928c1f928c1f928c1f928c20918c20918c20918c20918c20918c20918c20918c20908c20908c20908c20908c20908c20908c20908c20
8f8c208f8c208f8c208f8c208f8c208f8c208f8c208f8c218e8c218e8c218e8c218e8c218e8c218e8c218e8c218d8c218d8c218d8c218d8c218d8c218d8c218d
8c218c8d218c8d218c8d218c8d218c8d218c8d218c8d218c8d228b8d228b8d228b8d228b8d228b8d228b8d228b8d22898d22898d22898d22898d22898d22898d
22898d23898d23898d23898d23898d23898d23898d23898d23878d23878d23878d23878d23878d23878d23878d23878d24858d24858d24858d24858d24858d24
858d24858d25838d25838d25838d25838d25838d25838d25838d26818e26818e26818e26818e26818e26818e26818e26818e267f8e267f8e267f8e267f8e267f
8e267f8e267f8e277d8e277d8e277d8e277d8e277d8e277d8e277d8e287b8e287b8e287b8e287b8e287b8e287b8e287b8e287b8e29798e29798e29798e29798e
29798e29798e29798e287b8e287b8e287b8e287b8e287b8e287b8e287b8e277d8e277d8e277d8e277d8e277d8e277d8e277d8e277d8e267f8e267f8e267f8e26
7f8e267f8e267f8e267f8e26818e26818e26818e26818e26818e26818e26818e25838d25838d25838d25838d25838d25838d25838d25838d24858d24858d2485
8d24858d24858d24858d24858d23878d23878d23878d23878d23878d23878d23878d23898d23898d23898d23898d23898d23898d23898d22898d22898d22898d
22898d22898d22898d22898d22898d228b8d228b8d228b8d228b8d228b8d228b8d228b8d218c8d218c8d218c8d218c8d218c8d218c8d218c8d218d8c218d8c21
8d8c218d8c218d8c218d8c218d8c218d8c218e8c218e8c218e8c218e8c218e8c218e8c218e8c208f8c208f8c208f8c208f8c208f8c208f8c208f8c20908c2090
8c20908c20908c20908c20908c20908c20908c20918c20918c20918c20918c20918c20918c20918c1f928c1f928c1f928c1f928c1f928c1f928c1f928c1f928c
1f928c1f928c1f928c1f928c1f928c1f928c1f928c1f938b1f938b1f938b1f938b1f938b1f938b1f938b1f938b1f938b1f938b1f938b1f938b1f938b1f938b1f
948b1f948b1f948b1f948b1f948b1f948b1f948b1f948b1f948b1f948b1f948b1f948b1f948b1f948b1f948b1f948b1f948b1f948b1f948b1f948b1f948b1f94
8b1f948b1f948b1f948b1f948b1f948b1f948b1f948b1f948b1f958b1f958b1f958b1f958b1f958b1f958b1f958b1f958b1f958b1f958b1f958b1f958b1f958b
1f958b1f948b1f948b1f948b1f948b1f948b1f948b1f948b1f948b1f948b1f948b1f948b1f948b1f948b1f948b1f948b1f948b1f948b1f948b1f948b1f948b1f
948b1f948b1f948b1f948b1f948b1f948b1f948b1f948b1f948b1f938b1f938b1f938b1f938b1f938b1f938b1f938b1f938b1f938b1f938b1f938b1f938b1f93
8b1f938b1f938b1f928c1f928c1f928c1f928c1f928c1f928c1f928c1f928c1f928c1f928c1f928c1f928c1f928c1f928c1f928c20918c20918c20918c20918c
20918c20918c20918c20908c20908c20908c20908c20908c20908c20908c208f8c208f8c208f8c208f8c208f8c208f8c208f8c208f8c218e8c218e8c218e8c21
8e8c218e8c218e8c218e8c218d8c218d8c218d8c218d8c218d8c218d8c218d8c218c8d218c8d218c8d218c8d218c8d218c8d218c8d218c8d228b8d228b8d228b
8d228b8d228b8d228b8d228b8d22898d22898d22898d22898d22898d22898d22898d23898d23898d23898d23898d23898d23898d23898d23878d23878d23878d
23878d23878d23878d23878d23878d24858d24858d24858d24858d24858d24858d24858d25838d25838d25838d25838d25838d25838d25838d26818e26818e26
818e26818e26818e26818e26818e26818e267f8e267f8e267f8e267f8e267f8e267f8e267f8e277d8e277d8e277d8e277d8e277d8e277d8e277d8e287b8e287b
8e287b8e287b8e287b8e287b8e287b8e287b8e29798e29798e29798e29798e29798e29798e29798e287b8e287b8e287b8e287b8e287b8e287b8e287b8e277d8e
277d8e277d8e277d8e277d8e277d8e277d8e277d8e267f8e267f8e267f8e267f8e267f8e267f8e267f8e26818e26818e26818e26818e26818e26818e26818e25
838d25838d25838d25838d25838d25838d25838d25838d24858d24858d24858d24858d24858d24858d24858d23878d23878d23878d23878d23878d23878d2387
8d23898d23898d23898d23898d23898d23898d23898d22898d22898d22898d22898d22898d22898d22898d22898d228b8d228b8d228b8d228b8d228b8d228b8d
228b8d218c8d218c8d218c8d218c8d218c8d218c8d218c8d218d8c218d8c218d8c218d8c218d8c218d8c218d8c218d8c218e8c218e8c218e8c218e8c218e8c21
8e8c218e8c208f8c208f8c208f8c208f8c208f8c208f8c208f8c20908c20908c20908c20908c20908c20908c20908c20908c20918c20918c20918c20918c2091
8c20918c20918c1f928c1f928c1f928c1f928c1f928c1f928c1f928c1f928c1f928c1f928c1f928c1f928c1f928c1f928c1f928c1f938b1f938b1f938b1f938b
1f938b1f938b1f938b1f938b1f938b1f938b1f938b1f938b1f938b1f938b1f948b1f948b1f948b1f948b1f948b1f948b1f948b1f948b1f948b1f948b1f948b1f
948b1f948b1f948b1f948b1f948b1f948b1f948b1f948b1f948b1f948b1f948b1f948b1f948b1f948b1f948b1f948b1f948b1f948b1f948b1f958b1f958b1f95
8b1f958b1f958b1f958b1f958b1f958b1f958b1f958b1f958b1f958b1f958b1f958b1f948b1f948b1f948b1f948b1f948b1f948b1f948b1f948b1f948b1f948b
1f948b1f948b1f948b1f948b1f948b1f948b1f948b1f948b1f948b1f948b1f948b1f948b1f948b1f948b1f948b1f948b1f948b1f948b1f948b1f938b1f938b1f
938b1f938b1f938b1f938b1f938b1f938b1f938b1f938b1f938b1f938b1f938b1f938b1f938b1f928c1f928c1f928c1f928c1f928c1f928c1f928c1f928c1f92
8c1f928c1f928c1f928c1f928c1f928c1f928c20918c20918c20918c20918c20918c20918c20918c20908c20908c20908c20908c20908c20908c20908c208f8c
208f8c208f8c208f8c208f8c208f8c208f8c208f8c218e8c218e8c218e8c218e8c218e8c218e8c218e8c218d8c218d8c218d8c218d8c218d8c218d8c218d8c21
8c8d218c8d218c8d218c8d218c8d218c8d218c8d218c8d228b8d228b8d228b8d228b8d228b8d228b8d228b8d22898d22898d22898d22898d22898d22898d2289
8d23898d23898d23898d23898d23898d23898d23898d23878d23878d23878d23878d23878d23878d23878d23878d24858d24858d24858d24858d24858d24858d
24858d25838d25838d25838d25838d25838d25838d25838d26818e26818e26818e26818e26818e26818e26818e26818e267f8e267f8e267f8e267f8e267f8e26
7f8e267f8e277d8e277d8e277d8e277d8e277d8e277d8e277d8e287b8e287b8e287b8e287b8e287b8e287b8e287b8e287b8e29798e29798e29798e29798e2979
8e29798e29798e287b8e287b8e287b8e287b8e287b8e287b8e287b8e277d8e277d8e277d8e277d8e277d8e277d8e277d8e277d8e267f8e267f8e267f8e267f8e
267f8e267f8e267f8e26818e26818e26818e26818e26818e26818e26818e25838d25838d25838d25838d25838d25838d25838d25838d24858d24858d24858d24
858d24858d24858d24858d23878d23878d23878d23878d23878d23878d23878d23898d23898d23898d23898d23898d23898d23898d22898d22898d22898d2289
8d22898d22898d22898d22898d228b8d228b8d228b8d228b8d228b8d228b8d228b8d218c8d218c8d218c8d218c8d218c8d218c8d218c8d218d8c218d8c218d8c
218d8c218d8c218d8c218d8c218d8c218e8c218e8c218e8c218e8c218e8c218e8c218e8c208f8c208f8c208f8c208f8c208f8c208f8c208f8c20908c20908c20
908c20908c20908c20908c20908c20908c20918c20918c20918c20918c20918c20918c20918c1f928c1f928c1f928c1f928c1f928c1f928c1f928c1f928c1f92
8c1f928c1f928c1f928c1f928c1f928c1f928c1f938b1f938b1f938b1f938b1f938b1f938b1f938b1f938b1f938b1f938b1f938b1f938b1f938b1f938b1f948b
1f948b1f948b1f948b1f948b1f948b1f948b1f948b1f948b1f948b1f948b1f948b1f948b1f948b1f948b1f948b1f948b1f948b1f948b1f948b1f948b1f948b1f
948b1f948b1f948b1f948b1f948b1f948b1f948b1f948b1f958b1f958b1f958b1f958b1f958b1f958b1f958b1f958b1f958b1f958b1f958b1f958b1f958b1f95
8b1f948b1f948b1f948b1f948b1f948b1f948b1f948b1f948b1f948b1f948b1f948b1f948b1f948b1f948b1f948b1f948b1f948b1f948b1f948b1f948b1f948b
1f948b1f948b1f948b1f948b1f948b1f948b1f948b1f948b1f938b1f938b1f938b1f938b1f938b1f938b1f938b1f938b1f938b1f938b1f938b1f938b1f938b1f
938b1f938b1f928c1f928c1f928c1f928c1f928c1f928c1f928c1f928c1f928c1f928c1f928c1f928c1f928c1f928c1f928c20918c20918c20918c20918c2091
8c20918c20918c20908c20908c20908c20908c20908c20908c20908c208f8c208f8c208f8c208f8c208f8c208f8c208f8c208f8c218e8c218e8c218e8c218e8c
218e8c218e8c218e8c218d8c218d8c218d8c218d8c218d8c218d8c218d8c218c8d218c8d218c8d218c8d218c8d218c8d218c8d218c8d228b8d228b8d228b8d22
8b8d228b8d228b8d228b8d22898d22898d22898d22898d22898d22898d22898d23898d23898d23898d23898d23898d23898d23898d23878d23878d23878d2387
8d23878d23878d23878d23878d24858d24858d24858d24858d24858d24858d24858d25838d25838d25838d25838d25838d25838d25838d26818e26818e26818e
26818e26818e26818e26818e26818e267f8e267f8e267f8e267f8e267f8e267f8e267f8e277d8e277d8e277d8e277d8e277d8e277d8e277d8e287b8e287b8e28
7b8e287b8e287b8e287b8e287b8e287b8e29798e29798e29798e29798e29798e29798e29798e2a778e2a778e2a778e2a778e2a778e2a778e2a778e29798e2979
8e29798e29798e29798e29798e29798e29798e287a8e287a8e287a8e287a8e287a8e287a8e287a8e277c8e277c8e277c8e277c8e277c8e277c8e277c8e277e8e
277e8e277e8e277e8e277e8e277e8e277e8e277e8e26808e26808e26808e26808e26808e26808e26808e25828e25828e25828e25828e25828e25828e25828e25
838d25838d25838d25838d25838d25838d25838d24858d24858d24858d24858d24858d24858d24858d24858d24868d24868d24868d24868d24868d24868d2486
8d23878d23878d23878d23878d23878d23878d23878d23898d23898d23898d23898d23898d23898d23898d23898d22898d22898d22898d22898d22898d22898d
22898d228a8d228a8d228a8d228a8d228a8d228a8d228a8d228b8d228b8d228b8d228b8d228b8d228b8d228b8d228b8d218c8d218c8d218c8d218c8d218c8d21
8c8d218c8d218c8d218c8d218c8d218c8d218c8d218c8d218c8d218d8c218d8c218d8c218d8c218d8c218d8c218d8c218d8c218d8c218d8c218d8c218d8c218d
8c218d8c218d8c218e8c218e8c218e8c218e8c218e8c218e8c218e8c218e8c218e8c218e8c218e8c218e8c218e8c218e8c218e8c208f8c208f8c208f8c208f8c
208f8c208f8c208f8c208f8c208f8c208f8c208f8c208f8c208f8c208f8c208f8c208f8c208f8c208f8c208f8c208f8c208f8c208f8c208f8c208f8c208f8c20
8f8c208f8c208f8c208f8c208f8c208f8c208f8c208f8c208f8c208f8c208f8c208f8c208f8c208f8c208f8c208f8c208f8c208f8c208f8c208f8c208f8c208f
8c208f8c208f8c208f8c208f8c208f8c208f8c208f8c208f8c208f8c208f8c208f8c218e8c218e8c218e8c218e8c218e8c218e8c218e8c218e8c218e8c218e8c
218e8c218e8c218e8c218e8c218e8c218d8c218d8c218d8c218d8c218d8c218d8c218d8c218d8c218d8c218d8c218d8c218d8c218d8c218d8c218c8d218c8d21
8c8d218c8d218c8d218c8d218c8d218c8d218c8d218c8d218c8d218c8d218c8d218c8d218c8d228b8d228b8d228b8d228b8d228b8d228b8d228b8d228a8d228a
8d228a8d228a8d228a8d228a8d228a8d228a8d22898d22898d22898d22898d22898d22898d22898d23898d23898d23898d23898d23898d23898d23898d23878d
23878d23878d23878d23878d23878d23878d23878d24868d24868d24868d24868d24868d24868d24868d24858d24858d24858d24858d24858d24858d24858d25
838d25838d25838d25838d25838d25838d25838d25828e25828e25828e25828e25828e25828e25828e25828e26808e26808e26808e26808e26808e26808e2680
8e277e8e277e8e277e8e277e8e277e8e277e8e277e8e277c8e277c8e277c8e277c8e277c8e277c8e277c8e277c8e287a8e287a8e287a8e287a8e287a8e287a8e
287a8e29798e29798e29798e29798e29798e29798e29798e2a778e2a778e2a778e2a778e2a778e2a778e2a778e2a778e2b748e2b748e2b748e2b748e2b748e2b
748e2b748e2a778e2a778e2a778e2a778e2a778e2a778e2a778e29798e29798e29798e29798e29798e29798e29798e29798e287a8e287a8e287a8e287a8e287a
8e287a8e287a8e277c8e277c8e277c8e277c8e277c8e277c8e277c8e277e8e277e8e277e8e277e8e277e8e277e8e277e8e277e8e26808e26808e26808e26808e
26808e26808e26808e25828e25828e25828e25828e25828e25828e25828e25838d25838d25838d25838d25838d25838d25838d24858d24858d24858d24858d24
858d24858d24858d24858d24868d24868d24868d24868d24868d24868d24868d23878d23878d23878d23878d23878d23878d23878d23898d23898d23898d2389
8d23898d23898d23898d23898d22898d22898d22898d22898d22898d22898d22898d228a8d228a8d228a8d228a8d228a8d228a8d228a8d228b8d228b8d228b8d
228b8d228b8d228b8d228b8d228b8d218c8d218c8d218c8d218c8d218c8d218c8d218c8d218c8d218c8d218c8d218c8d218c8d218c8d218c8d218d8c218d8c21
8d8c218d8c218d8c218d8c218d8c218d8c218d8c218d8c218d8c218d8c218d8c218d8c218d8c218e8c218e8c218e8c218e8c218e8c218e8c218e8c218e8c218e
8c218e8c218e8c218e8c218e8c218e8c218e8c208f8c208f8c208f8c208f8c208f8c208f8c208f8c208f8c208f8c208f8c208f8c208f8c208f8c208f8c208f8c
208f8c208f8c208f8c208f8c208f8c208f8c208f8c208f8c208f8c208f8c208f8c208f8c208f8c208f8c208f8c208f8c208f8c208f8c208f8c208f8c208f8c20
8f8c208f8c208f8c208f8c208f8c208f8c208f8c208f8c208f8c208f8c208f8c208f8c208f8c208f8c208f8c208f8c208f8c208f8c208f8c208f8c208f8c208f
8c218e8c218e8c218e8c218e8c218e8c218e8c218e8c218e8c218e8c218e8c218e8c218e8c218e8c218e8c218e8c218d8c218d8c218d8c218d8c218d8c218d8c
218d8c218d8c218d8c218d8c218d8c218d8c218d8c218d8c218c8d218c8d218c8d218c8d218c8d218c8d218c8d218c8d218c8d218c8d218c8d218c8d218c8d21
8c8d218c8d228b8d228b8d228b8d228b8d228b8d228b8d228b8d228a8d228a8d228a8d228a8d228a8d228a8d228a8d228a8d22898d22898d22898d22898d2289
8d22898d22898d23898d23898d23898d23898d23898d23898d23898d23878d23878d23878d23878d23878d23878d23878d23878d24868d24868d24868d24868d
24868d24868d24868d24858d24858d24858d24858d24858d24858d24858d25838d25838d25838d25838d25838d25838d25838d25828e25828e25828e25828e25
828e25828e25828e25828e26808e26808e26808e26808e26808e26808e26808e277e8e277e8e277e8e277e8e277e8e277e8e277e8e277c8e277c8e277c8e277c
8e277c8e277c8e277c8e277c8e287a8e287a8e287a8e287a8e287a8e287a8e287a8e29798e29798e29798e29798e29798e29798e29798e2a778e2a778e2a778e
2a778e2a778e2a778e2a778e2a778e2b748e2b748e2b748e2b748e2b748e2b748e2b748e2a778e2a778e2a778e2a778e2a778e2a778e2a778e29798e29798e29
798e29798e29798e29798e29798e29798e287a8e287a8e287a8e287a8e287a8e287a8e287a8e277c8e277c8e277c8e277c8e277c8e277c8e277c8e277e8e277e
8e277e8e277e8e277e8e277e8e277e8e277e8e26808e26808e26808e26808e26808e26808e26808e25828e25828e25828e25828e25828e25828e25828e25838d
25838d25838d25838d25838d25838d25838d24858d24858d24858d24858d24858d24858d24858d24858d24868d24868d24868d24868d24868d24868d24868d23
878d23878d23878d23878d23878d23878d23878d23898d23898d23898d23898d23898d23898d23898d23898d22898d22898d22898d22898d22898d22898d2289
8d228a8d228a8d228a8d228a8d228a8d228a8d228a8d228b8d228b8d228b8d228b8d228b8d228b8d228b8d228b8d218c8d218c8d218c8d218c8d218c8d218c8d
218c8d218c8d218c8d218c8d218c8d218c8d218c8d218c8d218d8c218d8c218d8c218d8c218d8c218d8c218d8c218d8c218d8c218d8c218d8c218d8c218d8c21
8d8c218d8c218e8c218e8c218e8c218e8c218e8c218e8c218e8c218e8c218e8c218e8c218e8c218e8c218e8c218e8c218e8c208f8c208f8c208f8c208f8c208f
8c208f8c208f8c208f8c208f8c208f8c208f8c208f8c208f8c208f8c208f8c208f8c208f8c208f8c208f8c208f8c208f8c208f8c208f8c208f8c208f8c208f8c
208f8c208f8c208f8c208f8c208f8c208f8c208f8c208f8c208f8c208f8c208f8c208f8c208f8c208f8c208f8c208f8c208f8c208f8c208f8c208f8c208f8c20
8f8c208f8c208f8c208f8c208f8c208f8c208f8c208f8c208f8c208f8c208f8c218e8c218e8c218e8c218e8c218e8c218e8c218e8c218e8c218e8c218e8c218e
8c218e8c218e8c218e8c218e8c218d8c218d8c218d8c218d8c218d8c218d8c218d8c218d8c218d8c218d8c218d8c218d8c218d8c218d8c218c8d218c8d218c8d
218c8d218c8d218c8d218c8d218c8d218c8d218c8d218c8d218c8d218c8d218c8d218c8d228b8d228b8d228b8d228b8d228b8d228b8d228b8d228a8d228a8d22
8a8d228a8d228a8d228a8d228a8d228a8d22898d22898d22898d22898d22898d22898d22898d23898d23898d23898d23898d23898d23898d23898d23878d2387
8d23878d23878d23878d23878d23878d23878d24868d24868d24868d24868d24868d24868d24868d24858d24858d24858d24858d24858d24858d24858d25838d
25838d25838d25838d25838d25838d25838d25828e25828e25828e25828e25828e25828e25828e25828e26808e26808e26808e26808e26808e26808e26808e27
7e8e277e8e277e8e277e8e277e8e277e8e277e8e277c8e277c8e277c8e277c8e277c8e277c8e277c8e277c8e287a8e287a8e287a8e287a8e287a8e287a8e287a
8e29798e29798e29798e29798e29798e29798e29798e2a778e2a778e2a778e2a778e2a778e2a778e2a778e2a778e2b748e2b748e2b748e2b748e2b748e2b748e
2b748e2a778e2a778e2a778e2a778e2a778e2a778e2a778e29798e29798e29798e29798e29798e29798e29798e29798e287a8e287a8e287a8e287a8e287a8e28
7a8e287a8e277c8e277c8e277c8e277c8e277c8e277c8e277c8e277e8e277e8e277e8e277e8e277e8e277e8e277e8e277e8e26808e26808e26808e26808e2680
8e26808e26808e25828e25828e25828e25828e25828e25828e25828e25838d25838d25838d25838d25838d25838d25838d24858d24858d24858d24858d24858d
24858d24858d24858d24868d24868d24868d24868d24868d24868d24868d23878d23878d23878d23878d23878d23878d23878d23898d23898d23898d23898d23
898d23898d23898d23898d22898d22898d22898d22898d22898d22898d22898d228a8d228a8d228a8d228a8d228a8d228a8d228a8d228b8d228b8d228b8d228b
8d228b8d228b8d228b8d228b8d218c8d218c8d218c8d218c8d218c8d218c8d218c8d218c8d218c8d218c8d218c8d218c8d218c8d218c8d218d8c218d8c218d8c
218d8c218d8c218d8c218d8c218d8c218d8c218d8c218d8c218d8c218d8c218d8c218d8c218e8c218e8c218e8c218e8c218e8c218e8c218e8c218e8c218e8c21
8e8c218e8c218e8c218e8c218e8c218e8c208f8c208f8c208f8c208f8c208f8c208f8c208f8c208f8c208f8c208f8c208f8c208f8c208f8c208f8c208f8c208f
8c208f8c208f8c208f8c208f8c208f8c208f8c208f8c208f8c208f8c208f8c208f8c208f8c208f8c208f8c208f8c208f8c208f8c208f8c208f8c208f8c208f8c
208f8c208f8c208f8c208f8c208f8c208f8c208f8c208f8c208f8c208f8c208f8c208f8c208f8c208f8c208f8c208f8c208f8c208f8c208f8c208f8c208f8c21
8e8c218e8c218e8c218e8c218e8c218e8c218e8c218e8c218e8c218e8c218e8c218e8c218e8c218e8c218e8c218d8c218d8c218d8c218d8c218d8c218d8c218d
8c218d8c218d8c218d8c218d8c218d8c218d8c218d8c218c8d218c8d218c8d218c8d218c8d218c8d218c8d218c8d218c8d218c8d218c8d218c8d218c8d218c8d
218c8d228b8d228b8d228b8d228b8d228b8d228b8d228b8d228a8d228a8d228a8d228a8d228a8d228a8d228a8d228a8d22898d22898d22898d22898d22898d22
898d22898d23898d23898d23898d23898d23898d23898d23898d23878d23878d23878d23878d23878d23878d23878d23878d24868d24868d24868d24868d2486
8d24868d24868d24858d24858d24858d24858d24858d24858d24858d25838d25838d25838d25838d25838d25838d25838d25828e25828e25828e25828e25828e
25828e25828e25828e26808e26808e26808e26808e26808e26808e26808e277e8e277e8e277e8e277e8e277e8e277e8e277e8e277c8e277c8e277c8e277c8e27
7c8e277c8e277c8e277c8e287a8e287a8e287a8e287a8e287a8e287a8e287a8e29798e29798e29798e29798e29798e29798e29798e2a778e2a778e2a778e2a77
8e2a778e2a778e2a778e2a778e2b748e2b748e2b748e2b748e2b748e2b748e2b748e2a778e2a778e2a778e2a778e2a778e2a778e2a778e29798e29798e29798e
29798e29798e29798e29798e29798e287a8e287a8e287a8e287a8e287a8e287a8e287a8e277c8e277c8e277c8e277c8e277c8e277c8e277c8e277e8e277e8e27
7e8e277e8e277e8e277e8e277e8e277e8e26808e26808e26808e26808e26808e26808e26808e25828e25828e25828e25828e25828e25828e25828e25838d2583
8d25838d25838d25838d25838d25838d24858d24858d24858d24858d24858d24858d24858d24858d24868d24868d24868d24868d24868d24868d24868d23878d
23878d23878d23878d23878d23878d23878d23898d23898d23898d23898d23898d23898d23898d23898d22898d22898d22898d22898d22898d22898d22898d22
8a8d228a8d228a8d228a8d228a8d228a8d228a8d228b8d228b8d228b8d228b8d228b8d228b8d228b8d228b8d218c8d218c8d218c8d218c8d218c8d218c8d218c
8d218c8d218c8d218c8d218c8d218c8d218c8d218c8d218d8c218d8c218d8c218d8c218d8c218d8c218d8c218d8c218d8c218d8c218d8c218d8c218d8c218d8c
218d8c218e8c218e8c218e8c218e8c218e8c218e8c218e8c218e8c218e8c218e8c218e8c218e8c218e8c218e8c218e8c208f8c208f8c208f8c208f8c208f8c20
8f8c208f8c208f8c208f8c208f8c208f8c208f8c208f8c208f8c208f8c208f8c208f8c208f8c208f8c208f8c208f8c208f8c208f8c208f8c208f8c208f8c208f
8c208f8c208f8c208f8c208f8c208f8c208f8c208f8c208f8c208f8c208f8c208f8c208f8c208f8c208f8c208f8c208f8c208f8c208f8c208f8c208f8c208f8c
208f8c208f8c208f8c208f8c208f8c208f8c208f8c208f8c208f8c208f8c218e8c218e8c218e8c218e8c218e8c218e8c218e8c218e8c218e8c218e8c218e8c21
8e8c218e8c218e8c218e8c218d8c218d8c218d8c218d8c218d8c218d8c218d8c218d8c218d8c218d8c218d8c218d8c218d8c218d8c218c8d218c8d218c8d218c
8d218c8d218c8d218c8d218c8d218c8d218c8d218c8d218c8d218c8d218c8d218c8d228b8d228b8d228b8d228b8d228b8d228b8d228b8d228a8d228a8d228a8d
228a8d228a8d228a8d228a8d228a8d22898d22898d22898d22898d22898d22898d22898d23898d23898d23898d23898d23898d23898d23898d23878d23878d23
878d23878d23878d23878d23878d23878d24868d24868d24868d24868d24868d24868d24868d24858d24858d24858d24858d24858d24858d24858d25838d2583
8d25838d25838d25838d25838d25838d25828e25828e25828e25828e25828e25828e25828e25828e26808e26808e26808e26808e26808e26808e26808e277e8e
277e8e277e8e277e8e277e8e277e8e277e8e277c8e277c8e277c8e277c8e277c8e277c8e277c8e277c8e287a8e287a8e287a8e287a8e287a8e287a8e287a8e29
798e29798e29798e29798e29798e29798e29798e2a778e2a778e2a778e2a778e2a778e2a778e2a778e2a778e2b748e2b748e2b748e2b748e2b748e2b748e2b74
8e2a778e2a778e2a778e2a778e2a778e2a778e2a778e29798e29798e29798e29798e29798e29798e29798e29798e287a8e287a8e287a8e287a8e287a8e287a8e
287a8e277c8e277c8e277c8e277c8e277c8e277c8e277c8e277e8e277e8e277e8e277e8e277e8e277e8e277e8e277e8e26808e26808e26808e26808e26808e26
808e26808e25828e25828e25828e25828e25828e25828e25828e25838d25838d25838d25838d25838d25838d25838d24858d24858d24858d24858d24858d2485
8d24858d24858d24868d24868d24868d24868d24868d24868d24868d23878d23878d23878d23878d23878d23878d23878d23898d23898d23898d23898d23898d
23898d23898d23898d22898d22898d22898d22898d22898d22898d22898d228a8d228a8d228a8d228a8d228a8d228a8d228a8d228b8d228b8d228b8d228b8d22
8b8d228b8d228b8d228b8d218c8d218c8d218c8d218c8d218c8d218c8d218c8d218c8d218c8d218c8d218c8d218c8d218c8d218c8d218d8c218d8c218d8c218d
8c218d8c218d8c218d8c218d8c218d8c218d8c218d8c218d8c218d8c218d8c218d8c218e8c218e8c218e8c218e8c218e8c218e8c218e8c218e8c218e8c218e8c
218e8c218e8c218e8c218e8c218e8c208f8c208f8c208f8c208f8c208f8c208f8c208f8c208f8c208f8c208f8c208f8c208f8c208f8c208f8c208f8c208f8c20
8f8c208f8c208f8c208f8c208f8c208f8c208f8c208f8c208f8c208f8c208f8c208f8c208f8c208f8c208f8c208f8c208f8c208f8c208f8c208f8c208f8c208f
8c208f8c208f8c208f8c208f8c208f8c208f8c208f8c208f8c208f8c208f8c208f8c208f8c208f8c208f8c208f8c208f8c208f8c208f8c208f8c208f8c218e8c
218e8c218e8c218e8c218e8c218e8c218e8c218e8c218e8c218e8c218e8c218e8c218e8c218e8c218e8c218d8c218d8c218d8c218d8c218d8c218d8c218d8c21
8d8c218d8c218d8c218d8c218d8c218d8c218d8c218c8d218c8d218c8d218c8d218c8d218c8d218c8d218c8d218c8d218c8d218c8d218c8d218c8d218c8d218c
8d228b8d228b8d228b8d228b8d228b8d228b8d228b8d228a8d228a8d228a8d228a8d228a8d228a8d228a8d228a8d22898d22898d22898d22898d22898d22898d
22898d23898d23898d23898d23898d23898d23898d23898d23878d23878d23878d23878d23878d23878d23878d23878d24868d24868d24868d24868d24868d24
868d24868d24858d24858d24858d24858d24858d24858d24858d25838d25838d25838d25838d25838d25838d25838d25828e25828e25828e25828e25828e2582
8e25828e25828e26808e26808e26808e26808e26808e26808e26808e277e8e277e8e277e8e277e8e277e8e277e8e277e8e277c8e277c8e277c8e277c8e277c8e
277c8e277c8e277c8e287a8e287a8e287a8e287a8e287a8e287a8e287a8e29798e29798e29798e29798e29798e29798e29798e2a778e2a778e2a778e2a778e2a
778e2a778e2a778e2a778e2b748e2b748e2b748e2b748e2b748e2b748e2b748e2a778e2a778e2a778e2a778e2a778e2a778e2a778e29798e29798e29798e2979
8e29798e29798e29798e29798e287a8e287a8e287a8e287a8e287a8e287a8e287a8e277c8e277c8e277c8e277c8e277c8e277c8e277c8e277e8e277e8e277e8e
277e8e277e8e277e8e277e8e277e8e26808e26808e26808e26808e26808e26808e26808e25828e25828e25828e25828e25828e25828e25828e25838d25838d25
838d25838d25838d25838d25838d24858d24858d24858d24858d24858d24858d24858d24858d24868d24868d24868d24868d24868d24868d24868d23878d2387
8d23878d23878d23878d23878d23878d23898d23898d23898d23898d23898d23898d23898d23898d22898d22898d22898d22898d22898d22898d22898d228a8d
228a8d228a8d228a8d228a8d228a8d228a8d228b8d228b8d228b8d228b8d228b8d228b8d228b8d228b8d218c8d218c8d218c8d218c8d218c8d218c8d218c8d21
8c8d218c8d218c8d218c8d218c8d218c8d218c8d218d8c218d8c218d8c218d8c218d8c218d8c218d8c218d8c218d8c218d8c218d8c218d8c218d8c218d8c218d
8c218e8c218e8c218e8c218e8c218e8c218e8c218e8c218e8c218e8c218e8c218e8c218e8c218e8c218e8c218e8c208f8c208f8c208f8c208f8c208f8c208f8c
208f8c208f8c208f8c208f8c208f8c208f8c208f8c208f8c208f8c208f8c208f8c208f8c208f8c208f8c208f8c208f8c208f8c208f8c208f8c208f8c208f8c20
8f8c208f8c208f8c208f8c208f8c208f8c208f8c208f8c208f8c208f8c208f8c208f8c208f8c208f8c208f8c208f8c208f8c208f8c208f8c208f8c208f8c208f
8c208f8c208f8c208f8c208f8c208f8c208f8c208f8c208f8c208f8c218e8c218e8c218e8c218e8c218e8c218e8c218e8c218e8c218e8c218e8c218e8c218e8c
218e8c218e8c218e8c218d8c218d8c218d8c218d8c218d8c218d8c218d8c218d8c218d8c218d8c218d8c218d8c218d8c218d8c218c8d218c8d218c8d218c8d21
8c8d218c8d218c8d218c8d218c8d218c8d218c8d218c8d218c8d218c8d218c8d228b8d228b8d228b8d228b8d228b8d228b8d228b8d228a8d228a8d228a8d228a
8d228a8d228a8d228a8d228a8d22898d22898d22898d22898d22898d22898d22898d23898d23898d23898d23898d23898d23898d23898d23878d23878d23878d
23878d23878d23878d23878d23878d24868d24868d24868d24868d24868d24868d24868d24858d24858d24858d24858d24858d24858d24858d25838d25838d25
838d25838d25838d25838d25838d25828e25828e25828e25828e25828e25828e25828e25828e26808e26808e26808e26808e26808e26808e26808e277e8e277e
8e277e8e277e8e277e8e277e8e277e8e277c8e277c8e277c8e277c8e277c8e277c8e277c8e277c8e287a8e287a8e287a8e287a8e287a8e287a8e287a8e29798e
29798e29798e29798e29798e29798e29798e2a778e2a778e2a778e2a778e2a778e2a778e2a778e2a778e2b748e2b748e2b748e2b748e2b748e2b748e2b748e2c
728e2c728e2c728e2c728e2c728e2c728e2c728e2b748e2b748e2b748e2b748e2b748e2b748e2b748e2b748e2a768e2a768e2a768e2a768e2a768e2a768e2a76
8e29788e29788e29788e29788e29788e29788e29788e287a8e287a8e287a8e287a8e287a8e287a8e287a8e287a8e287b8e287b8e287b8e287b8e287b8e287b8e
287b8e277c8e277c8e277c8e277c8e277c8e277c8e277c8e277e8e277e8e277e8e277e8e277e8e277e8e277e8e26808e26808e26808e26808e26808e26808e26
808e26808e26818e26818e26818e26818e26818e26818e26818e25828e25828e25828e25828e25828e25828e25828e25838d25838d25838d25838d25838d2583
8d25838d25838d24858d24858d24858d24858d24858d24858d24858d24868d24868d24868d24868d24868d24868d24868d24868d24868d24868d24868d24868d
24868d24868d24868d23878d23878d23878d23878d23878d23878d23878d23888d23888d23888d23888d23888d23888d23888d23898d23898d23898d23898d23
898d23898d23898d23898d23898d23898d23898d23898d23898d23898d23898d22898d22898d22898d22898d22898d22898d22898d22898d22898d22898d2289
8d22898d22898d22898d22898d22898d22898d22898d22898d22898d22898d22898d228a8d228a8d228a8d228a8d228a8d228a8d228a8d228a8d228a8d228a8d
228a8d228a8d228a8d228a8d228a8d228a8d228a8d228a8d228a8d228a8d228a8d228a8d228a8d228a8d228a8d228a8d228a8d228a8d228a8d228a8d228a8d22
8a8d228a8d228a8d228a8d228a8d228a8d228a8d228a8d228a8d228a8d228a8d228a8d228a8d22898d22898d22898d22898d22898d22898d22898d22898d2289
8d22898d22898d22898d22898d22898d22898d22898d22898d22898d22898d22898d22898d22898d23898d23898d23898d23898d23898d23898d23898d23898d
23898d23898d23898d23898d23898d23898d23888d23888d23888d23888d23888d23888d23888d23888d23878d23878d23878d23878d23878d23878d23878d24
868d24868d24868d24868d24868d24868d24868d24868d24868d24868d24868d24868d24868d24868d24868d24858d24858d24858d24858d24858d24858d2485
8d25838d25838d25838d25838d25838d25838d25838d25828e25828e25828e25828e25828e25828e25828e25828e26818e26818e26818e26818e26818e26818e
26818e26808e26808e26808e26808e26808e26808e26808e277e8e277e8e277e8e277e8e277e8e277e8e277e8e277c8e277c8e277c8e277c8e277c8e277c8e27
7c8e277c8e287b8e287b8e287b8e287b8e287b8e287b8e287b8e287a8e287a8e287a8e287a8e287a8e287a8e287a8e29788e29788e29788e29788e29788e2978
8e29788e29788e2a768e2a768e2a768e2a768e2a768e2a768e2a768e2b748e2b748e2b748e2b748e2b748e2b748e2b748e2c728e2c728e2c728e2c728e2c728e
2c728e2c728e2c728e2d6f8e2d6f8e2d6f8e2d6f8e2d6f8e2d6f8e2d6f8e2c728e2c728e2c728e2c728e2c728e2c728e2c728e2b748e2b748e2b748e2b748e2b
748e2b748e2b748e2b748e2a768e2a768e2a768e2a768e2a768e2a768e2a768e29788e29788e29788e29788e29788e29788e29788e287a8e287a8e287a8e287a
8e287a8e287a8e287a8e287a8e287b8e287b8e287b8e287b8e287b8e287b8e287b8e277c8e277c8e277c8e277c8e277c8e277c8e277c8e277e8e277e8e277e8e
277e8e277e8e277e8e277e8e26808e26808e26808e26808e26808e26808e26808e26808e26818e26818e26818e26818e26818e26818e26818e25828e25828e25
828e25828e25828e25828e25828e25838d25838d25838d25838d25838d25838d25838d25838d24858d24858d24858d24858d24858d24858d24858d24868d2486
8d24868d24868d24868d24868d24868d24868d24868d24868d24868d24868d24868d24868d24868d23878d23878d23878d23878d23878d23878d23878d23888d
23888d23888d23888d23888d23888d23888d23898d23898d23898d23898d23898d23898d23898d23898d23898d23898d23898d23898d23898d23898d23898d22
898d22898d22898d22898d22898d22898d22898d22898d22898d22898d22898d22898d22898d22898d22898d22898d22898d22898d22898d22898d22898d2289
8d228a8d228a8d228a8d228a8d228a8d228a8d228a8d228a8d228a8d228a8d228a8d228a8d228a8d228a8d228a8d228a8d228a8d228a8d228a8d228a8d228a8d
228a8d228a8d228a8d228a8d228a8d228a8d228a8d228a8d228a8d228a8d228a8d228a8d228a8d228a8d228a8d228a8d228a8d228a8d228a8d228a8d228a8d22
8a8d228a8d22898d22898d22898d22898d22898d22898d22898d22898d22898d22898d22898d22898d22898d22898d22898d22898d22898d22898d22898d2289
8d22898d22898d23898d23898d23898d23898d23898d23898d23898d23898d23898d23898d23898d23898d23898d23898d23888d23888d23888d23888d23888d
23888d23888d23888d23878d23878d23878d23878d23878d23878d23878d24868d24868d24868d24868d24868d24868d24868d24868d24868d24868d24868d24
868d24868d24868d24868d24858d24858d24858d24858d24858d24858d24858d25838d25838d25838d25838d25838d25838d25838d25828e25828e25828e2582
8e25828e25828e25828e25828e26818e26818e26818e26818e26818e26818e26818e26808e26808e26808e26808e26808e26808e26808e277e8e277e8e277e8e
277e8e277e8e277e8e277e8e277c8e277c8e277c8e277c8e277c8e277c8e277c8e277c8e287b8e287b8e287b8e287b8e287b8e287b8e287b8e287a8e287a8e28
7a8e287a8e287a8e287a8e287a8e29788e29788e29788e29788e29788e29788e29788e29788e2a768e2a768e2a768e2a768e2a768e2a768e2a768e2b748e2b74
8e2b748e2b748e2b748e2b748e2b748e2c728e2c728e2c728e2c728e2c728e2c728e2c728e2c728e2d6f8e2d6f8e2d6f8e2d6f8e2d6f8e2d6f8e2d6f8e2c728e
2c728e2c728e2c728e2c728e2c728e2c728e2b748e2b748e2b748e2b748e2b748e2b748e2b748e2b748e2a768e2a768e2a768e2a768e2a768e2a768e2a768e29
788e29788e29788e29788e29788e29788e29788e287a8e287a8e287a8e287a8e287a8e287a8e287a8e287a8e287b8e287b8e287b8e287b8e287b8e287b8e287b
8e277c8e277c8e277c8e277c8e277c8e277c8e277c8e277e8e277e8e277e8e277e8e277e8e277e8e277e8e26808e26808e26808e26808e26808e26808e26808e
26808e26818e26818e26818e26818e26818e26818e26818e25828e25828e25828e25828e25828e25828e25828e25838d25838d25838d25838d25838d25838d25
838d25838d24858d24858d24858d24858d24858d24858d24858d24868d24868d24868d24868d24868d24868d24868d24868d24868d24868d24868d24868d2486
8d24868d24868d23878d23878d23878d23878d23878d23878d23878d23888d23888d23888d23888d23888d23888d23888d23898d23898d23898d23898d23898d
23898d23898d23898d23898d23898d23898d23898d23898d23898d23898d22898d22898d22898d22898d22898d22898d22898d22898d22898d22898d22898d22
898d22898d22898d22898d22898d22898d22898d22898d22898d22898d22898d228a8d228a8d228a8d228a8d228a8d228a8d228a8d228a8d228a8d228a8d228a
8d228a8d228a8d228a8d228a8d228a8d228a8d228a8d228a8d228a8d228a8d228a8d228a8d228a8d228a8d228a8d228a8d228a8d228a8d228a8d228a8d228a8d
228a8d228a8d228a8d228a8d228a8d228a8d228a8d228a8d228a8d228a8d228a8d228a8d22898d22898d22898d22898d22898d22898d22898d22898d22898d22
898d22898d22898d22898d22898d22898d22898d22898d22898d22898d22898d22898d22898d23898d23898d23898d23898d23898d23898d23898d23898d2389
8d23898d23898d23898d23898d23898d23888d23888d23888d23888d23888d23888d23888d23888d23878d23878d23878d23878d23878d23878d23878d24868d
24868d24868d24868d24868d24868d24868d24868d24868d24868d24868d24868d24868d24868d24868d24858d24858d24858d24858d24858d24858d24858d25
838d25838d25838d25838d25838d25838d25838d25828e25828e25828e25828e25828e25828e25828e25828e26818e26818e26818e26818e26818e26818e2681
8e26808e26808e26808e26808e26808e26808e26808e277e8e277e8e277e8e277e8e277e8e277e8e277e8e277c8e277c8e277c8e277c8e277c8e277c8e277c8e
277c8e287b8e287b8e287b8e287b8e287b8e287b8e287b8e287a8e287a8e287a8e287a8e287a8e287a8e287a8e29788e29788e29788e29788e29788e29788e29
788e29788e2a768e2a768e2a768e2a768e2a768e2a768e2a768e2b748e2b748e2b748e2b748e2b748e2b748e2b748e2c728e2c728e2c728e2c728e2c728e2c72
8e2c728e2c728e2d6f8e2d6f8e2d6f8e2d6f8e2d6f8e2d6f8e2d6f8e2c728e2c728e2c728e2c728e2c728e2c728e2c728e2b748e2b748e2b748e2b748e2b748e
2b748e2b748e2b748e2a768e2a768e2a768e2a768e2a768e2a768e2a768e29788e29788e29788e29788e29788e29788e29788e287a8e287a8e287a8e287a8e28
7a8e287a8e287a8e287a8e287b8e287b8e287b8e287b8e287b8e287b8e287b8e277c8e277c8e277c8e277c8e277c8e277c8e277c8e277e8e277e8e277e8e277e
8e277e8e277e8e277e8e26808e26808e26808e26808e26808e26808e26808e26808e26818e26818e26818e26818e26818e26818e26818e25828e25828e25828e
25828e25828e25828e25828e25838d25838d25838d25838d25838d25838d25838d25838d24858d24858d24858d24858d24858d24858d24858d24868d24868d24
868d24868d24868d24868d24868d24868d24868d24868d24868d24868d24868d24868d24868d23878d23878d23878d23878d23878d23878d23878d23888d2388
8d23888d23888d23888d23888d23888d23898d23898d23898d23898d23898d23898d23898d23898d23898d23898d23898d23898d23898d23898d23898d22898d
22898d22898d22898d22898d22898d22898d22898d22898d22898d22898d22898d22898d22898d22898d22898d22898d22898d22898d22898d22898d22898d22
8a8d228a8d228a8d228a8d228a8d228a8d228a8d228a8d228a8d228a8d228a8d228a8d228a8d228a8d228a8d228a8d228a8d228a8d228a8d228a8d228a8d228a
8d228a8d228a8d228a8d228a8d228a8d228a8d228a8d228a8d228a8d228a8d228a8d228a8d228a8d228a8d228a8d228a8d228a8d228a8d228a8d228a8d228a8d
228a8d22898d22898d22898d22898d22898d22898d22898d22898d22898d22898d22898d22898d22898d22898d22898d22898d22898d22898d22898d22898d22
898d22898d23898d23898d23898d23898d23898d23898d23898d23898d23898d23898d23898d23898d23898d23898d23888d23888d23888d23888d23888d2388
8d23888d23888d23878d23878d23878d23878d23878d23878d23878d24868d24868d24868d24868d24868d24868d24868d24868d24868d24868d24868d24868d
24868d24868d24868d24858d24858d24858d24858d24858d24858d24858d25838d25838d25838d25838d25838d25838d25838d25828e25828e25828e25828e25
828e25828e25828e25828e26818e26818e26818e26818e26818e26818e26818e26808e26808e26808e26808e26808e26808e26808e277e8e277e8e277e8e277e
8e277e8e277e8e277e8e277c8e277c8e277c8e277c8e277c8e277c8e277c8e277c8e287b8e287b8e287b8e287b8e287b8e287b8e287b8e287a8e287a8e287a8e
287a8e287a8e287a8e287a8e29788e29788e29788e29788e29788e29788e29788e29788e2a768e2a768e2a768e2a768e2a768e2a768e2a768e2b748e2b748e2b
748e2b748e2b748e2b748e2b748e2c728e2c728e2c728e2c728e2c728e2c728e2c728e2c728e2d6f8e2d6f8e2d6f8e2d6f8e2d6f8e2d6f8e2d6f8e2c728e2c72
8e2c728e2c728e2c728e2c728e2c728e2b748e2b748e2b748e2b748e2b748e2b748e2b748e2b748e2a768e2a768e2a768e2a768e2a768e2a768e2a768e29788e
29788e29788e29788e29788e29788e29788e287a8e287a8e287a8e287a8e287a8e287a8e287a8e287a8e287b8e287b8e287b8e287b8e287b8e287b8e287b8e27
7c8e277c8e277c8e277c8e277c8e277c8e277c8e277e8e277e8e277e8e277e8e277e8e277e8e277e8e26808e26808e26808e26808e26808e26808e26808e2680
8e26818e26818e26818e26818e26818e26818e26818e25828e25828e25828e25828e25828e25828e25828e25838d25838d25838d25838d25838d25838d25838d
25838d24858d24858d24858d24858d24858d24858d24858d24868d24868d24868d24868d24868d24868d24868d24868d24868d24868d24868d24868d24868d24
868d24868d23878d23878d23878d23878d23878d23878d23878d23888d23888d23888d23888d23888d23888d23888d23898d23898d23898d23898d23898d2389
8d23898d23898d23898d23898d23898d23898d23898d23898d23898d22898d22898d22898d22898d22898d22898d22898d22898d22898d22898d22898d22898d
22898d22898d22898d22898d22898d22898d22898d22898d22898d22898d228a8d228a8d228a8d228a8d228a8d228a8d228a8d228a8d228a8d228a8d228a8d22
8a8d228a8d228a8d228a8d228a8d228a8d228a8d228a8d228a8d228a8d228a8d228a8d228a8d228a8d228a8d228a8d228a8d228a8d228a8d228a8d228a8d228a
8d228a8d228a8d228a8d228a8d228a8d228a8d228a8d228a8d228a8d228a8d228a8d22898d22898d22898d22898d22898d22898d22898d22898d22898d22898d
22898d22898d22898d22898d22898d22898d22898d22898d22898d22898d22898d22898d23898d23898d23898d23898d23898d23898d23898d23898d23898d23
898d23898d23898d23898d23898d23888d23888d23888d23888d23888d23888d23888d23888d23878d23878d23878d23878d23878d23878d23878d24868d2486
8d24868d24868d24868d24868d24868d24868d24868d24868d24868d24868d24868d24868d24868d24858d24858d24858d24858d24858d24858d24858d25838d
25838d25838d25838d25838d25838d25838d25828e25828e25828e25828e25828e25828e25828e25828e26818e26818e26818e26818e26818e26818e26818e26
808e26808e26808e26808e26808e26808e26808e277e8e277e8e277e8e277e8e277e8e277e8e277e8e277c8e277c8e277c8e277c8e277c8e277c8e277c8e277c
8e287b8e287b8e287b8e287b8e287b8e287b8e287b8e287a8e287a8e287a8e287a8e287a8e287a8e287a8e29788e29788e29788e29788e29788e29788e29788e
29788e2a768e2a768e2a768e2a768e2a768e2a768e2a768e2b748e2b748e2b748e2b748e2b748e2b748e2b748e2c728e2c728e2c728e2c728e2c728e2c728e2c
728e2c728e2d6f8e2d6f8e2d6f8e2d6f8e2d6f8e2d6f8e2d6f8e2c728e2c728e2c728e2c728e2c728e2c728e2c728e2b748e2b748e2b748e2b748e2b748e2b74
8e2b748e2b748e2a768e2a768e2a768e2a768e2a768e2a768e2a768e29788e29788e29788e29788e29788e29788e29788e287a8e287a8e287a8e287a8e287a8e
287a8e287a8e287a8e287b8e287b8e287b8e287b8e287b8e287b8e287b8e277c8e277c8e277c8e277c8e277c8e277c8e277c8e277e8e277e8e277e8e277e8e27
7e8e277e8e277e8e26808e26808e26808e26808e26808e26808e26808e26808e26818e26818e26818e26818e26818e26818e26818e25828e25828e25828e2582
8e25828e25828e25828e25838d25838d25838d25838d25838d25838d25838d25838d24858d24858d24858d24858d24858d24858d24858d24868d24868d24868d
24868d24868d24868d24868d24868d24868d24868d24868d24868d24868d24868d24868d23878d23878d23878d23878d23878d23878d23878d23888d23888d23
888d23888d23888d23888d23888d23898d23898d23898d23898d23898d23898d23898d23898d23898d23898d23898d23898d23898d23898d23898d22898d2289
8d22898d22898d22898d22898d22898d22898d22898d22898d22898d22898d22898d22898d22898d22898d22898d22898d22898d22898d22898d22898d228a8d
228a8d228a8d228a8d228a8d228a8d228a8d228a8d228a8d228a8d228a8d228a8d228a8d228a8d228a8d228a8d228a8d228a8d228a8d228a8d228a8d228a8d22
8a8d228a8d228a8d228a8d228a8d228a8d228a8d228a8d228a8d228a8d228a8d228a8d228a8d228a8d228a8d228a8d228a8d228a8d228a8d228a8d228a8d228a
8d22898d22898d22898d22898d22898d22898d22898d22898d22898d22898d22898d22898d22898d22898d22898d22898d22898d22898d22898d22898d22898d
22898d23898d23898d23898d23898d23898d23898d23898d23898d23898d23898d23898d23898d23898d23898d23888d23888d23888d23888d23888d23888d23
888d23888d23878d23878d23878d23878d23878d23878d23878d24868d24868d24868d24868d24868d24868d24868d24868d24868d24868d24868d24868d2486
8d24868d24868d24858d24858d24858d24858d24858d24858d24858d25838d25838d25838d25838d25838d25838d25838d25828e25828e25828e25828e25828e
25828e25828e25828e26818e26818e26818e26818e26818e26818e26818e26808e26808e26808e26808e26808e26808e26808e277e8e277e8e277e8e277e8e27
7e8e277e8e277e8e277c8e277c8e277c8e277c8e277c8e277c8e277c8e277c8e287b8e287b8e287b8e287b8e287b8e287b8e287b8e287a8e287a8e287a8e287a
8e287a8e287a8e287a8e29788e29788e29788e29788e29788e29788e29788e29788e2a768e2a768e2a768e2a768e2a768e2a768e2a768e2b748e2b748e2b748e
2b748e2b748e2b748e2b748e2c728e2c728e2c728e2c728e2c728e2c728e2c728e2c728e2d6f8e2d6f8e2d6f8e2d6f8e2d6f8e2d6f8e2d6f8e2c728e2c728e2c
728e2c728e2c728e2c728e2c728e2b748e2b748e2b748e2b748e2b748e2b748e2b748e2b748e2a768e2a768e2a768e2a768e2a768e2a768e2a768e29788e2978
8e29788e29788e29788e29788e29788e287a8e287a8e287a8e287a8e287a8e287a8e287a8e287a8e287b8e287b8e287b8e287b8e287b8e287b8e287b8e277c8e
277c8e277c8e277c8e277c8e277c8e277c8e277e8e277e8e277e8e277e8e277e8e277e8e277e8e26808e26808e26808e26808e26808e26808e26808e26808e26
818e26818e26818e26818e26818e26818e26818e25828e25828e25828e25828e25828e25828e25828e25838d25838d25838d25838d25838d25838d25838d2583
8d24858d24858d24858d24858d24858d24858d24858d24868d24868d24868d24868d24868d24868d24868d24868d24868d24868d24868d24868d24868d24868d
24868d23878d23878d23878d23878d23878d23878d23878d23888d23888d23888d23888d23888d23888d23888d23898d23898d23898d23898d23898d23898d23
898d23898d23898d23898d23898d23898d23898d23898d23898d22898d22898d22898d22898d22898d22898d22898d22898d22898d22898d22898d22898d2289
8d22898d22898d22898d22898d22898d22898d22898d22898d22898d228a8d228a8d228a8d228a8d228a8d228a8d228a8d228a8d228a8d228a8d228a8d228a8d
228a8d228a8d228a8d228a8d228a8d228a8d228a8d228a8d228a8d228a8d228a8d228a8d228a8d228a8d228a8d228a8d228a8d228a8d228a8d228a8d228a8d22
8a8d228a8d228a8d228a8d228a8d228a8d228a8d228a8d228a8d228a8d228a8d22898d22898d22898d22898d22898d22898d22898d22898d22898d22898d2289
8d22898d22898d22898d22898d22898d22898d22898d22898d22898d22898d22898d23898d23898d23898d23898d23898d23898d23898d23898d23898d23898d
23898d23898d23898d23898d23888d23888d23888d23888d23888d23888d23888d23888d23878d23878d23878d23878d23878d23878d23878d24868d24868d24
868d24868d24868d24868d24868d24868d24868d24868d24868d24868d24868d24868d24868d24858d24858d24858d24858d24858d24858d24858d25838d2583
8d25838d25838d25838d25838d25838d25828e25828e25828e25828e25828e25828e25828e25828e26818e26818e26818e26818e26818e26818e26818e26808e
26808e26808e26808e26808e26808e26808e277e8e277e8e277e8e277e8e277e8e277e8e277e8e277c8e277c8e277c8e277c8e277c8e277c8e277c8e277c8e28
7b8e287b8e287b8e287b8e287b8e287b8e287b8e287a8e287a8e287a8e287a8e287a8e287a8e287a8e29788e29788e29788e29788e29788e29788e29788e2978
8e2a768e2a768e2a768e2a768e2a768e2a768e2a768e2b748e2b748e2b748e2b748e2b748e2b748e2b748e2c728e2c728e2c728e2c728e2c728e2c728e2c728e
2c728e2d6f8e2d6f8e2d6f8e2d6f8e2d6f8e2d6f8e2d6f8e2e6d8e2e6d8e2e6d8e2e6d8e2e6d8e2e6d8e2e6d8e2d6f8e2d6f8e2d6f8e2d6f8e2d6f8e2d6f8e2d
6f8e2d6f8e2c718e2c718e2c718e2c718e2c718e2c718e2c718e2b738e2b738e2b738e2b738e2b738e2b738e2b738e2a758e2a758e2a758e2a758e2a758e2a75
8e2a758e2a758e2a778e2a778e2a778e2a778e2a778e2a778e2a778e29788e29788e29788e29788e29788e29788e29788e287a8e287a8e287a8e287a8e287a8e
287a8e287a8e287a8e287a8e287a8e287a8e287a8e287a8e287a8e287a8e277c8e277c8e277c8e277c8e277c8e277c8e277c8e277d8e277d8e277d8e277d8e27
7d8e277d8e277d8e277e8e277e8e277e8e277e8e277e8e277e8e277e8e277e8e267f8e267f8e267f8e267f8e267f8e267f8e267f8e26808e26808e26808e2680
8e26808e26808e26808e26818e26818e26818e26818e26818e26818e26818e26818e25828e25828e25828e25828e25828e25828e25828e25838d25838d25838d
25838d25838d25838d25838d25838d25838d25838d25838d25838d25838d25838d25838d24848d24848d24848d24848d24848d24848d24848d24848d24848d24
848d24848d24848d24848d24848d24858d24858d24858d24858d24858d24858d24858d24858d24858d24858d24858d24858d24858d24858d24858d24858d2485
8d24858d24858d24858d24858d24858d24868d24868d24868d24868d24868d24868d24868d24868d24868d24868d24868d24868d24868d24868d24868d24868d
24868d24868d24868d24868d24868d24868d24868d24868d24868d24868d24868d24868d24868d24858d24858d24858d24858d24858d24858d24858d24858d24
858d24858d24858d24858d24858d24858d24858d24858d24858d24858d24858d24858d24858d24858d24848d24848d24848d24848d24848d24848d24848d2484
8d24848d24848d24848d24848d24848d24848d24848d25838d25838d25838d25838d25838d25838d25838d25838d25838d25838d25838d25838d25838d25838d
25838d25828e25828e25828e25828e25828e25828e25828e26818e26818e26818e26818e26818e26818e26818e26808e26808e26808e26808e26808e26808e26
808e26808e267f8e267f8e267f8e267f8e267f8e267f8e267f8e277e8e277e8e277e8e277e8e277e8e277e8e277e8e277d8e277d8e277d8e277d8e277d8e277d
8e277d8e277d8e277c8e277c8e277c8e277c8e277c8e277c8e277c8e287a8e287a8e287a8e287a8e287a8e287a8e287a8e287a8e287a8e287a8e287a8e287a8e
287a8e287a8e29788e29788e29788e29788e29788e29788e29788e29788e2a778e2a778e2a778e2a778e2a778e2a778e2a778e2a758e2a758e2a758e2a758e2a
758e2a758e2a758e2b738e2b738e2b738e2b738e2b738e2b738e2b738e2b738e2c718e2c718e2c718e2c718e2c718e2c718e2c718e2d6f8e2d6f8e2d6f8e2d6f
8e2d6f8e2d6f8e2d6f8e2e6d8e2e6d8e2e6d8e2e6d8e2e6d8e2e6d8e2e6d8e2e6d8e2e6b8e2e6b8e2e6b8e2e6b8e2e6b8e2e6b8e2e6b8e2e6d8e2e6d8e2e6d8e
2e6d8e2e6d8e2e6d8e2e6d8e2d6f8e2d6f8e2d6f8e2d6f8e2d6f8e2d6f8e2d6f8e2d6f8e2c718e2c718e2c718e2c718e2c718e2c718e2c718e2b738e2b738e2b
738e2b738e2b738e2b738e2b738e2a758e2a758e2a758e2a758e2a758e2a758e2a758e2a758e2a778e2a778e2a778e2a778e2a778e2a778e2a778e29788e2978
8e29788e29788e29788e29788e29788e287a8e287a8e287a8e287a8e287a8e287a8e287a8e287a8e287a8e287a8e287a8e287a8e287a8e287a8e287a8e277c8e
277c8e277c8e277c8e277c8e277c8e277c8e277d8e277d8e277d8e277d8e277d8e277d8e277d8e277e8e277e8e277e8e277e8e277e8e277e8e277e8e277e8e26
7f8e267f8e267f8e267f8e267f8e267f8e267f8e26808e26808e26808e26808e26808e26808e26808e26818e26818e26818e26818e26818e26818e26818e2681
8e25828e25828e25828e25828e25828e25828e25828e25838d25838d25838d25838d25838d25838d25838d25838d25838d25838d25838d25838d25838d25838d
25838d24848d24848d24848d24848d24848d24848d24848d24848d24848d24848d24848d24848d24848d24848d24858d24858d24858d24858d24858d24858d24
858d24858d24858d24858d24858d24858d24858d24858d24858d24858d24858d24858d24858d24858d24858d24858d24868d24868d24868d24868d24868d2486
8d24868d24868d24868d24868d24868d24868d24868d24868d24868d24868d24868d24868d24868d24868d24868d24868d24868d24868d24868d24868d24868d
24868d24868d24858d24858d24858d24858d24858d24858d24858d24858d24858d24858d24858d24858d24858d24858d24858d24858d24858d24858d24858d24
858d24858d24858d24848d24848d24848d24848d24848d24848d24848d24848d24848d24848d24848d24848d24848d24848d24848d25838d25838d25838d2583
8d25838d25838d25838d25838d25838d25838d25838d25838d25838d25838d25838d25828e25828e25828e25828e25828e25828e25828e26818e26818e26818e
26818e26818e26818e26818e26808e26808e26808e26808e26808e26808e26808e26808e267f8e267f8e267f8e267f8e267f8e267f8e267f8e277e8e277e8e27
7e8e277e8e277e8e277e8e277e8e277d8e277d8e277d8e277d8e277d8e277d8e277d8e277d8e277c8e277c8e277c8e277c8e277c8e277c8e277c8e287a8e287a
8e287a8e287a8e287a8e287a8e287a8e287a8e287a8e287a8e287a8e287a8e287a8e287a8e29788e29788e29788e29788e29788e29788e29788e29788e2a778e
2a778e2a778e2a778e2a778e2a778e2a778e2a758e2a758e2a758e2a758e2a758e2a758e2a758e2b738e2b738e2b738e2b738e2b738e2b738e2b738e2b738e2c
718e2c718e2c718e2c718e2c718e2c718e2c718e2d6f8e2d6f8e2d6f8e2d6f8e2d6f8e2d6f8e2d6f8e2e6d8e2e6d8e2e6d8e2e6d8e2e6d8e2e6d8e2e6d8e2e6d
8e2e6b8e2e6b8e2e6b8e2e6b8e2e6b8e2e6b8e2e6b8e2e6d8e2e6d8e2e6d8e2e6d8e2e6d8e2e6d8e2e6d8e2d6f8e2d6f8e2d6f8e2d6f8e2d6f8e2d6f8e2d6f8e
2d6f8e2c718e2c718e2c718e2c718e2c718e2c718e2c718e2b738e2b738e2b738e2b738e2b738e2b738e2b738e2a758e2a758e2a758e2a758e2a758e2a758e2a
758e2a758e2a778e2a778e2a778e2a778e2a778e2a778e2a778e29788e29788e29788e29788e29788e29788e29788e287a8e287a8e287a8e287a8e287a8e287a
8e287a8e287a8e287a8e287a8e287a8e287a8e287a8e287a8e287a8e277c8e277c8e277c8e277c8e277c8e277c8e277c8e277d8e277d8e277d8e277d8e277d8e
277d8e277d8e277e8e277e8e277e8e277e8e277e8e277e8e277e8e277e8e267f8e267f8e267f8e267f8e267f8e267f8e267f8e26808e26808e26808e26808e26
808e26808e26808e26818e26818e26818e26818e26818e26818e26818e26818e25828e25828e25828e25828e25828e25828e25828e25838d25838d25838d2583
8d25838d25838d25838d25838d25838d25838d25838d25838d25838d25838d25838d24848d24848d24848d24848d24848d24848d24848d24848d24848d24848d
24848d24848d24848d24848d24858d24858d24858d24858d24858d24858d24858d24858d24858d24858d24858d24858d24858d24858d24858d24858d24858d24
858d24858d24858d24858d24858d24868d24868d24868d24868d24868d24868d24868d24868d24868d24868d24868d24868d24868d24868d24868d24868d2486
8d24868d24868d24868d24868d24868d24868d24868d24868d24868d24868d24868d24868d24858d24858d24858d24858d24858d24858d24858d24858d24858d
24858d24858d24858d24858d24858d24858d24858d24858d24858d24858d24858d24858d24858d24848d24848d24848d24848d24848d24848d24848d24848d24
848d24848d24848d24848d24848d24848d24848d25838d25838d25838d25838d25838d25838d25838d25838d25838d25838d25838d25838d25838d25838d2583
8d25828e25828e25828e25828e25828e25828e25828e26818e26818e26818e26818e26818e26818e26818e26808e26808e26808e26808e26808e26808e26808e
26808e267f8e267f8e267f8e267f8e267f8e267f8e267f8e277e8e277e8e277e8e277e8e277e8e277e8e277e8e277d8e277d8e277d8e277d8e277d8e277d8e27
7d8e277d8e277c8e277c8e277c8e277c8e277c8e277c8e277c8e287a8e287a8e287a8e287a8e287a8e287a8e287a8e287a8e287a8e287a8e287a8e287a8e287a
8e287a8e29788e29788e29788e29788e29788e29788e29788e29788e2a778e2a778e2a778e2a778e2a778e2a778e2a778e2a758e2a758e2a758e2a758e2a758e
2a758e2a758e2b738e2b738e2b738e2b738e2b738e2b738e2b738e2b738e2c718e2c718e2c718e2c718e2c718e2c718e2c718e2d6f8e2d6f8e2d6f8e2d6f8e2d
6f8e2d6f8e2d6f8e2e6d8e2e6d8e2e6d8e2e6d8e2e6d8e2e6d8e2e6d8e2e6d8e2e6b8e2e6b8e2e6b8e2e6b8e2e6b8e2e6b8e2e6b8e2e6d8e2e6d8e2e6d8e2e6d
8e2e6d8e2e6d8e2e6d8e2d6f8e2d6f8e2d6f8e2d6f8e2d6f8e2d6f8e2d6f8e2d6f8e2c718e2c718e2c718e2c718e2c718e2c718e2c718e2b738e2b738e2b738e
2b738e2b738e2b738e2b738e2a758e2a758e2a758e2a758e2a758e2a758e2a758e2a758e2a778e2a778e2a778e2a778e2a778e2a778e2a778e29788e29788e29
788e29788e29788e29788e29788e287a8e287a8e287a8e287a8e287a8e287a8e287a8e287a8e287a8e287a8e287a8e287a8e287a8e287a8e287a8e277c8e277c
8e277c8e277c8e277c8e277c8e277c8e277d8e277d8e277d8e277d8e277d8e277d8e277d8e277e8e277e8e277e8e277e8e277e8e277e8e277e8e277e8e267f8e
267f8e267f8e267f8e267f8e267f8e267f8e26808e26808e26808e26808e26808e26808e26808e26818e26818e26818e26818e26818e26818e26818e26818e25
828e25828e25828e25828e25828e25828e25828e25838d25838d25838d25838d25838d25838d25838d25838d25838d25838d25838d25838d25838d25838d2583
8d24848d24848d24848d24848d24848d24848d24848d24848d24848d24848d24848d24848d24848d24848d24858d24858d24858d24858d24858d24858d24858d
24858d24858d24858d24858d24858d24858d24858d24858d24858d24858d24858d24858d24858d24858d24858d24868d24868d24868d24868d24868d24868d24
868d24868d24868d24868d24868d24868d24868d24868d24868d24868d24868d24868d24868d24868d24868d24868d24868d24868d24868d24868d24868d2486
8d24868d24858d24858d24858d24858d24858d24858d24858d24858d24858d24858d24858d24858d24858d24858d24858d24858d24858d24858d24858d24858d
24858d24858d24848d24848d24848d24848d24848d24848d24848d24848d24848d24848d24848d24848d24848d24848d24848d25838d25838d25838d25838d25
838d25838d25838d25838d25838d25838d25838d25838d25838d25838d25838d25828e25828e25828e25828e25828e25828e25828e26818e26818e26818e2681
8e26818e26818e26818e26808e26808e26808e26808e26808e26808e26808e26808e267f8e267f8e267f8e267f8e267f8e267f8e267f8e277e8e277e8e277e8e
277e8e277e8e277e8e277e8e277d8e277d8e277d8e277d8e277d8e277d8e277d8e277d8e277c8e277c8e277c8e277c8e277c8e277c8e277c8e287a8e287a8e28
7a8e287a8e287a8e287a8e287a8e287a8e287a8e287a8e287a8e287a8e287a8e287a8e29788e29788e29788e29788e29788e29788e29788e29788e2a778e2a77
8e2a778e2a778e2a778e2a778e2a778e2a758e2a758e2a758e2a758e2a758e2a758e2a758e2b738e2b738e2b738e2b738e2b738e2b738e2b738e2b738e2c718e
2c718e2c718e2c718e2c718e2c718e2c718e2d6f8e2d6f8e2d6f8e2d6f8e2d6f8e2d6f8e2d6f8e2e6d8e2e6d8e2e6d8e2e6d8e2e6d8e2e6d8e2e6d8e2e6d8e2e
6b8e2e6b8e2e6b8e2e6b8e2e6b8e2e6b8e2e6b8e2e6d8e2e6d8e2e6d8e2e6d8e2e6d8e2e6d8e2e6d8e2d6f8e2d6f8e2d6f8e2d6f8e2d6f8e2d6f8e2d6f8e2d6f
8e2c718e2c718e2c718e2c718e2c718e2c718e2c718e2b738e2b738e2b738e2b738e2b738e2b738e2b738e2a758e2a758e2a758e2a758e2a758e2a758e2a758e
2a758e2a778e2a778e2a778e2a778e2a778e2a778e2a778e29788e29788e29788e29788e29788e29788e29788e287a8e287a8e287a8e287a8e287a8e287a8e28
7a8e287a8e287a8e287a8e287a8e287a8e287a8e287a8e287a8e277c8e277c8e277c8e277c8e277c8e277c8e277c8e277d8e277d8e277d8e277d8e277d8e277d
8e277d8e277e8e277e8e277e8e277e8e277e8e277e8e277e8e277e8e267f8e267f8e267f8e267f8e267f8e267f8e267f8e26808e26808e26808e26808e26808e
26808e26808e26818e26818e26818e26818e26818e26818e26818e26818e25828e25828e25828e25828e25828e25828e25828e25838d25838d25838d25838d25
838d25838d25838d25838d25838d25838d25838d25838d25838d25838d25838d24848d24848d24848d24848d24848d24848d24848d24848d24848d24848d2484
8d24848d24848d24848d24858d24858d24858d24858d24858d24858d24858d24858d24858d24858d24858d24858d24858d24858d24858d24858d24858d24858d
24858d24858d24858d24858d24868d24868d24868d24868d24868d24868d24868d24868d24868d24868d24868d24868d24868d24868d24868d24868d24868d24
868d24868d24868d24868d24868d24868d24868d24868d24868d24868d24868d24868d24858d24858d24858d24858d24858d24858d24858d24858d24858d2485
8d24858d24858d24858d24858d24858d24858d24858d24858d24858d24858d24858d24858d24848d24848d24848d24848d24848d24848d24848d24848d24848d
24848d24848d24848d24848d24848d24848d25838d25838d25838d25838d25838d25838d25838d25838d25838d25838d25838d25838d25838d25838d25838d25
828e25828e25828e25828e25828e25828e25828e26818e26818e26818e26818e26818e26818e26818e26808e26808e26808e26808e26808e26808e26808e2680
8e267f8e267f8e267f8e267f8e267f8e267f8e267f8e277e8e277e8e277e8e277e8e277e8e277e8e277e8e277d8e277d8e277d8e277d8e277d8e277d8e277d8e
277d8e277c8e277c8e277c8e277c8e277c8e277c8e277c8e287a8e287a8e287a8e287a8e287a8e287a8e287a8e287a8e287a8e287a8e287a8e287a8e287a8e28
7a8e29788e29788e29788e29788e29788e29788e29788e29788e2a778e2a778e2a778e2a778e2a778e2a778e2a778e2a758e2a758e2a758e2a758e2a758e2a75
8e2a758e2b738e2b738e2b738e2b738e2b738e2b738e2b738e2b738e2c718e2c718e2c718e2c718e2c718e2c718e2c718e2d6f8e2d6f8e2d6f8e2d6f8e2d6f8e
2d6f8e2d6f8e2e6d8e2e6d8e2e6d8e2e6d8e2e6d8e2e6d8e2e6d8e2e6d8e2e6b8e2e6b8e2e6b8e2e6b8e2e6b8e2e6b8e2e6b8e2e6d8e2e6d8e2e6d8e2e6d8e2e
6d8e2e6d8e2e6d8e2d6f8e2d6f8e2d6f8e2d6f8e2d6f8e2d6f8e2d6f8e2d6f8e2c718e2c718e2c718e2c718e2c718e2c718e2c718e2b738e2b738e2b738e2b73
8e2b738e2b738e2b738e2a758e2a758e2a758e2a758e2a758e2a758e2a758e2a758e2a778e2a778e2a778e2a778e2a778e2a778e2a778e29788e29788e29788e
29788e29788e29788e29788e287a8e287a8e287a8e287a8e287a8e287a8e287a8e287a8e287a8e287a8e287a8e287a8e287a8e287a8e287a8e277c8e277c8e27
7c8e277c8e277c8e277c8e277c8e277d8e277d8e277d8e277d8e277d8e277d8e277d8e277e8e277e8e277e8e277e8e277e8e277e8e277e8e277e8e267f8e267f
8e267f8e267f8e267f8e267f8e267f8e26808e26808e26808e26808e26808e26808e26808e26818e26818e26818e26818e26818e26818e26818e26818e25828e
25828e25828e25828e25828e25828e25828e25838d25838d25838d25838d25838d25838d25838d25838d25838d25838d25838d25838d25838d25838d25838d24
848d24848d24848d24848d24848d24848d24848d24848d24848d24848d24848d24848d24848d24848d24858d24858d24858d24858d24858d24858d24858d2485
8d24858d24858d24858d24858d24858d24858d24858d24858d24858d24858d24858d24858d24858d24858d24868d24868d24868d24868d24868d24868d24868d
24868d24868d24868d24868d24868d24868d24868d24868d24868d24868d24868d24868d24868d24868d24868d24868d24868d24868d24868d24868d24868d24
868d24858d24858d24858d24858d24858d24858d24858d24858d24858d24858d24858d24858d24858d24858d24858d24858d24858d24858d24858d24858d2485
8d24858d24848d24848d24848d24848d24848d24848d24848d24848d24848d24848d24848d24848d24848d24848d24848d25838d25838d25838d25838d25838d
25838d25838d25838d25838d25838d25838d25838d25838d25838d25838d25828e25828e25828e25828e25828e25828e25828e26818e26818e26818e26818e26
818e26818e26818e26808e26808e26808e26808e26808e26808e26808e26808e267f8e267f8e267f8e267f8e267f8e267f8e267f8e277e8e277e8e277e8e277e
8e277e8e277e8e277e8e277d8e277d8e277d8e277d8e277d8e277d8e277d8e277d8e277c8e277c8e277c8e277c8e277c8e277c8e277c8e287a8e287a8e287a8e
287a8e287a8e287a8e287a8e287a8e287a8e287a8e287a8e287a8e287a8e287a8e29788e29788e29788e29788e29788e29788e29788e29788e2a778e2a778e2a
778e2a778e2a778e2a778e2a778e2a758e2a758e2a758e2a758e2a758e2a758e2a758e2b738e2b738e2b738e2b738e2b738e2b738e2b738e2b738e2c718e2c71
8e2c718e2c718e2c718e2c718e2c718e2d6f8e2d6f8e2d6f8e2d6f8e2d6f8e2d6f8e2d6f8e2e6d8e2e6d8e2e6d8e2e6d8e2e6d8e2e6d8e2e6d8e2e6d8e2e6b8e
2e6b8e2e6b8e2e6b8e2e6b8e2e6b8e2e6b8e2e6d8e2e6d8e2e6d8e2e6d8e2e6d8e2e6d8e2e6d8e2d6f8e2d6f8e2d6f8e2d6f8e2d6f8e2d6f8e2d6f8e2d6f8e2c
718e2c718e2c718e2c718e2c718e2c718e2c718e2b738e2b738e2b738e2b738e2b738e2b738e2b738e2a758e2a758e2a758e2a758e2a758e2a758e2a758e2a75
8e2a778e2a778e2a778e2a778e2a778e2a778e2a778e29788e29788e29788e29788e29788e29788e29788e287a8e287a8e287a8e287a8e287a8e287a8e287a8e
287a8e287a8e287a8e287a8e287a8e287a8e287a8e287a8e277c8e277c8e277c8e277c8e277c8e277c8e277c8e277d8e277d8e277d8e277d8e277d8e277d8e27
7d8e277e8e277e8e277e8e277e8e277e8e277e8e277e8e277e8e267f8e267f8e267f8e267f8e267f8e267f8e267f8e26808e26808e26808e26808e26808e2680
8e26808e26818e26818e26818e26818e26818e26818e26818e26818e25828e25828e25828e25828e25828e25828e25828e25838d25838d25838d25838d25838d
25838d25838d25838d25838d25838d25838d25838d25838d25838d25838d24848d24848d24848d24848d24848d24848d24848d24848d24848d24848d24848d24
848d24848d24848d24858d24858d24858d24858d24858d24858d24858d24858d24858d24858d24858d24858d24858d24858d24858d24858d24858d24858d2485
8d24858d24858d24858d24868d24868d24868d24868d24868d24868d24868d24868d24868d24868d24868d24868d24868d24868d24868d24868d24868d24868d
24868d24868d24868d24868d24868d24868d24868d24868d24868d24868d24868d24858d24858d24858d24858d24858d24858d24858d24858d24858d24858d24
858d24858d24858d24858d24858d24858d24858d24858d24858d24858d24858d24858d24848d24848d24848d24848d24848d24848d24848d24848d24848d2484
8d24848d24848d24848d24848d24848d25838d25838d25838d25838d25838d25838d25838d25838d25838d25838d25838d25838d25838d25838d25838d25828e
25828e25828e25828e25828e25828e25828e26818e26818e26818e26818e26818e26818e26818e26808e26808e26808e26808e26808e26808e26808e26808e26
7f8e267f8e267f8e267f8e267f8e267f8e267f8e277e8e277e8e277e8e277e8e277e8e277e8e277e8e277d8e277d8e277d8e277d8e277d8e277d8e277d8e277d
8e277c8e277c8e277c8e277c8e277c8e277c8e277c8e287a8e287a8e287a8e287a8e287a8e287a8e287a8e287a8e287a8e287a8e287a8e287a8e287a8e287a8e
29788e29788e29788e29788e29788e29788e29788e29788e2a778e2a778e2a778e2a778e2a778e2a778e2a778e2a758e2a758e2a758e2a758e2a758e2a758e2a
758e2b738e2b738e2b738e2b738e2b738e2b738e2b738e2b738e2c718e2c718e2c718e2c718e2c718e2c718e2c718e2d6f8e2d6f8e2d6f8e2d6f8e2d6f8e2d6f
8e2d6f8e2e6d8e2e6d8e2e6d8e2e6d8e2e6d8e2e6d8e2e6d8e2e6d8e2e6b8e2e6b8e2e6b8e2e6b8e2e6b8e2e6b8e2e6b8e2e6d8e2e6d8e2e6d8e2e6d8e2e6d8e
2e6d8e2e6d8e2d6f8e2d6f8e2d6f8e2d6f8e2d6f8e2d6f8e2d6f8e2d6f8e2c718e2c718e2c718e2c718e2c718e2c718e2c718e2b738e2b738e2b738e2b738e2b
738e2b738e2b738e2a758e2a758e2a758e2a758e2a758e2a758e2a758e2a758e2a778e2a778e2a778e2a778e2a778e2a778e2a778e29788e29788e29788e2978
8e29788e29788e29788e287a8e287a8e287a8e287a8e287a8e287a8e287a8e287a8e287a8e287a8e287a8e287a8e287a8e287a8e287a8e277c8e277c8e277c8e
277c8e277c8e277c8e277c8e277d8e277d8e277d8e277d8e277d8e277d8e277d8e277e8e277e8e277e8e277e8e277e8e277e8e277e8e277e8e267f8e267f8e26
7f8e267f8e267f8e267f8e267f8e26808e26808e26808e26808e26808e26808e26808e26818e26818e26818e26818e26818e26818e26818e26818e25828e2582
8e25828e25828e25828e25828e25828e25838d25838d25838d25838d25838d25838d25838d25838d25838d25838d25838d25838d25838d25838d25838d24848d
24848d24848d24848d24848d24848d24848d24848d24848d24848d24848d24848d24848d24848d24858d24858d24858d24858d24858d24858d24858d24858d24
858d24858d24858d24858d24858d24858d24858d24858d24858d24858d24858d24858d24858d24858d24868d24868d24868d24868d24868d24868d24868d2486
8d24868d24868d24868d24868d24868d24868d24868d24868d24868d24868d24868d24868d24868d24868d24868d24868d24868d24868d24868d24868d24868d
24858d24858d24858d24858d24858d24858d24858d24858d24858d24858d24858d24858d24858d24858d24858d24858d24858d24858d24858d24858d24858d24
858d24848d24848d24848d24848d24848d24848d24848d24848d24848d24848d24848d24848d24848d24848d24848d25838d25838d25838d25838d25838d2583
8d25838d25838d25838d25838d25838d25838d25838d25838d25838d25828e25828e25828e25828e25828e25828e25828e26818e26818e26818e26818e26818e
26818e26818e26808e26808e26808e26808e26808e26808e26808e26808e267f8e267f8e267f8e267f8e267f8e267f8e267f8e277e8e277e8e277e8e277e8e27
7e8e277e8e277e8e277d8e277d8e277d8e277d8e277d8e277d8e277d8e277d8e277c8e277c8e277c8e277c8e277c8e277c8e277c8e287a8e287a8e287a8e287a
8e287a8e287a8e287a8e287a8e287a8e287a8e287a8e287a8e287a8e287a8e29788e29788e29788e29788e29788e29788e29788e29788e2a778e2a778e2a778e
2a778e2a778e2a778e2a778e2a758e2a758e2a758e2a758e2a758e2a758e2a758e2b738e2b738e2b738e2b738e2b738e2b738e2b738e2b738e2c718e2c718e2c
718e2c718e2c718e2c718e2c718e2d6f8e2d6f8e2d6f8e2d6f8e2d6f8e2d6f8e2d6f8e2e6d8e2e6d8e2e6d8e2e6d8e2e6d8e2e6d8e2e6d8e2e6d8e2e6b8e2e6b
8e2e6b8e2e6b8e2e6b8e2e6b8e2e6b8e30688d30688d30688d30688d30688d30688d30688d2f6a8d2f6a8d2f6a8d2f6a8d2f6a8d2f6a8d2f6a8d2f6a8d2e6c8e
2e6c8e2e6c8e2e6c8e2e6c8e2e6c8e2e6c8e2d6e8e2d6e8e2d6e8e2d6e8e2d6e8e2d6e8e2d6e8e2c708e2c708e2c708e2c708e2c708e2c708e2c708e2c708e2c
728e2c728e2c728e2c728e2c728e2c728e2c728e2b738e2b738e2b738e2b738e2b738e2b738e2b738e2a758e2a758e2a758e2a758e2a758e2a758e2a758e2a76
8e2a768e2a768e2a768e2a768e2a768e2a768e2a768e29788e29788e29788e29788e29788e29788e29788e29798e29798e29798e29798e29798e29798e29798e
287a8e287a8e287a8e287a8e287a8e287a8e287a8e287a8e287a8e287a8e287a8e287a8e287a8e287a8e287a8e287b8e287b8e287b8e287b8e287b8e287b8e28
7b8e277c8e277c8e277c8e277c8e277c8e277c8e277c8e277c8e277d8e277d8e277d8e277d8e277d8e277d8e277d8e277e8e277e8e277e8e277e8e277e8e277e
8e277e8e277e8e277e8e277e8e277e8e277e8e277e8e277e8e277e8e267f8e267f8e267f8e267f8e267f8e267f8e267f8e267f8e267f8e267f8e267f8e267f8e
267f8e267f8e26808e26808e26808e26808e26808e26808e26808e26808e26808e26808e26808e26808e26808e26808e26808e26808e26808e26808e26808e26
808e26808e26808e26808e26808e26808e26808e26808e26808e26808e26808e26808e26808e26808e26808e26808e26808e26808e26808e26808e26808e2680
8e26808e26808e26808e26808e26808e26808e26808e26808e26808e26808e26808e26808e26808e26808e26808e26808e26808e26808e26808e26808e26808e
26808e26808e26808e26808e26808e26808e26808e26808e26808e26808e26808e267f8e267f8e267f8e267f8e267f8e267f8e267f8e267f8e267f8e267f8e26
7f8e267f8e267f8e267f8e267f8e277e8e277e8e277e8e277e8e277e8e277e8e277e8e277e8e277e8e277e8e277e8e277e8e277e8e277e8e277e8e277d8e277d
8e277d8e277d8e277d8e277d8e277d8e277c8e277c8e277c8e277c8e277c8e277c8e277c8e287b8e287b8e287b8e287b8e287b8e287b8e287b8e287b8e287a8e
287a8e287a8e287a8e287a8e287a8e287a8e287a8e287a8e287a8e287a8e287a8e287a8e287a8e29798e29798e29798e29798e29798e29798e29798e29798e29
788e29788e29788e29788e29788e29788e29788e2a768e2a768e2a768e2a768e2a768e2a768e2a768e2a758e2a758e2a758e2a758e2a758e2a758e2a758e2b73
8e2b738e2b738e2b738e2b738e2b738e2b738e2b738e2c728e2c728e2c728e2c728e2c728e2c728e2c728e2c708e2c708e2c708e2c708e2c708e2c708e2c708e
2d6e8e2d6e8e2d6e8e2d6e8e2d6e8e2d6e8e2d6e8e2d6e8e2e6c8e2e6c8e2e6c8e2e6c8e2e6c8e2e6c8e2e6c8e2f6a8d2f6a8d2f6a8d2f6a8d2f6a8d2f6a8d2f
6a8d30688d30688d30688d30688d30688d30688d30688d30688d31668d31668d31668d31668d31668d31668d31668d30688d30688d30688d30688d30688d3068
8d30688d2f6a8d2f6a8d2f6a8d2f6a8d2f6a8d2f6a8d2f6a8d2f6a8d2e6c8e2e6c8e2e6c8e2e6c8e2e6c8e2e6c8e2e6c8e2d6e8e2d6e8e2d6e8e2d6e8e2d6e8e
2d6e8e2d6e8e2c708e2c708e2c708e2c708e2c708e2c708e2c708e2c708e2c728e2c728e2c728e2c728e2c728e2c728e2c728e2b738e2b738e2b738e2b738e2b
738e2b738e2b738e2a758e2a758e2a758e2a758e2a758e2a758e2a758e2a768e2a768e2a768e2a768e2a768e2a768e2a768e2a768e29788e29788e29788e2978
8e29788e29788e29788e29798e29798e29798e29798e29798e29798e29798e287a8e287a8e287a8e287a8e287a8e287a8e287a8e287a8e287a8e287a8e287a8e
287a8e287a8e287a8e287a8e287b8e287b8e287b8e287b8e287b8e287b8e287b8e277c8e277c8e277c8e277c8e277c8e277c8e277c8e277c8e277d8e277d8e27
7d8e277d8e277d8e277d8e277d8e277e8e277e8e277e8e277e8e277e8e277e8e277e8e277e8e277e8e277e8e277e8e277e8e277e8e277e8e277e8e267f8e267f
8e267f8e267f8e267f8e267f8e267f8e267f8e267f8e267f8e267f8e267f8e267f8e267f8e26808e26808e26808e26808e26808e26808e26808e26808e26808e
26808e26808e26808e26808e26808e26808e26808e26808e26808e26808e26808e26808e26808e26808e26808e26808e26808e26808e26808e26808e26808e26
808e26808e26808e26808e26808e26808e26808e26808e26808e26808e26808e26808e26808e26808e26808e26808e26808e26808e26808e26808e26808e2680
8e26808e26808e26808e26808e26808e26808e26808e26808e26808e26808e26808e26808e26808e26808e26808e26808e26808e26808e26808e26808e26808e
267f8e267f8e267f8e267f8e267f8e267f8e267f8e267f8e267f8e267f8e267f8e267f8e267f8e267f8e267f8e277e8e277e8e277e8e277e8e277e8e277e8e27
7e8e277e8e277e8e277e8e277e8e277e8e277e8e277e8e277e8e277d8e277d8e277d8e277d8e277d8e277d8e277d8e277c8e277c8e277c8e277c8e277c8e277c
8e277c8e287b8e287b8e287b8e287b8e287b8e287b8e287b8e287b8e287a8e287a8e287a8e287a8e287a8e287a8e287a8e287a8e287a8e287a8e287a8e287a8e
287a8e287a8e29798e29798e29798e29798e29798e29798e29798e29798e29788e29788e29788e29788e29788e29788e29788e2a768e2a768e2a768e2a768e2a
768e2a768e2a768e2a758e2a758e2a758e2a758e2a758e2a758e2a758e2b738e2b738e2b738e2b738e2b738e2b738e2b738e2b738e2c728e2c728e2c728e2c72
8e2c728e2c728e2c728e2c708e2c708e2c708e2c708e2c708e2c708e2c708e2d6e8e2d6e8e2d6e8e2d6e8e2d6e8e2d6e8e2d6e8e2d6e8e2e6c8e2e6c8e2e6c8e
2e6c8e2e6c8e2e6c8e2e6c8e2f6a8d2f6a8d2f6a8d2f6a8d2f6a8d2f6a8d2f6a8d30688d30688d30688d30688d30688d30688d30688d30688d31668d31668d31
668d31668d31668d31668d31668d30688d30688d30688d30688d30688d30688d30688d2f6a8d2f6a8d2f6a8d2f6a8d2f6a8d2f6a8d2f6a8d2f6a8d2e6c8e2e6c
8e2e6c8e2e6c8e2e6c8e2e6c8e2e6c8e2d6e8e2d6e8e2d6e8e2d6e8e2d6e8e2d6e8e2d6e8e2c708e2c708e2c708e2c708e2c708e2c708e2c708e2c708e2c728e
2c728e2c728e2c728e2c728e2c728e2c728e2b738e2b738e2b738e2b738e2b738e2b738e2b738e2a758e2a758e2a758e2a758e2a758e2a758e2a758e2a768e2a
768e2a768e2a768e2a768e2a768e2a768e2a768e29788e29788e29788e29788e29788e29788e29788e29798e29798e29798e29798e29798e29798e29798e287a
8e287a8e287a8e287a8e287a8e287a8e287a8e287a8e287a8e287a8e287a8e287a8e287a8e287a8e287a8e287b8e287b8e287b8e287b8e287b8e287b8e287b8e
277c8e277c8e277c8e277c8e277c8e277c8e277c8e277c8e277d8e277d8e277d8e277d8e277d8e277d8e277d8e277e8e277e8e277e8e277e8e277e8e277e8e27
7e8e277e8e277e8e277e8e277e8e277e8e277e8e277e8e277e8e267f8e267f8e267f8e267f8e267f8e267f8e267f8e267f8e267f8e267f8e267f8e267f8e267f
8e267f8e26808e26808e26808e26808e26808e26808e26808e26808e26808e26808e26808e26808e26808e26808e26808e26808e26808e26808e26808e26808e
26808e26808e26808e26808e26808e26808e26808e26808e26808e26808e26808e26808e26808e26808e26808e26808e26808e26808e26808e26808e26808e26
808e26808e26808e26808e26808e26808e26808e26808e26808e26808e26808e26808e26808e26808e26808e26808e26808e26808e26808e26808e26808e2680
8e26808e26808e26808e26808e26808e26808e26808e26808e26808e26808e267f8e267f8e267f8e267f8e267f8e267f8e267f8e267f8e267f8e267f8e267f8e
267f8e267f8e267f8e267f8e277e8e277e8e277e8e277e8e277e8e277e8e277e8e277e8e277e8e277e8e277e8e277e8e277e8e277e8e277e8e277d8e277d8e27
7d8e277d8e277d8e277d8e277d8e277c8e277c8e277c8e277c8e277c8e277c8e277c8e287b8e287b8e287b8e287b8e287b8e287b8e287b8e287b8e287a8e287a
8e287a8e287a8e287a8e287a8e287a8e287a8e287a8e287a8e287a8e287a8e287a8e287a8e29798e29798e29798e29798e29798e29798e29798e29798e29788e
29788e29788e29788e29788e29788e29788e2a768e2a768e2a768e2a768e2a768e2a768e2a768e2a758e2a758e2a758e2a758e2a758e2a758e2a758e2b738e2b
738e2b738e2b738e2b738e2b738e2b738e2b738e2c728e2c728e2c728e2c728e2c728e2c728e2c728e2c708e2c708e2c708e2c708e2c708e2c708e2c708e2d6e
8e2d6e8e2d6e8e2d6e8e2d6e8e2d6e8e2d6e8e2d6e8e2e6c8e2e6c8e2e6c8e2e6c8e2e6c8e2e6c8e2e6c8e2f6a8d2f6a8d2f6a8d2f6a8d2f6a8d2f6a8d2f6a8d
30688d30688d30688d30688d30688d30688d30688d30688d31668d31668d31668d31668d31668d31668d31668d30688d30688d30688d30688d30688d30688d30
688d2f6a8d2f6a8d2f6a8d2f6a8d2f6a8d2f6a8d2f6a8d2f6a8d2e6c8e2e6c8e2e6c8e2e6c8e2e6c8e2e6c8e2e6c8e2d6e8e2d6e8e2d6e8e2d6e8e2d6e8e2d6e
8e2d6e8e2c708e2c708e2c708e2c708e2c708e2c708e2c708e2c708e2c728e2c728e2c728e2c728e2c728e2c728e2c728e2b738e2b738e2b738e2b738e2b738e
2b738e2b738e2a758e2a758e2a758e2a758e2a758e2a758e2a758e2a768e2a768e2a768e2a768e2a768e2a768e2a768e2a768e29788e29788e29788e29788e29
788e29788e29788e29798e29798e29798e29798e29798e29798e29798e287a8e287a8e287a8e287a8e287a8e287a8e287a8e287a8e287a8e287a8e287a8e287a
8e287a8e287a8e287a8e287b8e287b8e287b8e287b8e287b8e287b8e287b8e277c8e277c8e277c8e277c8e277c8e277c8e277c8e277c8e277d8e277d8e277d8e
277d8e277d8e277d8e277d8e277e8e277e8e277e8e277e8e277e8e277e8e277e8e277e8e277e8e277e8e277e8e277e8e277e8e277e8e277e8e267f8e267f8e26
7f8e267f8e267f8e267f8e267f8e267f8e267f8e267f8e267f8e267f8e267f8e267f8e26808e26808e26808e26808e26808e26808e26808e26808e26808e2680
8e26808e26808e26808e26808e26808e26808e26808e26808e26808e26808e26808e26808e26808e26808e26808e26808e26808e26808e26808e26808e26808e
26808e26808e26808e26808e26808e26808e26808e26808e26808e26808e26808e26808e26808e26808e26808e26808e26808e26808e26808e26808e26808e26
808e26808e26808e26808e26808e26808e26808e26808e26808e26808e26808e26808e26808e26808e26808e26808e26808e26808e26808e26808e26808e267f
8e267f8e267f8e267f8e267f8e267f8e267f8e267f8e267f8e267f8e267f8e267f8e267f8e267f8e267f8e277e8e277e8e277e8e277e8e277e8e277e8e277e8e
277e8e277e8e277e8e277e8e277e8e277e8e277e8e277e8e277d8e277d8e277d8e277d8e277d8e277d8e277d8e277c8e277c8e277c8e277c8e277c8e277c8e27
7c8e287b8e287b8e287b8e287b8e287b8e287b8e287b8e287b8e287a8e287a8e287a8e287a8e287a8e287a8e287a8e287a8e287a8e287a8e287a8e287a8e287a
8e287a8e29798e29798e29798e29798e29798e29798e29798e29798e29788e29788e29788e29788e29788e29788e29788e2a768e2a768e2a768e2a768e2a768e
2a768e2a768e2a758e2a758e2a758e2a758e2a758e2a758e2a758e2b738e2b738e2b738e2b738e2b738e2b738e2b738e2b738e2c728e2c728e2c728e2c728e2c
728e2c728e2c728e2c708e2c708e2c708e2c708e2c708e2c708e2c708e2d6e8e2d6e8e2d6e8e2d6e8e2d6e8e2d6e8e2d6e8e2d6e8e2e6c8e2e6c8e2e6c8e2e6c
8e2e6c8e2e6c8e2e6c8e2f6a8d2f6a8d2f6a8d2f6a8d2f6a8d2f6a8d2f6a8d30688d30688d30688d30688d30688d30688d30688d30688d31668d31668d31668d
31668d31668d31668d31668d30688d30688d30688d30688d30688d30688d30688d2f6a8d2f6a8d2f6a8d2f6a8d2f6a8d2f6a8d2f6a8d2f6a8d2e6c8e2e6c8e2e
6c8e2e6c8e2e6c8e2e6c8e2e6c8e2d6e8e2d6e8e2d6e8e2d6e8e2d6e8e2d6e8e2d6e8e2c708e2c708e2c708e2c708e2c708e2c708e2c708e2c708e2c728e2c72
8e2c728e2c728e2c728e2c728e2c728e2b738e2b738e2b738e2b738e2b738e2b738e2b738e2a758e2a758e2a758e2a758e2a758e2a758e2a758e2a768e2a768e
2a768e2a768e2a768e2a768e2a768e2a768e29788e29788e29788e29788e29788e29788e29788e29798e29798e29798e29798e29798e29798e29798e287a8e28
7a8e287a8e287a8e287a8e287a8e287a8e287a8e287a8e287a8e287a8e287a8e287a8e287a8e287a8e287b8e287b8e287b8e287b8e287b8e287b8e287b8e277c
8e277c8e277c8e277c8e277c8e277c8e277c8e277c8e277d8e277d8e277d8e277d8e277d8e277d8e277d8e277e8e277e8e277e8e277e8e277e8e277e8e277e8e
277e8e277e8e277e8e277e8e277e8e277e8e277e8e277e8e267f8e267f8e267f8e267f8e267f8e267f8e267f8e267f8e267f8e267f8e267f8e267f8e267f8e26
7f8e26808e26808e26808e26808e26808e26808e26808e26808e26808e26808e26808e26808e26808e26808e26808e26808e26808e26808e26808e26808e2680
8e26808e26808e26808e26808e26808e26808e26808e26808e26808e26808e26808e26808e26808e26808e26808e26808e26808e26808e26808e26808e26808e
26808e26808e26808e26808e26808e26808e26808e26808e26808e26808e26808e26808e26808e26808e26808e26808e26808e26808e26808e26808e26808e26
808e26808e26808e26808e26808e26808e26808e26808e26808e26808e267f8e267f8e267f8e267f8e267f8e267f8e267f8e267f8e267f8e267f8e267f8e267f
8e267f8e267f8e267f8e277e8e277e8e277e8e277e8e277e8e277e8e277e8e277e8e277e8e277e8e277e8e277e8e277e8e277e8e277e8e277d8e277d8e277d8e
277d8e277d8e277d8e277d8e277c8e277c8e277c8e277c8e277c8e277c8e277c8e287b8e287b8e287b8e287b8e287b8e287b8e287b8e287b8e287a8e287a8e28
7a8e287a8e287a8e287a8e287a8e287a8e287a8e287a8e287a8e287a8e287a8e287a8e29798e29798e29798e29798e29798e29798e29798e29798e29788e2978
8e29788e29788e29788e29788e29788e2a768e2a768e2a768e2a768e2a768e2a768e2a768e2a758e2a758e2a758e2a758e2a758e2a758e2a758e2b738e2b738e
2b738e2b738e2b738e2b738e2b738e2b738e2c728e2c728e2c728e2c728e2c728e2c728e2c728e2c708e2c708e2c708e2c708e2c708e2c708e2c708e2d6e8e2d
6e8e2d6e8e2d6e8e2d6e8e2d6e8e2d6e8e2d6e8e2e6c8e2e6c8e2e6c8e2e6c8e2e6c8e2e6c8e2e6c8e2f6a8d2f6a8d2f6a8d2f6a8d2f6a8d2f6a8d2f6a8d3068
8d30688d30688d30688d30688d30688d30688d30688d31668d31668d31668d31668d31668d31668d31668d30688d30688d30688d30688d30688d30688d30688d
2f6a8d2f6a8d2f6a8d2f6a8d2f6a8d2f6a8d2f6a8d2f6a8d2e6c8e2e6c8e2e6c8e2e6c8e2e6c8e2e6c8e2e6c8e2d6e8e2d6e8e2d6e8e2d6e8e2d6e8e2d6e8e2d
6e8e2c708e2c708e2c708e2c708e2c708e2c708e2c708e2c708e2c728e2c728e2c728e2c728e2c728e2c728e2c728e2b738e2b738e2b738e2b738e2b738e2b73
8e2b738e2a758e2a758e2a758e2a758e2a758e2a758e2a758e2a768e2a768e2a768e2a768e2a768e2a768e2a768e2a768e29788e29788e29788e29788e29788e
29788e29788e29798e29798e29798e29798e29798e29798e29798e287a8e287a8e287a8e287a8e287a8e287a8e287a8e287a8e287a8e287a8e287a8e287a8e28
7a8e287a8e287a8e287b8e287b8e287b8e287b8e287b8e287b8e287b8e277c8e277c8e277c8e277c8e277c8e277c8e277c8e277c8e277d8e277d8e277d8e277d
8e277d8e277d8e277d8e277e8e277e8e277e8e277e8e277e8e277e8e277e8e277e8e277e8e277e8e277e8e277e8e277e8e277e8e277e8e267f8e267f8e267f8e
267f8e267f8e267f8e267f8e267f8e267f8e267f8e267f8e267f8e267f8e267f8e26808e26808e26808e26808e26808e26808e26808e26808e26808e26808e26
808e26808e26808e26808e26808e26808e26808e26808e26808e26808e26808e26808e26808e26808e26808e26808e26808e26808e26808e26808e26808e2680
8e26808e26808e26808e26808e26808e26808e26808e26808e26808e26808e26808e26808e26808e26808e26808e26808e26808e26808e26808e26808e26808e
26808e26808e26808e26808e26808e26808e26808e26808e26808e26808e26808e26808e26808e26808e26808e26808e26808e26808e26808e26808e267f8e26
7f8e267f8e267f8e267f8e267f8e267f8e267f8e267f8e267f8e267f8e267f8e267f8e267f8e267f8e277e8e277e8e277e8e277e8e277e8e277e8e277e8e277e
8e277e8e277e8e277e8e277e8e277e8e277e8e277e8e277d8e277d8e277d8e277d8e277d8e277d8e277d8e277c8e277c8e277c8e277c8e277c8e277c8e277c8e
287b8e287b8e287b8e287b8e287b8e287b8e287b8e287b8e287a8e287a8e287a8e287a8e287a8e287a8e287a8e287a8e287a8e287a8e287a8e287a8e287a8e28
7a8e29798e29798e29798e29798e29798e29798e29798e29798e29788e29788e29788e29788e29788e29788e29788e2a768e2a768e2a768e2a768e2a768e2a76
8e2a768e2a758e2a758e2a758e2a758e2a758e2a758e2a758e2b738e2b738e2b738e2b738e2b738e2b738e2b738e2b738e2c728e2c728e2c728e2c728e2c728e
2c728e2c728e2c708e2c708e2c708e2c708e2c708e2c708e2c708e2d6e8e2d6e8e2d6e8e2d6e8e2d6e8e2d6e8e2d6e8e2d6e8e2e6c8e2e6c8e2e6c8e2e6c8e2e
6c8e2e6c8e2e6c8e2f6a8d2f6a8d2f6a8d2f6a8d2f6a8d2f6a8d2f6a8d30688d30688d30688d30688d30688d30688d30688d30688d31668d31668d31668d3166
8d31668d31668d31668d30688d30688d30688d30688d30688d30688d30688d2f6a8d2f6a8d2f6a8d2f6a8d2f6a8d2f6a8d2f6a8d2f6a8d2e6c8e2e6c8e2e6c8e
2e6c8e2e6c8e2e6c8e2e6c8e2d6e8e2d6e8e2d6e8e2d6e8e2d6e8e2d6e8e2d6e8e2c708e2c708e2c708e2c708e2c708e2c708e2c708e2c708e2c728e2c728e2c
728e2c728e2c728e2c728e2c728e2b738e2b738e2b738e2b738e2b738e2b738e2b738e2a758e2a758e2a758e2a758e2a758e2a758e2a758e2a768e2a768e2a76
8e2a768e2a768e2a768e2a768e2a768e29788e29788e29788e29788e29788e29788e29788e29798e29798e29798e29798e29798e29798e29798e287a8e287a8e
287a8e287a8e287a8e287a8e287a8e287a8e287a8e287a8e287a8e287a8e287a8e287a8e287a8e287b8e287b8e287b8e287b8e287b8e287b8e287b8e277c8e27
7c8e277c8e277c8e277c8e277c8e277c8e277c8e277d8e277d8e277d8e277d8e277d8e277d8e277d8e277e8e277e8e277e8e277e8e277e8e277e8e277e8e277e
8e277e8e277e8e277e8e277e8e277e8e277e8e277e8e267f8e267f8e267f8e267f8e267f8e267f8e267f8e267f8e267f8e267f8e267f8e267f8e267f8e267f8e
26808e26808e26808e26808e26808e26808e26808e26808e26808e26808e26808e26808e26808e26808e26808e26808e26808e26808e26808e26808e26808e26
808e26808e26808e26808e26808e26808e26808e26808e26808e26808e26808e26808e26808e26808e26808e26808e26808e26808e26808e26808e26808e2680
8e26808e26808e26808e26808e26808e26808e26808e26808e26808e26808e26808e26808e26808e26808e26808e26808e26808e26808e26808e26808e26808e
26808e26808e26808e26808e26808e26808e26808e26808e26808e267f8e267f8e267f8e267f8e267f8e267f8e267f8e267f8e267f8e267f8e267f8e267f8e26
7f8e267f8e267f8e277e8e277e8e277e8e277e8e277e8e277e8e277e8e277e8e277e8e277e8e277e8e277e8e277e8e277e8e277e8e277d8e277d8e277d8e277d
8e277d8e277d8e277d8e277c8e277c8e277c8e277c8e277c8e277c8e277c8e287b8e287b8e287b8e287b8e287b8e287b8e287b8e287b8e287a8e287a8e287a8e
287a8e287a8e287a8e287a8e287a8e287a8e287a8e287a8e287a8e287a8e287a8e29798e29798e29798e29798e29798e29798e29798e29798e29788e29788e29
788e29788e29788e29788e29788e2a768e2a768e2a768e2a768e2a768e2a768e2a768e2a758e2a758e2a758e2a758e2a758e2a758e2a758e2b738e2b738e2b73
8e2b738e2b738e2b738e2b738e2b738e2c728e2c728e2c728e2c728e2c728e2c728e2c728e2c708e2c708e2c708e2c708e2c708e2c708e2c708e2d6e8e2d6e8e
2d6e8e2d6e8e2d6e8e2d6e8e2d6e8e2d6e8e2e6c8e2e6c8e2e6c8e2e6c8e2e6c8e2e6c8e2e6c8e2f6a8d2f6a8d2f6a8d2f6a8d2f6a8d2f6a8d2f6a8d30688d30
688d30688d30688d30688d30688d30688d30688d31668d31668d31668d31668d31668d31668d31668d31648d31648d31648d31648d31648d31648d31648d3166
8d31668d31668d31668d31668d31668d31668d31668d30688d30688d30688d30688d30688d30688d30688d2f6a8d2f6a8d2f6a8d2f6a8d2f6a8d2f6a8d2f6a8d
2e6b8e2e6b8e2e6b8e2e6b8e2e6b8e2e6b8e2e6b8e2e6b8e2e6d8e2e6d8e2e6d8e2e6d8e2e6d8e2e6d8e2e6d8e2d6f8e2d6f8e2d6f8e2d6f8e2d6f8e2d6f8e2d
6f8e2c708e2c708e2c708e2c708e2c708e2c708e2c708e2c728e2c728e2c728e2c728e2c728e2c728e2c728e2c728e2b738e2b738e2b738e2b738e2b738e2b73
8e2b738e2b748e2b748e2b748e2b748e2b748e2b748e2b748e2a758e2a758e2a758e2a758e2a758e2a758e2a758e2a758e2a768e2a768e2a768e2a768e2a768e
2a768e2a768e2a778e2a778e2a778e2a778e2a778e2a778e2a778e29788e29788e29788e29788e29788e29788e29788e29788e29798e29798e29798e29798e29
798e29798e29798e287a8e287a8e287a8e287a8e287a8e287a8e287a8e287a8e287a8e287a8e287a8e287a8e287a8e287a8e287a8e287a8e287a8e287a8e287a
8e287a8e287a8e287a8e287a8e287a8e287a8e287a8e287a8e287a8e287a8e287b8e287b8e287b8e287b8e287b8e287b8e287b8e287b8e287b8e287b8e287b8e
287b8e287b8e287b8e287b8e287b8e287b8e287b8e287b8e287b8e287b8e287b8e287b8e287b8e287b8e287b8e287b8e287b8e287b8e287b8e287b8e287b8e28
7b8e287b8e287b8e287b8e287b8e287b8e287b8e287b8e287b8e287b8e287b8e287b8e287b8e287b8e287b8e287b8e287b8e287b8e287b8e287b8e287b8e287b
8e287b8e287b8e287b8e287b8e287b8e287b8e287b8e287b8e287b8e287b8e287b8e287b8e287b8e287b8e287b8e287b8e287b8e287b8e287b8e287a8e287a8e
287a8e287a8e287a8e287a8e287a8e287a8e287a8e287a8e287a8e287a8e287a8e287a8e287a8e287a8e287a8e287a8e287a8e287a8e287a8e287a8e287a8e28
7a8e287a8e287a8e287a8e287a8e287a8e287a8e29798e29798e29798e29798e29798e29798e29798e29788e29788e29788e29788e29788e29788e29788e2a77
8e2a778e2a778e2a778e2a778e2a778e2a778e2a778e2a768e2a768e2a768e2a768e2a768e2a768e2a768e2a758e2a758e2a758e2a758e2a758e2a758e2a758e
2b748e2b748e2b748e2b748e2b748e2b748e2b748e2b748e2b738e2b738e2b738e2b738e2b738e2b738e2b738e2c728e2c728e2c728e2c728e2c728e2c728e2c
728e2c708e2c708e2c708e2c708e2c708e2c708e2c708e2d6f8e2d6f8e2d6f8e2d6f8e2d6f8e2d6f8e2d6f8e2d6f8e2e6d8e2e6d8e2e6d8e2e6d8e2e6d8e2e6d
8e2e6d8e2e6b8e2e6b8e2e6b8e2e6b8e2e6b8e2e6b8e2e6b8e2f6a8d2f6a8d2f6a8d2f6a8d2f6a8d2f6a8d2f6a8d2f6a8d30688d30688d30688d30688d30688d
30688d30688d31668d31668d31668d31668d31668d31668d31668d31648d31648d31648d31648d31648d31648d31648d31648d33618d33618d33618d33618d33
618d33618d33618d31648d31648d31648d31648d31648d31648d31648d31668d31668d31668d31668d31668d31668d31668d31668d30688d30688d30688d3068
8d30688d30688d30688d2f6a8d2f6a8d2f6a8d2f6a8d2f6a8d2f6a8d2f6a8d2e6b8e2e6b8e2e6b8e2e6b8e2e6b8e2e6b8e2e6b8e2e6b8e2e6d8e2e6d8e2e6d8e
2e6d8e2e6d8e2e6d8e2e6d8e2d6f8e2d6f8e2d6f8e2d6f8e2d6f8e2d6f8e2d6f8e2c708e2c708e2c708e2c708e2c708e2c708e2c708e2c728e2c728e2c728e2c
728e2c728e2c728e2c728e2c728e2b738e2b738e2b738e2b738e2b738e2b738e2b738e2b748e2b748e2b748e2b748e2b748e2b748e2b748e2a758e2a758e2a75
8e2a758e2a758e2a758e2a758e2a758e2a768e2a768e2a768e2a768e2a768e2a768e2a768e2a778e2a778e2a778e2a778e2a778e2a778e2a778e29788e29788e
29788e29788e29788e29788e29788e29788e29798e29798e29798e29798e29798e29798e29798e287a8e287a8e287a8e287a8e287a8e287a8e287a8e287a8e28
7a8e287a8e287a8e287a8e287a8e287a8e287a8e287a8e287a8e287a8e287a8e287a8e287a8e287a8e287a8e287a8e287a8e287a8e287a8e287a8e287a8e287b
8e287b8e287b8e287b8e287b8e287b8e287b8e287b8e287b8e287b8e287b8e287b8e287b8e287b8e287b8e287b8e287b8e287b8e287b8e287b8e287b8e287b8e
287b8e287b8e287b8e287b8e287b8e287b8e287b8e287b8e287b8e287b8e287b8e287b8e287b8e287b8e287b8e287b8e287b8e287b8e287b8e287b8e287b8e28
7b8e287b8e287b8e287b8e287b8e287b8e287b8e287b8e287b8e287b8e287b8e287b8e287b8e287b8e287b8e287b8e287b8e287b8e287b8e287b8e287b8e287b
8e287b8e287b8e287b8e287b8e287b8e287b8e287b8e287b8e287a8e287a8e287a8e287a8e287a8e287a8e287a8e287a8e287a8e287a8e287a8e287a8e287a8e
287a8e287a8e287a8e287a8e287a8e287a8e287a8e287a8e287a8e287a8e287a8e287a8e287a8e287a8e287a8e287a8e287a8e29798e29798e29798e29798e29
798e29798e29798e29788e29788e29788e29788e29788e29788e29788e2a778e2a778e2a778e2a778e2a778e2a778e2a778e2a778e2a768e2a768e2a768e2a76
8e2a768e2a768e2a768e2a758e2a758e2a758e2a758e2a758e2a758e2a758e2b748e2b748e2b748e2b748e2b748e2b748e2b748e2b748e2b738e2b738e2b738e
2b738e2b738e2b738e2b738e2c728e2c728e2c728e2c728e2c728e2c728e2c728e2c708e2c708e2c708e2c708e2c708e2c708e2c708e2d6f8e2d6f8e2d6f8e2d
6f8e2d6f8e2d6f8e2d6f8e2d6f8e2e6d8e2e6d8e2e6d8e2e6d8e2e6d8e2e6d8e2e6d8e2e6b8e2e6b8e2e6b8e2e6b8e2e6b8e2e6b8e2e6b8e2f6a8d2f6a8d2f6a
8d2f6a8d2f6a8d2f6a8d2f6a8d2f6a8d30688d30688d30688d30688d30688d30688d30688d31668d31668d31668d31668d31668d31668d31668d31648d31648d
31648d31648d31648d31648d31648d31648d33618d33618d33618d33618d33618d33618d33618d31648d31648d31648d31648d31648d31648d31648d31668d31
668d31668d31668d31668d31668d31668d31668d30688d30688d30688d30688d30688d30688d30688d2f6a8d2f6a8d2f6a8d2f6a8d2f6a8d2f6a8d2f6a8d2e6b
8e2e6b8e2e6b8e2e6b8e2e6b8e2e6b8e2e6b8e2e6b8e2e6d8e2e6d8e2e6d8e2e6d8e2e6d8e2e6d8e2e6d8e2d6f8e2d6f8e2d6f8e2d6f8e2d6f8e2d6f8e2d6f8e
2c708e2c708e2c708e2c708e2c708e2c708e2c708e2c728e2c728e2c728e2c728e2c728e2c728e2c728e2c728e2b738e2b738e2b738e2b738e2b738e2b738e2b
738e2b748e2b748e2b748e2b748e2b748e2b748e2b748e2a758e2a758e2a758e2a758e2a758e2a758e2a758e2a758e2a768e2a768e2a768e2a768e2a768e2a76
8e2a768e2a778e2a778e2a778e2a778e2a778e2a778e2a778e29788e29788e29788e29788e29788e29788e29788e29788e29798e29798e29798e29798e29798e
29798e29798e287a8e287a8e287a8e287a8e287a8e287a8e287a8e287a8e287a8e287a8e287a8e287a8e287a8e287a8e287a8e287a8e287a8e287a8e287a8e28
7a8e287a8e287a8e287a8e287a8e287a8e287a8e287a8e287a8e287a8e287b8e287b8e287b8e287b8e287b8e287b8e287b8e287b8e287b8e287b8e287b8e287b
8e287b8e287b8e287b8e287b8e287b8e287b8e287b8e287b8e287b8e287b8e287b8e287b8e287b8e287b8e287b8e287b8e287b8e287b8e287b8e287b8e287b8e
287b8e287b8e287b8e287b8e287b8e287b8e287b8e287b8e287b8e287b8e287b8e287b8e287b8e287b8e287b8e287b8e287b8e287b8e287b8e287b8e287b8e28
7b8e287b8e287b8e287b8e287b8e287b8e287b8e287b8e287b8e287b8e287b8e287b8e287b8e287b8e287b8e287b8e287b8e287b8e287b8e287a8e287a8e287a
8e287a8e287a8e287a8e287a8e287a8e287a8e287a8e287a8e287a8e287a8e287a8e287a8e287a8e287a8e287a8e287a8e287a8e287a8e287a8e287a8e287a8e
287a8e287a8e287a8e287a8e287a8e287a8e29798e29798e29798e29798e29798e29798e29798e29788e29788e29788e29788e29788e29788e29788e2a778e2a
778e2a778e2a778e2a778e2a778e2a778e2a778e2a768e2a768e2a768e2a768e2a768e2a768e2a768e2a758e2a758e2a758e2a758e2a758e2a758e2a758e2b74
8e2b748e2b748e2b748e2b748e2b748e2b748e2b748e2b738e2b738e2b738e2b738e2b738e2b738e2b738e2c728e2c728e2c728e2c728e2c728e2c728e2c728e
2c708e2c708e2c708e2c708e2c708e2c708e2c708e2d6f8e2d6f8e2d6f8e2d6f8e2d6f8e2d6f8e2d6f8e2d6f8e2e6d8e2e6d8e2e6d8e2e6d8e2e6d8e2e6d8e2e
6d8e2e6b8e2e6b8e2e6b8e2e6b8e2e6b8e2e6b8e2e6b8e2f6a8d2f6a8d2f6a8d2f6a8d2f6a8d2f6a8d2f6a8d2f6a8d30688d30688d30688d30688d30688d3068
8d30688d31668d31668d31668d31668d31668d31668d31668d31648d31648d31648d31648d31648d31648d31648d31648d33618d33618d33618d33618d33618d
33618d33618d31648d31648d31648d31648d31648d31648d31648d31668d31668d31668d31668d31668d31668d31668d31668d30688d30688d30688d30688d30
688d30688d30688d2f6a8d2f6a8d2f6a8d2f6a8d2f6a8d2f6a8d2f6a8d2e6b8e2e6b8e2e6b8e2e6b8e2e6b8e2e6b8e2e6b8e2e6b8e2e6d8e2e6d8e2e6d8e2e6d
8e2e6d8e2e6d8e2e6d8e2d6f8e2d6f8e2d6f8e2d6f8e2d6f8e2d6f8e2d6f8e2c708e2c708e2c708e2c708e2c708e2c708e2c708e2c728e2c728e2c728e2c728e
2c728e2c728e2c728e2c728e2b738e2b738e2b738e2b738e2b738e2b738e2b738e2b748e2b748e2b748e2b748e2b748e2b748e2b748e2a758e2a758e2a758e2a
758e2a758e2a758e2a758e2a758e2a768e2a768e2a768e2a768e2a768e2a768e2a768e2a778e2a778e2a778e2a778e2a778e2a778e2a778e29788e29788e2978
8e29788e29788e29788e29788e29788e29798e29798e29798e29798e29798e29798e29798e287a8e287a8e287a8e287a8e287a8e287a8e287a8e287a8e287a8e
287a8e287a8e287a8e287a8e287a8e287a8e287a8e287a8e287a8e287a8e287a8e287a8e287a8e287a8e287a8e287a8e287a8e287a8e287a8e287a8e287b8e28
7b8e287b8e287b8e287b8e287b8e287b8e287b8e287b8e287b8e287b8e287b8e287b8e287b8e287b8e287b8e287b8e287b8e287b8e287b8e287b8e287b8e287b
8e287b8e287b8e287b8e287b8e287b8e287b8e287b8e287b8e287b8e287b8e287b8e287b8e287b8e287b8e287b8e287b8e287b8e287b8e287b8e287b8e287b8e
287b8e287b8e287b8e287b8e287b8e287b8e287b8e287b8e287b8e287b8e287b8e287b8e287b8e287b8e287b8e287b8e287b8e287b8e287b8e287b8e287b8e28
7b8e287b8e287b8e287b8e287b8e287b8e287b8e287b8e287a8e287a8e287a8e287a8e287a8e287a8e287a8e287a8e287a8e287a8e287a8e287a8e287a8e287a
8e287a8e287a8e287a8e287a8e287a8e287a8e287a8e287a8e287a8e287a8e287a8e287a8e287a8e287a8e287a8e287a8e29798e29798e29798e29798e29798e
29798e29798e29788e29788e29788e29788e29788e29788e29788e2a778e2a778e2a778e2a778e2a778e2a778e2a778e2a778e2a768e2a768e2a768e2a768e2a
768e2a768e2a768e2a758e2a758e2a758e2a758e2a758e2a758e2a758e2b748e2b748e2b748e2b748e2b748e2b748e2b748e2b748e2b738e2b738e2b738e2b73
8e2b738e2b738e2b738e2c728e2c728e2c728e2c728e2c728e2c728e2c728e2c708e2c708e2c708e2c708e2c708e2c708e2c708e2d6f8e2d6f8e2d6f8e2d6f8e
2d6f8e2d6f8e2d6f8e2d6f8e2e6d8e2e6d8e2e6d8e2e6d8e2e6d8e2e6d8e2e6d8e2e6b8e2e6b8e2e6b8e2e6b8e2e6b8e2e6b8e2e6b8e2f6a8d2f6a8d2f6a8d2f
6a8d2f6a8d2f6a8d2f6a8d2f6a8d30688d30688d30688d30688d30688d30688d30688d31668d31668d31668d31668d31668d31668d31668d31648d31648d3164
8d31648d31648d31648d31648d31648d33618d33618d33618d33618d33618d33618d33618d31648d31648d31648d31648d31648d31648d31648d31668d31668d
31668d31668d31668d31668d31668d31668d30688d30688d30688d30688d30688d30688d30688d2f6a8d2f6a8d2f6a8d2f6a8d2f6a8d2f6a8d2f6a8d2e6b8e2e
6b8e2e6b8e2e6b8e2e6b8e2e6b8e2e6b8e2e6b8e2e6d8e2e6d8e2e6d8e2e6d8e2e6d8e2e6d8e2e6d8e2d6f8e2d6f8e2d6f8e2d6f8e2d6f8e2d6f8e2d6f8e2c70
8e2c708e2c708e2c708e2c708e2c708e2c708e2c728e2c728e2c728e2c728e2c728e2c728e2c728e2c728e2b738e2b738e2b738e2b738e2b738e2b738e2b738e
2b748e2b748e2b748e2b748e2b748e2b748e2b748e2a758e2a758e2a758e2a758e2a758e2a758e2a758e2a758e2a768e2a768e2a768e2a768e2a768e2a768e2a
768e2a778e2a778e2a778e2a778e2a778e2a778e2a778e29788e29788e29788e29788e29788e29788e29788e29788e29798e29798e29798e29798e29798e2979
8e29798e287a8e287a8e287a8e287a8e287a8e287a8e287a8e287a8e287a8e287a8e287a8e287a8e287a8e287a8e287a8e287a8e287a8e287a8e287a8e287a8e
287a8e287a8e287a8e287a8e287a8e287a8e287a8e287a8e287a8e287b8e287b8e287b8e287b8e287b8e287b8e287b8e287b8e287b8e287b8e287b8e287b8e28
7b8e287b8e287b8e287b8e287b8e287b8e287b8e287b8e287b8e287b8e287b8e287b8e287b8e287b8e287b8e287b8e287b8e287b8e287b8e287b8e287b8e287b
8e287b8e287b8e287b8e287b8e287b8e287b8e287b8e287b8e287b8e287b8e287b8e287b8e287b8e287b8e287b8e287b8e287b8e287b8e287b8e287b8e287b8e
287b8e287b8e287b8e287b8e287b8e287b8e287b8e287b8e287b8e287b8e287b8e287b8e287b8e287b8e287b8e287b8e287b8e287b8e287a8e287a8e287a8e28
7a8e287a8e287a8e287a8e287a8e287a8e287a8e287a8e287a8e287a8e287a8e287a8e287a8e287a8e287a8e287a8e287a8e287a8e287a8e287a8e287a8e287a
8e287a8e287a8e287a8e287a8e287a8e29798e29798e29798e29798e29798e29798e29798e29788e29788e29788e29788e29788e29788e29788e2a778e2a778e
2a778e2a778e2a778e2a778e2a778e2a778e2a768e2a768e2a768e2a768e2a768e2a768e2a768e2a758e2a758e2a758e2a758e2a758e2a758e2a758e2b748e2b
748e2b748e2b748e2b748e2b748e2b748e2b748e2b738e2b738e2b738e2b738e2b738e2b738e2b738e2c728e2c728e2c728e2c728e2c728e2c728e2c728e2c70
8e2c708e2c708e2c708e2c708e2c708e2c708e2d6f8e2d6f8e2d6f8e2d6f8e2d6f8e2d6f8e2d6f8e2d6f8e2e6d8e2e6d8e2e6d8e2e6d8e2e6d8e2e6d8e2e6d8e
2e6b8e2e6b8e2e6b8e2e6b8e2e6b8e2e6b8e2e6b8e2f6a8d2f6a8d2f6a8d2f6a8d2f6a8d2f6a8d2f6a8d2f6a8d30688d30688d30688d30688d30688d30688d30
688d31668d31668d31668d31668d31668d31668d31668d31648d31648d31648d31648d31648d31648d31648d31648d33618d33618d33618d33618d33618d3361
8d33618d31648d31648d31648d31648d31648d31648d31648d31668d31668d31668d31668d31668d31668d31668d31668d30688d30688d30688d30688d30688d
30688d30688d2f6a8d2f6a8d2f6a8d2f6a8d2f6a8d2f6a8d2f6a8d2e6b8e2e6b8e2e6b8e2e6b8e2e6b8e2e6b8e2e6b8e2e6b8e2e6d8e2e6d8e2e6d8e2e6d8e2e
6d8e2e6d8e2e6d8e2d6f8e2d6f8e2d6f8e2d6f8e2d6f8e2d6f8e2d6f8e2c708e2c708e2c708e2c708e2c708e2c708e2c708e2c728e2c728e2c728e2c728e2c72
8e2c728e2c728e2c728e2b738e2b738e2b738e2b738e2b738e2b738e2b738e2b748e2b748e2b748e2b748e2b748e2b748e2b748e2a758e2a758e2a758e2a758e
2a758e2a758e2a758e2a758e2a768e2a768e2a768e2a768e2a768e2a768e2a768e2a778e2a778e2a778e2a778e2a778e2a778e2a778e29788e29788e29788e29
788e29788e29788e29788e29788e29798e29798e29798e29798e29798e29798e29798e287a8e287a8e287a8e287a8e287a8e287a8e287a8e287a8e287a8e287a
8e287a8e287a8e287a8e287a8e287a8e287a8e287a8e287a8e287a8e287a8e287a8e287a8e287a8e287a8e287a8e287a8e287a8e287a8e287a8e287b8e287b8e
287b8e287b8e287b8e287b8e287b8e287b8e287b8e287b8e287b8e287b8e287b8e287b8e287b8e287b8e287b8e287b8e287b8e287b8e287b8e287b8e287b8e28
7b8e287b8e287b8e287b8e287b8e287b8e287b8e287b8e287b8e287b8e287b8e287b8e287b8e287b8e287b8e287b8e287b8e287b8e287b8e287b8e287b8e287b
8e287b8e287b8e287b8e287b8e287b8e287b8e287b8e287b8e287b8e287b8e287b8e287b8e287b8e287b8e287b8e287b8e287b8e287b8e287b8e287b8e287b8e
287b8e287b8e287b8e287b8e287b8e287b8e287b8e287a8e287a8e287a8e287a8e287a8e287a8e287a8e287a8e287a8e287a8e287a8e287a8e287a8e287a8e28
7a8e287a8e287a8e287a8e287a8e287a8e287a8e287a8e287a8e287a8e287a8e287a8e287a8e287a8e287a8e287a8e29798e29798e29798e29798e29798e2979
8e29798e29788e29788e29788e29788e29788e29788e29788e2a778e2a778e2a778e2a778e2a778e2a778e2a778e2a778e2a768e2a768e2a768e2a768e2a768e
2a768e2a768e2a758e2a758e2a758e2a758e2a758e2a758e2a758e2b748e2b748e2b748e2b748e2b748e2b748e2b748e2b748e2b738e2b738e2b738e2b738e2b
738e2b738e2b738e2c728e2c728e2c728e2c728e2c728e2c728e2c728e2c708e2c708e2c708e2c708e2c708e2c708e2c708e2d6f8e2d6f8e2d6f8e2d6f8e2d6f
8e2d6f8e2d6f8e2d6f8e2e6d8e2e6d8e2e6d8e2e6d8e2e6d8e2e6d8e2e6d8e2e6b8e2e6b8e2e6b8e2e6b8e2e6b8e2e6b8e2e6b8e2f6a8d2f6a8d2f6a8d2f6a8d
2f6a8d2f6a8d2f6a8d2f6a8d30688d30688d30688d30688d30688d30688d30688d31668d31668d31668d31668d31668d31668d31668d31648d31648d31648d31
648d31648d31648d31648d31648d33618d33618d33618d33618d33618d33618d33618d31648d31648d31648d31648d31648d31648d31648d31668d31668d3166
8d31668d31668d31668d31668d31668d30688d30688d30688d30688d30688d30688d30688d2f6a8d2f6a8d2f6a8d2f6a8d2f6a8d2f6a8d2f6a8d2e6b8e2e6b8e
2e6b8e2e6b8e2e6b8e2e6b8e2e6b8e2e6b8e2e6d8e2e6d8e2e6d8e2e6d8e2e6d8e2e6d8e2e6d8e2d6f8e2d6f8e2d6f8e2d6f8e2d6f8e2d6f8e2d6f8e2c708e2c
708e2c708e2c708e2c708e2c708e2c708e2c728e2c728e2c728e2c728e2c728e2c728e2c728e2c728e2b738e2b738e2b738e2b738e2b738e2b738e2b738e2b74
8e2b748e2b748e2b748e2b748e2b748e2b748e2a758e2a758e2a758e2a758e2a758e2a758e2a758e2a758e2a768e2a768e2a768e2a768e2a768e2a768e2a768e
2a778e2a778e2a778e2a778e2a778e2a778e2a778e29788e29788e29788e29788e29788e29788e29788e29788e29798e29798e29798e29798e29798e29798e29
798e287a8e287a8e287a8e287a8e287a8e287a8e287a8e287a8e287a8e287a8e287a8e287a8e287a8e287a8e287a8e287a8e287a8e287a8e287a8e287a8e287a
8e287a8e287a8e287a8e287a8e287a8e287a8e287a8e287a8e287b8e287b8e287b8e287b8e287b8e287b8e287b8e287b8e287b8e287b8e287b8e287b8e287b8e
287b8e287b8e287b8e287b8e287b8e287b8e287b8e287b8e287b8e287b8e287b8e287b8e287b8e287b8e287b8e287b8e287b8e287b8e287b8e287b8e287b8e28
7b8e287b8e287b8e287b8e287b8e287b8e287b8e287b8e287b8e287b8e287b8e287b8e287b8e287b8e287b8e287b8e287b8e287b8e287b8e287b8e287b8e287b
8e287b8e287b8e287b8e287b8e287b8e287b8e287b8e287b8e287b8e287b8e287b8e287b8e287b8e287b8e287b8e287b8e287b8e287a8e287a8e287a8e287a8e
287a8e287a8e287a8e287a8e287a8e287a8e287a8e287a8e287a8e287a8e287a8e287a8e287a8e287a8e287a8e287a8e287a8e287a8e287a8e287a8e287a8e28
7a8e287a8e287a8e287a8e287a8e29798e29798e29798e29798e29798e29798e29798e29788e29788e29788e29788e29788e29788e29788e2a778e2a778e2a77
8e2a778e2a778e2a778e2a778e2a778e2a768e2a768e2a768e2a768e2a768e2a768e2a768e2a758e2a758e2a758e2a758e2a758e2a758e2a758e2b748e2b748e
2b748e2b748e2b748e2b748e2b748e2b748e2b738e2b738e2b738e2b738e2b738e2b738e2b738e2c728e2c728e2c728e2c728e2c728e2c728e2c728e2c708e2c
708e2c708e2c708e2c708e2c708e2c708e2d6f8e2d6f8e2d6f8e2d6f8e2d6f8e2d6f8e2d6f8e2d6f8e2e6d8e2e6d8e2e6d8e2e6d8e2e6d8e2e6d8e2e6d8e2e6b
8e2e6b8e2e6b8e2e6b8e2e6b8e2e6b8e2e6b8e2f6a8d2f6a8d2f6a8d2f6a8d2f6a8d2f6a8d2f6a8d2f6a8d30688d30688d30688d30688d30688d30688d30688d
31668d31668d31668d31668d31668d31668d31668d31648d31648d31648d31648d31648d31648d31648d31648d33618d33618d33618d33618d33618d33618d33
618d345f8d345f8d345f8d345f8d345f8d345f8d345f8d33618d33618d33618d33618d33618d33618d33618d33618d32638d32638d32638d32638d32638d3263
8d32638d31658d31658d31658d31658d31658d31658d31658d30678d30678d30678d30678d30678d30678d30678d30678d30688d30688d30688d30688d30688d
30688d30688d2f6a8d2f6a8d2f6a8d2f6a8d2f6a8d2f6a8d2f6a8d2e6b8e2e6b8e2e6b8e2e6b8e2e6b8e2e6b8e2e6b8e2e6d8e2e6d8e2e6d8e2e6d8e2e6d8e2e
6d8e2e6d8e2e6d8e2d6e8e2d6e8e2d6e8e2d6e8e2d6e8e2d6e8e2d6e8e2d6f8e2d6f8e2d6f8e2d6f8e2d6f8e2d6f8e2d6f8e2c708e2c708e2c708e2c708e2c70
8e2c708e2c708e2c708e2c718e2c718e2c718e2c718e2c718e2c718e2c718e2c728e2c728e2c728e2c728e2c728e2c728e2c728e2b738e2b738e2b738e2b738e
2b738e2b738e2b738e2b738e2b748e2b748e2b748e2b748e2b748e2b748e2b748e2a758e2a758e2a758e2a758e2a758e2a758e2a758e2a758e2a758e2a758e2a
758e2a758e2a758e2a758e2a758e2a768e2a768e2a768e2a768e2a768e2a768e2a768e2a768e2a768e2a768e2a768e2a768e2a768e2a768e2a778e2a778e2a77
8e2a778e2a778e2a778e2a778e2a778e2a778e2a778e2a778e2a778e2a778e2a778e2a778e2a778e2a778e2a778e2a778e2a778e2a778e2a778e2a778e2a778e
2a778e2a778e2a778e2a778e2a778e2a778e2a778e2a778e2a778e2a778e2a778e2a778e2a778e2a778e2a778e2a778e2a778e2a778e2a778e2a778e2a778e2a
778e2a778e2a778e2a778e2a778e2a778e2a778e2a778e2a778e2a778e2a778e2a778e2a778e2a778e2a778e2a778e2a778e2a778e2a778e2a778e2a778e2a77
8e2a778e2a778e2a778e2a778e2a778e2a778e2a768e2a768e2a768e2a768e2a768e2a768e2a768e2a768e2a768e2a768e2a768e2a768e2a768e2a768e2a768e
2a758e2a758e2a758e2a758e2a758e2a758e2a758e2a758e2a758e2a758e2a758e2a758e2a758e2a758e2a758e2b748e2b748e2b748e2b748e2b748e2b748e2b
748e2b738e2b738e2b738e2b738e2b738e2b738e2b738e2c728e2c728e2c728e2c728e2c728e2c728e2c728e2c728e2c718e2c718e2c718e2c718e2c718e2c71
8e2c718e2c708e2c708e2c708e2c708e2c708e2c708e2c708e2d6f8e2d6f8e2d6f8e2d6f8e2d6f8e2d6f8e2d6f8e2d6f8e2d6e8e2d6e8e2d6e8e2d6e8e2d6e8e
2d6e8e2d6e8e2e6d8e2e6d8e2e6d8e2e6d8e2e6d8e2e6d8e2e6d8e2e6b8e2e6b8e2e6b8e2e6b8e2e6b8e2e6b8e2e6b8e2f6a8d2f6a8d2f6a8d2f6a8d2f6a8d2f
6a8d2f6a8d2f6a8d30688d30688d30688d30688d30688d30688d30688d30678d30678d30678d30678d30678d30678d30678d31658d31658d31658d31658d3165
8d31658d31658d31658d32638d32638d32638d32638d32638d32638d32638d33618d33618d33618d33618d33618d33618d33618d345f8d345f8d345f8d345f8d
345f8d345f8d345f8d345f8d355d8c355d8c355d8c355d8c355d8c355d8c355d8c345f8d345f8d345f8d345f8d345f8d345f8d345f8d33618d33618d33618d33
618d33618d33618d33618d33618d32638d32638d32638d32638d32638d32638d32638d31658d31658d31658d31658d31658d31658d31658d30678d30678d3067
8d30678d30678d30678d30678d30678d30688d30688d30688d30688d30688d30688d30688d2f6a8d2f6a8d2f6a8d2f6a8d2f6a8d2f6a8d2f6a8d2e6b8e2e6b8e
2e6b8e2e6b8e2e6b8e2e6b8e2e6b8e2e6d8e2e6d8e2e6d8e2e6d8e2e6d8e2e6d8e2e6d8e2e6d8e2d6e8e2d6e8e2d6e8e2d6e8e2d6e8e2d6e8e2d6e8e2d6f8e2d
6f8e2d6f8e2d6f8e2d6f8e2d6f8e2d6f8e2c708e2c708e2c708e2c708e2c708e2c708e2c708e2c708e2c718e2c718e2c718e2c718e2c718e2c718e2c718e2c72
8e2c728e2c728e2c728e2c728e2c728e2c728e2b738e2b738e2b738e2b738e2b738e2b738e2b738e2b738e2b748e2b748e2b748e2b748e2b748e2b748e2b748e
2a758e2a758e2a758e2a758e2a758e2a758e2a758e2a758e2a758e2a758e2a758e2a758e2a758e2a758e2a758e2a768e2a768e2a768e2a768e2a768e2a768e2a
768e2a768e2a768e2a768e2a768e2a768e2a768e2a768e2a778e2a778e2a778e2a778e2a778e2a778e2a778e2a778e2a778e2a778e2a778e2a778e2a778e2a77
8e2a778e2a778e2a778e2a778e2a778e2a778e2a778e2a778e2a778e2a778e2a778e2a778e2a778e2a778e2a778e2a778e2a778e2a778e2a778e2a778e2a778e
2a778e2a778e2a778e2a778e2a778e2a778e2a778e2a778e2a778e2a778e2a778e2a778e2a778e2a778e2a778e2a778e2a778e2a778e2a778e2a778e2a778e2a
778e2a778e2a778e2a778e2a778e2a778e2a778e2a778e2a778e2a778e2a778e2a778e2a778e2a778e2a778e2a778e2a778e2a768e2a768e2a768e2a768e2a76
8e2a768e2a768e2a768e2a768e2a768e2a768e2a768e2a768e2a768e2a768e2a758e2a758e2a758e2a758e2a758e2a758e2a758e2a758e2a758e2a758e2a758e
2a758e2a758e2a758e2a758e2b748e2b748e2b748e2b748e2b748e2b748e2b748e2b738e2b738e2b738e2b738e2b738e2b738e2b738e2c728e2c728e2c728e2c
728e2c728e2c728e2c728e2c728e2c718e2c718e2c718e2c718e2c718e2c718e2c718e2c708e2c708e2c708e2c708e2c708e2c708e2c708e2d6f8e2d6f8e2d6f
8e2d6f8e2d6f8e2d6f8e2d6f8e2d6f8e2d6e8e2d6e8e2d6e8e2d6e8e2d6e8e2d6e8e2d6e8e2e6d8e2e6d8e2e6d8e2e6d8e2e6d8e2e6d8e2e6d8e2e6b8e2e6b8e
2e6b8e2e6b8e2e6b8e2e6b8e2e6b8e2f6a8d2f6a8d2f6a8d2f6a8d2f6a8d2f6a8d2f6a8d2f6a8d30688d30688d30688d30688d30688d30688d30688d30678d30
678d30678d30678d30678d30678d30678d31658d31658d31658d31658d31658d31658d31658d31658d32638d32638d32638d32638d32638d32638d32638d3361
8d33618d33618d33618d33618d33618d33618d345f8d345f8d345f8d345f8d345f8d345f8d345f8d345f8d355d8c355d8c355d8c355d8c355d8c355d8c355d8c
345f8d345f8d345f8d345f8d345f8d345f8d345f8d33618d33618d33618d33618d33618d33618d33618d33618d32638d32638d32638d32638d32638d32638d32
638d31658d31658d31658d31658d31658d31658d31658d30678d30678d30678d30678d30678d30678d30678d30678d30688d30688d30688d30688d30688d3068
8d30688d2f6a8d2f6a8d2f6a8d2f6a8d2f6a8d2f6a8d2f6a8d2e6b8e2e6b8e2e6b8e2e6b8e2e6b8e2e6b8e2e6b8e2e6d8e2e6d8e2e6d8e2e6d8e2e6d8e2e6d8e
2e6d8e2e6d8e2d6e8e2d6e8e2d6e8e2d6e8e2d6e8e2d6e8e2d6e8e2d6f8e2d6f8e2d6f8e2d6f8e2d6f8e2d6f8e2d6f8e2c708e2c708e2c708e2c708e2c708e2c
708e2c708e2c708e2c718e2c718e2c718e2c718e2c718e2c718e2c718e2c728e2c728e2c728e2c728e2c728e2c728e2c728e2b738e2b738e2b738e2b738e2b73
8e2b738e2b738e2b738e2b748e2b748e2b748e2b748e2b748e2b748e2b748e2a758e2a758e2a758e2a758e2a758e2a758e2a758e2a758e2a758e2a758e2a758e
2a758e2a758e2a758e2a758e2a768e2a768e2a768e2a768e2a768e2a768e2a768e2a768e2a768e2a768e2a768e2a768e2a768e2a768e2a778e2a778e2a778e2a
778e2a778e2a778e2a778e2a778e2a778e2a778e2a778e2a778e2a778e2a778e2a778e2a778e2a778e2a778e2a778e2a778e2a778e2a778e2a778e2a778e2a77
8e2a778e2a778e2a778e2a778e2a778e2a778e2a778e2a778e2a778e2a778e2a778e2a778e2a778e2a778e2a778e2a778e2a778e2a778e2a778e2a778e2a778e
2a778e2a778e2a778e2a778e2a778e2a778e2a778e2a778e2a778e2a778e2a778e2a778e2a778e2a778e2a778e2a778e2a778e2a778e2a778e2a778e2a778e2a
778e2a778e2a778e2a778e2a778e2a778e2a768e2a768e2a768e2a768e2a768e2a768e2a768e2a768e2a768e2a768e2a768e2a768e2a768e2a768e2a768e2a75
8e2a758e2a758e2a758e2a758e2a758e2a758e2a758e2a758e2a758e2a758e2a758e2a758e2a758e2a758e2b748e2b748e2b748e2b748e2b748e2b748e2b748e
2b738e2b738e2b738e2b738e2b738e2b738e2b738e2c728e2c728e2c728e2c728e2c728e2c728e2c728e2c728e2c718e2c718e2c718e2c718e2c718e2c718e2c
718e2c708e2c708e2c708e2c708e2c708e2c708e2c708e2d6f8e2d6f8e2d6f8e2d6f8e2d6f8e2d6f8e2d6f8e2d6f8e2d6e8e2d6e8e2d6e8e2d6e8e2d6e8e2d6e
8e2d6e8e2e6d8e2e6d8e2e6d8e2e6d8e2e6d8e2e6d8e2e6d8e2e6b8e2e6b8e2e6b8e2e6b8e2e6b8e2e6b8e2e6b8e2f6a8d2f6a8d2f6a8d2f6a8d2f6a8d2f6a8d
2f6a8d2f6a8d30688d30688d30688d30688d30688d30688d30688d30678d30678d30678d30678d30678d30678d30678d31658d31658d31658d31658d31658d31
658d31658d31658d32638d32638d32638d32638d32638d32638d32638d33618d33618d33618d33618d33618d33618d33618d345f8d345f8d345f8d345f8d345f
8d345f8d345f8d345f8d355d8c355d8c355d8c355d8c355d8c355d8c355d8c345f8d345f8d345f8d345f8d345f8d345f8d345f8d33618d33618d33618d33618d
33618d33618d33618d33618d32638d32638d32638d32638d32638d32638d32638d31658d31658d31658d31658d31658d31658d31658d30678d30678d30678d30
678d30678d30678d30678d30678d30688d30688d30688d30688d30688d30688d30688d2f6a8d2f6a8d2f6a8d2f6a8d2f6a8d2f6a8d2f6a8d2e6b8e2e6b8e2e6b
8e2e6b8e2e6b8e2e6b8e2e6b8e2e6d8e2e6d8e2e6d8e2e6d8e2e6d8e2e6d8e2e6d8e2e6d8e2d6e8e2d6e8e2d6e8e2d6e8e2d6e8e2d6e8e2d6e8e2d6f8e2d6f8e
2d6f8e2d6f8e2d6f8e2d6f8e2d6f8e2c708e2c708e2c708e2c708e2c708e2c708e2c708e2c708e2c718e2c718e2c718e2c718e2c718e2c718e2c718e2c728e2c
728e2c728e2c728e2c728e2c728e2c728e2b738e2b738e2b738e2b738e2b738e2b738e2b738e2b738e2b748e2b748e2b748e2b748e2b748e2b748e2b748e2a75
8e2a758e2a758e2a758e2a758e2a758e2a758e2a758e2a758e2a758e2a758e2a758e2a758e2a758e2a758e2a768e2a768e2a768e2a768e2a768e2a768e2a768e
2a768e2a768e2a768e2a768e2a768e2a768e2a768e2a778e2a778e2a778e2a778e2a778e2a778e2a778e2a778e2a778e2a778e2a778e2a778e2a778e2a778e2a
778e2a778e2a778e2a778e2a778e2a778e2a778e2a778e2a778e2a778e2a778e2a778e2a778e2a778e2a778e2a778e2a778e2a778e2a778e2a778e2a778e2a77
8e2a778e2a778e2a778e2a778e2a778e2a778e2a778e2a778e2a778e2a778e2a778e2a778e2a778e2a778e2a778e2a778e2a778e2a778e2a778e2a778e2a778e
2a778e2a778e2a778e2a778e2a778e2a778e2a778e2a778e2a778e2a778e2a778e2a778e2a778e2a778e2a778e2a778e2a768e2a768e2a768e2a768e2a768e2a
768e2a768e2a768e2a768e2a768e2a768e2a768e2a768e2a768e2a768e2a758e2a758e2a758e2a758e2a758e2a758e2a758e2a758e2a758e2a758e2a758e2a75
8e2a758e2a758e2a758e2b748e2b748e2b748e2b748e2b748e2b748e2b748e2b738e2b738e2b738e2b738e2b738e2b738e2b738e2c728e2c728e2c728e2c728e
2c728e2c728e2c728e2c728e2c718e2c718e2c718e2c718e2c718e2c718e2c718e2c708e2c708e2c708e2c708e2c708e2c708e2c708e2d6f8e2d6f8e2d6f8e2d
6f8e2d6f8e2d6f8e2d6f8e2d6f8e2d6e8e2d6e8e2d6e8e2d6e8e2d6e8e2d6e8e2d6e8e2e6d8e2e6d8e2e6d8e2e6d8e2e6d8e2e6d8e2e6d8e2e6b8e2e6b8e2e6b
8e2e6b8e2e6b8e2e6b8e2e6b8e2f6a8d2f6a8d2f6a8d2f6a8d2f6a8d2f6a8d2f6a8d2f6a8d30688d30688d30688d30688d30688d30688d30688d30678d30678d
30678d30678d30678d30678d30678d31658d31658d31658d31658d31658d31658d31658d31658d32638d32638d32638d32638d32638d32638d32638d33618d33
618d33618d33618d33618d33618d33618d345f8d345f8d345f8d345f8d345f8d345f8d345f8d345f8d355d8c355d8c355d8c355d8c355d8c355d8c355d8c345f
8d345f8d345f8d345f8d345f8d345f8d345f8d33618d33618d33618d33618d33618d33618d33618d33618d32638d32638d32638d32638d32638d32638d32638d
31658d31658d31658d31658d31658d31658d31658d30678d30678d30678d30678d30678d30678d30678d30678d30688d30688d30688d30688d30688d30688d30
688d2f6a8d2f6a8d2f6a8d2f6a8d2f6a8d2f6a8d2f6a8d2e6b8e2e6b8e2e6b8e2e6b8e2e6b8e2e6b8e2e6b8e2e6d8e2e6d8e2e6d8e2e6d8e2e6d8e2e6d8e2e6d
8e2e6d8e2d6e8e2d6e8e2d6e8e2d6e8e2d6e8e2d6e8e2d6e8e2d6f8e2d6f8e2d6f8e2d6f8e2d6f8e2d6f8e2d6f8e2c708e2c708e2c708e2c708e2c708e2c708e
2c708e2c708e2c718e2c718e2c718e2c718e2c718e2c718e2c718e2c728e2c728e2c728e2c728e2c728e2c728e2c728e2b738e2b738e2b738e2b738e2b738e2b
738e2b738e2b738e2b748e2b748e2b748e2b748e2b748e2b748e2b748e2a758e2a758e2a758e2a758e2a758e2a758e2a758e2a758e2a758e2a758e2a758e2a75
8e2a758e2a758e2a758e2a768e2a768e2a768e2a768e2a768e2a768e2a768e2a768e2a768e2a768e2a768e2a768e2a768e2a768e2a778e2a778e2a778e2a778e
2a778e2a778e2a778e2a778e2a778e2a778e2a778e2a778e2a778e2a778e2a778e2a778e2a778e2a778e2a778e2a778e2a778e2a778e2a778e2a778e2a778e2a
778e2a778e2a778e2a778e2a778e2a778e2a778e2a778e2a778e2a778e2a778e2a778e2a778e2a778e2a778e2a778e2a778e2a778e2a778e2a778e2a778e2a77
8e2a778e2a778e2a778e2a778e2a778e2a778e2a778e2a778e2a778e2a778e2a778e2a778e2a778e2a778e2a778e2a778e2a778e2a778e2a778e2a778e2a778e
2a778e2a778e2a778e2a778e2a778e2a768e2a768e2a768e2a768e2a768e2a768e2a768e2a768e2a768e2a768e2a768e2a768e2a768e2a768e2a768e2a758e2a
758e2a758e2a758e2a758e2a758e2a758e2a758e2a758e2a758e2a758e2a758e2a758e2a758e2a758e2b748e2b748e2b748e2b748e2b748e2b748e2b748e2b73
8e2b738e2b738e2b738e2b738e2b738e2b738e2c728e2c728e2c728e2c728e2c728e2c728e2c728e2c728e2c718e2c718e2c718e2c718e2c718e2c718e2c718e
2c708e2c708e2c708e2c708e2c708e2c708e2c708e2d6f8e2d6f8e2d6f8e2d6f8e2d6f8e2d6f8e2d6f8e2d6f8e2d6e8e2d6e8e2d6e8e2d6e8e2d6e8e2d6e8e2d
6e8e2e6d8e2e6d8e2e6d8e2e6d8e2e6d8e2e6d8e2e6d8e2e6b8e2e6b8e2e6b8e2e6b8e2e6b8e2e6b8e2e6b8e2f6a8d2f6a8d2f6a8d2f6a8d2f6a8d2f6a8d2f6a
8d2f6a8d30688d30688d30688d30688d30688d30688d30688d30678d30678d30678d30678d30678d30678d30678d31658d31658d31658d31658d31658d31658d
31658d31658d32638d32638d32638d32638d32638d32638d32638d33618d33618d33618d33618d33618d33618d33618d345f8d345f8d345f8d345f8d345f8d34
5f8d345f8d345f8d355d8c355d8c355d8c355d8c355d8c355d8c355d8c345f8d345f8d345f8d345f8d345f8d345f8d345f8d33618d33618d33618d33618d3361
8d33618d33618d33618d32638d32638d32638d32638d32638d32638d32638d31658d31658d31658d31658d31658d31658d31658d30678d30678d30678d30678d
30678d30678d30678d30678d30688d30688d30688d30688d30688d30688d30688d2f6a8d2f6a8d2f6a8d2f6a8d2f6a8d2f6a8d2f6a8d2e6b8e2e6b8e2e6b8e2e
6b8e2e6b8e2e6b8e2e6b8e2e6d8e2e6d8e2e6d8e2e6d8e2e6d8e2e6d8e2e6d8e2e6d8e2d6e8e2d6e8e2d6e8e2d6e8e2d6e8e2d6e8e2d6e8e2d6f8e2d6f8e2d6f
8e2d6f8e2d6f8e2d6f8e2d6f8e2c708e2c708e2c708e2c708e2c708e2c708e2c708e2c708e2c718e2c718e2c718e2c718e2c718e2c718e2c718e2c728e2c728e
2c728e2c728e2c728e2c728e2c728e2b738e2b738e2b738e2b738e2b738e2b738e2b738e2b738e2b748e2b748e2b748e2b748e2b748e2b748e2b748e2a758e2a
758e2a758e2a758e2a758e2a758e2a758e2a758e2a758e2a758e2a758e2a758e2a758e2a758e2a758e2a768e2a768e2a768e2a768e2a768e2a768e2a768e2a76
8e2a768e2a768e2a768e2a768e2a768e2a768e2a778e2a778e2a778e2a778e2a778e2a778e2a778e2a778e2a778e2a778e2a778e2a778e2a778e2a778e2a778e
2a778e2a778e2a778e2a778e2a778e2a778e2a778e2a778e2a778e2a778e2a778e2a778e2a778e2a778e2a778e2a778e2a778e2a778e2a778e2a778e2a778e2a
778e2a778e2a778e2a778e2a778e2a778e2a778e2a778e2a778e2a778e2a778e2a778e2a778e2a778e2a778e2a778e2a778e2a778e2a778e2a778e2a778e2a77
8e2a778e2a778e2a778e2a778e2a778e2a778e2a778e2a778e2a778e2a778e2a778e2a778e2a778e2a778e2a778e2a768e2a768e2a768e2a768e2a768e2a768e
2a768e2a768e2a768e2a768e2a768e2a768e2a768e2a768e2a768e2a758e2a758e2a758e2a758e2a758e2a758e2a758e2a758e2a758e2a758e2a758e2a758e2a
758e2a758e2a758e2b748e2b748e2b748e2b748e2b748e2b748e2b748e2b738e2b738e2b738e2b738e2b738e2b738e2b738e2c728e2c728e2c728e2c728e2c72
8e2c728e2c728e2c728e2c718e2c718e2c718e2c718e2c718e2c718e2c718e2c708e2c708e2c708e2c708e2c708e2c708e2c708e2d6f8e2d6f8e2d6f8e2d6f8e
2d6f8e2d6f8e2d6f8e2d6f8e2d6e8e2d6e8e2d6e8e2d6e8e2d6e8e2d6e8e2d6e8e2e6d8e2e6d8e2e6d8e2e6d8e2e6d8e2e6d8e2e6d8e2e6b8e2e6b8e2e6b8e2e
6b8e2e6b8e2e6b8e2e6b8e2f6a8d2f6a8d2f6a8d2f6a8d2f6a8d2f6a8d2f6a8d2f6a8d30688d30688d30688d30688d30688d30688d30688d30678d30678d3067
8d30678d30678d30678d30678d31658d31658d31658d31658d31658d31658d31658d31658d32638d32638d32638d32638d32638d32638d32638d33618d33618d
33618d33618d33618d33618d33618d345f8d345f8d345f8d345f8d345f8d345f8d345f8d345f8d355d8c355d8c355d8c355d8c355d8c355d8c355d8c345f8d34
5f8d345f8d345f8d345f8d345f8d345f8d33618d33618d33618d33618d33618d33618d33618d33618d32638d32638d32638d32638d32638d32638d32638d3165
8d31658d31658d31658d31658d31658d31658d30678d30678d30678d30678d30678d30678d30678d30678d30688d30688d30688d30688d30688d30688d30688d
2f6a8d2f6a8d2f6a8d2f6a8d2f6a8d2f6a8d2f6a8d2e6b8e2e6b8e2e6b8e2e6b8e2e6b8e2e6b8e2e6b8e2e6d8e2e6d8e2e6d8e2e6d8e2e6d8e2e6d8e2e6d8e2e
6d8e2d6e8e2d6e8e2d6e8e2d6e8e2d6e8e2d6e8e2d6e8e2d6f8e2d6f8e2d6f8e2d6f8e2d6f8e2d6f8e2d6f8e2c708e2c708e2c708e2c708e2c708e2c708e2c70
8e2c708e2c718e2c718e2c718e2c718e2c718e2c718e2c718e2c728e2c728e2c728e2c728e2c728e2c728e2c728e2b738e2b738e2b738e2b738e2b738e2b738e
2b738e2b738e2b748e2b748e2b748e2b748e2b748e2b748e2b748e2a758e2a758e2a758e2a758e2a758e2a758e2a758e2a758e2a758e2a758e2a758e2a758e2a
758e2a758e2a758e2a768e2a768e2a768e2a768e2a768e2a768e2a768e2a768e2a768e2a768e2a768e2a768e2a768e2a768e2a778e2a778e2a778e2a778e2a77
8e2a778e2a778e2a778e2a778e2a778e2a778e2a778e2a778e2a778e2a778e2a778e2a778e2a778e2a778e2a778e2a778e2a778e2a778e2a778e2a778e2a778e
2a778e2a778e2a778e2a778e2a778e2a778e2a778e2a778e2a778e2a778e2a778e2a778e2a778e2a778e2a778e2a778e2a778e2a778e2a778e2a778e2a778e2a
778e2a778e2a778e2a778e2a778e2a778e2a778e2a778e2a778e2a778e2a778e2a778e2a778e2a778e2a778e2a778e2a778e2a778e2a778e2a778e2a778e2a77
8e2a778e2a778e2a778e2a778e2a768e2a768e2a768e2a768e2a768e2a768e2a768e2a768e2a768e2a768e2a768e2a768e2a768e2a768e2a768e2a758e2a758e
2a758e2a758e2a758e2a758e2a758e2a758e2a758e2a758e2a758e2a758e2a758e2a758e2a758e2b748e2b748e2b748e2b748e2b748e2b748e2b748e2b738e2b
738e2b738e2b738e2b738e2b738e2b738e2c728e2c728e2c728e2c728e2c728e2c728e2c728e2c728e2c718e2c718e2c718e2c718e2c718e2c718e2c718e2c70
8e2c708e2c708e2c708e2c708e2c708e2c708e2d6f8e2d6f8e2d6f8e2d6f8e2d6f8e2d6f8e2d6f8e2d6f8e2d6e8e2d6e8e2d6e8e2d6e8e2d6e8e2d6e8e2d6e8e
2e6d8e2e6d8e2e6d8e2e6d8e2e6d8e2e6d8e2e6d8e2e6b8e2e6b8e2e6b8e2e6b8e2e6b8e2e6b8e2e6b8e2f6a8d2f6a8d2f6a8d2f6a8d2f6a8d2f6a8d2f6a8d2f
6a8d30688d30688d30688d30688d30688d30688d30688d30678d30678d30678d30678d30678d30678d30678d31658d31658d31658d31658d31658d31658d3165
8d31658d32638d32638d32638d32638d32638d32638d32638d33618d33618d33618d33618d33618d33618d33618d345f8d345f8d345f8d345f8d345f8d345f8d
345f8d345f8d355d8c355d8c355d8c355d8c355d8c355d8c355d8c365b8c365b8c365b8c365b8c365b8c365b8c365b8c355d8c355d8c355d8c355d8c355d8c35
5d8c355d8c355d8c345f8d345f8d345f8d345f8d345f8d345f8d345f8d33608d33608d33608d33608d33608d33608d33608d32628d32628d32628d32628d3262
8d32628d32628d32628d31648d31648d31648d31648d31648d31648d31648d31658d31658d31658d31658d31658d31658d31658d30678d30678d30678d30678d
30678d30678d30678d30688d30688d30688d30688d30688d30688d30688d30688d2f698d2f698d2f698d2f698d2f698d2f698d2f698d2e6b8e2e6b8e2e6b8e2e
6b8e2e6b8e2e6b8e2e6b8e2e6c8e2e6c8e2e6c8e2e6c8e2e6c8e2e6c8e2e6c8e2e6c8e2e6d8e2e6d8e2e6d8e2e6d8e2e6d8e2e6d8e2e6d8e2d6e8e2d6e8e2d6e
8e2d6e8e2d6e8e2d6e8e2d6e8e2d6e8e2d6e8e2d6e8e2d6e8e2d6e8e2d6e8e2d6e8e2d6e8e2d6f8e2d6f8e2d6f8e2d6f8e2d6f8e2d6f8e2d6f8e2c708e2c708e
2c708e2c708e2c708e2c708e2c708e2c708e2c708e2c708e2c708e2c708e2c708e2c708e2c708e2c718e2c718e2c718e2c718e2c718e2c718e2c718e2c718e2c
718e2c718e2c718e2c718e2c718e2c718e2c728e2c728e2c728e2c728e2c728e2c728e2c728e2c728e2c728e2c728e2c728e2c728e2c728e2c728e2c728e2c72
8e2c728e2c728e2c728e2c728e2c728e2c728e2c728e2c728e2c728e2c728e2c728e2c728e2c728e2c728e2c728e2c728e2c728e2c728e2c728e2c728e2c728e
2c728e2c728e2c728e2c728e2c728e2c728e2c728e2c728e2c728e2c728e2c728e2c728e2c728e2c728e2c728e2c728e2c728e2c728e2c728e2c728e2c728e2c
728e2c728e2c728e2c728e2c728e2c728e2c728e2c728e2c728e2c728e2c728e2c728e2c728e2c728e2c728e2c718e2c718e2c718e2c718e2c718e2c718e2c71
8e2c718e2c718e2c718e2c718e2c718e2c718e2c718e2c718e2c708e2c708e2c708e2c708e2c708e2c708e2c708e2c708e2c708e2c708e2c708e2c708e2c708e
2c708e2c708e2d6f8e2d6f8e2d6f8e2d6f8e2d6f8e2d6f8e2d6f8e2d6e8e2d6e8e2d6e8e2d6e8e2d6e8e2d6e8e2d6e8e2d6e8e2d6e8e2d6e8e2d6e8e2d6e8e2d
6e8e2d6e8e2d6e8e2e6d8e2e6d8e2e6d8e2e6d8e2e6d8e2e6d8e2e6d8e2e6c8e2e6c8e2e6c8e2e6c8e2e6c8e2e6c8e2e6c8e2e6b8e2e6b8e2e6b8e2e6b8e2e6b
8e2e6b8e2e6b8e2e6b8e2f698d2f698d2f698d2f698d2f698d2f698d2f698d30688d30688d30688d30688d30688d30688d30688d30678d30678d30678d30678d
30678d30678d30678d31658d31658d31658d31658d31658d31658d31658d31658d31648d31648d31648d31648d31648d31648d31648d32628d32628d32628d32
628d32628d32628d32628d33608d33608d33608d33608d33608d33608d33608d33608d345f8d345f8d345f8d345f8d345f8d345f8d345f8d355d8c355d8c355d
8c355d8c355d8c355d8c355d8c365b8c365b8c365b8c365b8c365b8c365b8c365b8c365b8c37598c37598c37598c37598c37598c37598c37598c365b8c365b8c
365b8c365b8c365b8c365b8c365b8c355d8c355d8c355d8c355d8c355d8c355d8c355d8c355d8c345f8d345f8d345f8d345f8d345f8d345f8d345f8d33608d33
608d33608d33608d33608d33608d33608d32628d32628d32628d32628d32628d32628d32628d32628d31648d31648d31648d31648d31648d31648d31648d3165
8d31658d31658d31658d31658d31658d31658d30678d30678d30678d30678d30678d30678d30678d30688d30688d30688d30688d30688d30688d30688d30688d
2f698d2f698d2f698d2f698d2f698d2f698d2f698d2e6b8e2e6b8e2e6b8e2e6b8e2e6b8e2e6b8e2e6b8e2e6c8e2e6c8e2e6c8e2e6c8e2e6c8e2e6c8e2e6c8e2e
6c8e2e6d8e2e6d8e2e6d8e2e6d8e2e6d8e2e6d8e2e6d8e2d6e8e2d6e8e2d6e8e2d6e8e2d6e8e2d6e8e2d6e8e2d6e8e2d6e8e2d6e8e2d6e8e2d6e8e2d6e8e2d6e
8e2d6e8e2d6f8e2d6f8e2d6f8e2d6f8e2d6f8e2d6f8e2d6f8e2c708e2c708e2c708e2c708e2c708e2c708e2c708e2c708e2c708e2c708e2c708e2c708e2c708e
2c708e2c708e2c718e2c718e2c718e2c718e2c718e2c718e2c718e2c718e2c718e2c718e2c718e2c718e2c718e2c718e2c728e2c728e2c728e2c728e2c728e2c
728e2c728e2c728e2c728e2c728e2c728e2c728e2c728e2c728e2c728e2c728e2c728e2c728e2c728e2c728e2c728e2c728e2c728e2c728e2c728e2c728e2c72
8e2c728e2c728e2c728e2c728e2c728e2c728e2c728e2c728e2c728e2c728e2c728e2c728e2c728e2c728e2c728e2c728e2c728e2c728e2c728e2c728e2c728e
2c728e2c728e2c728e2c728e2c728e2c728e2c728e2c728e2c728e2c728e2c728e2c728e2c728e2c728e2c728e2c728e2c728e2c728e2c728e2c728e2c728e2c
728e2c728e2c728e2c728e2c718e2c718e2c718e2c718e2c718e2c718e2c718e2c718e2c718e2c718e2c718e2c718e2c718e2c718e2c718e2c708e2c708e2c70
8e2c708e2c708e2c708e2c708e2c708e2c708e2c708e2c708e2c708e2c708e2c708e2c708e2d6f8e2d6f8e2d6f8e2d6f8e2d6f8e2d6f8e2d6f8e2d6e8e2d6e8e
2d6e8e2d6e8e2d6e8e2d6e8e2d6e8e2d6e8e2d6e8e2d6e8e2d6e8e2d6e8e2d6e8e2d6e8e2d6e8e2e6d8e2e6d8e2e6d8e2e6d8e2e6d8e2e6d8e2e6d8e2e6c8e2e
6c8e2e6c8e2e6c8e2e6c8e2e6c8e2e6c8e2e6b8e2e6b8e2e6b8e2e6b8e2e6b8e2e6b8e2e6b8e2e6b8e2f698d2f698d2f698d2f698d2f698d2f698d2f698d3068
8d30688d30688d30688d30688d30688d30688d30678d30678d30678d30678d30678d30678d30678d31658d31658d31658d31658d31658d31658d31658d31658d
31648d31648d31648d31648d31648d31648d31648d32628d32628d32628d32628d32628d32628d32628d33608d33608d33608d33608d33608d33608d33608d33
608d345f8d345f8d345f8d345f8d345f8d345f8d345f8d355d8c355d8c355d8c355d8c355d8c355d8c355d8c365b8c365b8c365b8c365b8c365b8c365b8c365b
8c365b8c37598c37598c37598c37598c37598c37598c37598c365b8c365b8c365b8c365b8c365b8c365b8c365b8c355d8c355d8c355d8c355d8c355d8c355d8c
355d8c355d8c345f8d345f8d345f8d345f8d345f8d345f8d345f8d33608d33608d33608d33608d33608d33608d33608d32628d32628d32628d32628d32628d32
628d32628d32628d31648d31648d31648d31648d31648d31648d31648d31658d31658d31658d31658d31658d31658d31658d30678d30678d30678d30678d3067
8d30678d30678d30688d30688d30688d30688d30688d30688d30688d30688d2f698d2f698d2f698d2f698d2f698d2f698d2f698d2e6b8e2e6b8e2e6b8e2e6b8e
2e6b8e2e6b8e2e6b8e2e6c8e2e6c8e2e6c8e2e6c8e2e6c8e2e6c8e2e6c8e2e6c8e2e6d8e2e6d8e2e6d8e2e6d8e2e6d8e2e6d8e2e6d8e2d6e8e2d6e8e2d6e8e2d
6e8e2d6e8e2d6e8e2d6e8e2d6e8e2d6e8e2d6e8e2d6e8e2d6e8e2d6e8e2d6e8e2d6e8e2d6f8e2d6f8e2d6f8e2d6f8e2d6f8e2d6f8e2d6f8e2c708e2c708e2c70
8e2c708e2c708e2c708e2c708e2c708e2c708e2c708e2c708e2c708e2c708e2c708e2c708e2c718e2c718e2c718e2c718e2c718e2c718e2c718e2c718e2c718e
2c718e2c718e2c718e2c718e2c718e2c728e2c728e2c728e2c728e2c728e2c728e2c728e2c728e2c728e2c728e2c728e2c728e2c728e2c728e2c728e2c728e2c
728e2c728e2c728e2c728e2c728e2c728e2c728e2c728e2c728e2c728e2c728e2c728e2c728e2c728e2c728e2c728e2c728e2c728e2c728e2c728e2c728e2c72
8e2c728e2c728e2c728e2c728e2c728e2c728e2c728e2c728e2c728e2c728e2c728e2c728e2c728e2c728e2c728e2c728e2c728e2c728e2c728e2c728e2c728e
2c728e2c728e2c728e2c728e2c728e2c728e2c728e2c728e2c728e2c728e2c728e2c728e2c728e2c728e2c718e2c718e2c718e2c718e2c718e2c718e2c718e2c
718e2c718e2c718e2c718e2c718e2c718e2c718e2c718e2c708e2c708e2c708e2c708e2c708e2c708e2c708e2c708e2c708e2c708e2c708e2c708e2c708e2c70
8e2c708e2d6f8e2d6f8e2d6f8e2d6f8e2d6f8e2d6f8e2d6f8e2d6e8e2d6e8e2d6e8e2d6e8e2d6e8e2d6e8e2d6e8e2d6e8e2d6e8e2d6e8e2d6e8e2d6e8e2d6e8e
2d6e8e2d6e8e2e6d8e2e6d8e2e6d8e2e6d8e2e6d8e2e6d8e2e6d8e2e6c8e2e6c8e2e6c8e2e6c8e2e6c8e2e6c8e2e6c8e2e6b8e2e6b8e2e6b8e2e6b8e2e6b8e2e
6b8e2e6b8e2e6b8e2f698d2f698d2f698d2f698d2f698d2f698d2f698d30688d30688d30688d30688d30688d30688d30688d30678d30678d30678d30678d3067
8d30678d30678d31658d31658d31658d31658d31658d31658d31658d31658d31648d31648d31648d31648d31648d31648d31648d32628d32628d32628d32628d
32628d32628d32628d33608d33608d33608d33608d33608d33608d33608d33608d345f8d345f8d345f8d345f8d345f8d345f8d345f8d355d8c355d8c355d8c35
5d8c355d8c355d8c355d8c365b8c365b8c365b8c365b8c365b8c365b8c365b8c365b8c37598c37598c37598c37598c37598c37598c37598c365b8c365b8c365b
8c365b8c365b8c365b8c365b8c355d8c355d8c355d8c355d8c355d8c355d8c355d8c355d8c345f8d345f8d345f8d345f8d345f8d345f8d345f8d33608d33608d
33608d33608d33608d33608d33608d32628d32628d32628d32628d32628d32628d32628d32628d31648d31648d31648d31648d31648d31648d31648d31658d31
658d31658d31658d31658d31658d31658d30678d30678d30678d30678d30678d30678d30678d30688d30688d30688d30688d30688d30688d30688d30688d2f69
8d2f698d2f698d2f698d2f698d2f698d2f698d2e6b8e2e6b8e2e6b8e2e6b8e2e6b8e2e6b8e2e6b8e2e6c8e2e6c8e2e6c8e2e6c8e2e6c8e2e6c8e2e6c8e2e6c8e
2e6d8e2e6d8e2e6d8e2e6d8e2e6d8e2e6d8e2e6d8e2d6e8e2d6e8e2d6e8e2d6e8e2d6e8e2d6e8e2d6e8e2d6e8e2d6e8e2d6e8e2d6e8e2d6e8e2d6e8e2d6e8e2d
6e8e2d6f8e2d6f8e2d6f8e2d6f8e2d6f8e2d6f8e2d6f8e2c708e2c708e2c708e2c708e2c708e2c708e2c708e2c708e2c708e2c708e2c708e2c708e2c708e2c70
8e2c708e2c718e2c718e2c718e2c718e2c718e2c718e2c718e2c718e2c718e2c718e2c718e2c718e2c718e2c718e2c728e2c728e2c728e2c728e2c728e2c728e
2c728e2c728e2c728e2c728e2c728e2c728e2c728e2c728e2c728e2c728e2c728e2c728e2c728e2c728e2c728e2c728e2c728e2c728e2c728e2c728e2c728e2c
728e2c728e2c728e2c728e2c728e2c728e2c728e2c728e2c728e2c728e2c728e2c728e2c728e2c728e2c728e2c728e2c728e2c728e2c728e2c728e2c728e2c72
8e2c728e2c728e2c728e2c728e2c728e2c728e2c728e2c728e2c728e2c728e2c728e2c728e2c728e2c728e2c728e2c728e2c728e2c728e2c728e2c728e2c728e
2c728e2c728e2c728e2c718e2c718e2c718e2c718e2c718e2c718e2c718e2c718e2c718e2c718e2c718e2c718e2c718e2c718e2c718e2c708e2c708e2c708e2c
708e2c708e2c708e2c708e2c708e2c708e2c708e2c708e2c708e2c708e2c708e2c708e2d6f8e2d6f8e2d6f8e2d6f8e2d6f8e2d6f8e2d6f8e2d6e8e2d6e8e2d6e
8e2d6e8e2d6e8e2d6e8e2d6e8e2d6e8e2d6e8e2d6e8e2d6e8e2d6e8e2d6e8e2d6e8e2d6e8e2e6d8e2e6d8e2e6d8e2e6d8e2e6d8e2e6d8e2e6d8e2e6c8e2e6c8e
2e6c8e2e6c8e2e6c8e2e6c8e2e6c8e2e6b8e2e6b8e2e6b8e2e6b8e2e6b8e2e6b8e2e6b8e2e6b8e2f698d2f698d2f698d2f698d2f698d2f698d2f698d30688d30
688d30688d30688d30688d30688d30688d30678d30678d30678d30678d30678d30678d30678d31658d31658d31658d31658d31658d31658d31658d31658d3164
8d31648d31648d31648d31648d31648d31648d32628d32628d32628d32628d32628d32628d32628d33608d33608d33608d33608d33608d33608d33608d33608d
345f8d345f8d345f8d345f8d345f8d345f8d345f8d355d8c355d8c355d8c355d8c355d8c355d8c355d8c365b8c365b8c365b8c365b8c365b8c365b8c365b8c36
5b8c37598c37598c37598c37598c37598c37598c37598c365b8c365b8c365b8c365b8c365b8c365b8c365b8c355d8c355d8c355d8c355d8c355d8c355d8c355d
8c355d8c345f8d345f8d345f8d345f8d345f8d345f8d345f8d33608d33608d33608d33608d33608d33608d33608d32628d32628d32628d32628d32628d32628d
32628d32628d31648d31648d31648d31648d31648d31648d31648d31658d31658d31658d31658d31658d31658d31658d30678d30678d30678d30678d30678d30
678d30678d30688d30688d30688d30688d30688d30688d30688d30688d2f698d2f698d2f698d2f698d2f698d2f698d2f698d2e6b8e2e6b8e2e6b8e2e6b8e2e6b
8e2e6b8e2e6b8e2e6c8e2e6c8e2e6c8e2e6c8e2e6c8e2e6c8e2e6c8e2e6c8e2e6d8e2e6d8e2e6d8e2e6d8e2e6d8e2e6d8e2e6d8e2d6e8e2d6e8e2d6e8e2d6e8e
2d6e8e2d6e8e2d6e8e2d6e8e2d6e8e2d6e8e2d6e8e2d6e8e2d6e8e2d6e8e2d6e8e2d6f8e2d6f8e2d6f8e2d6f8e2d6f8e2d6f8e2d6f8e2c708e2c708e2c708e2c
708e2c708e2c708e2c708e2c708e2c708e2c708e2c708e2c708e2c708e2c708e2c708e2c718e2c718e2c718e2c718e2c718e2c718e2c718e2c718e2c718e2c71
8e2c718e2c718e2c718e2c718e2c728e2c728e2c728e2c728e2c728e2c728e2c728e2c728e2c728e2c728e2c728e2c728e2c728e2c728e2c728e2c728e2c728e
2c728e2c728e2c728e2c728e2c728e2c728e2c728e2c728e2c728e2c728e2c728e2c728e2c728e2c728e2c728e2c728e2c728e2c728e2c728e2c728e2c728e2c
728e2c728e2c728e2c728e2c728e2c728e2c728e2c728e2c728e2c728e2c728e2c728e2c728e2c728e2c728e2c728e2c728e2c728e2c728e2c728e2c728e2c72
8e2c728e2c728e2c728e2c728e2c728e2c728e2c728e2c728e2c728e2c728e2c728e2c728e2c728e2c718e2c718e2c718e2c718e2c718e2c718e2c718e2c718e
2c718e2c718e2c718e2c718e2c718e2c718e2c718e2c708e2c708e2c708e2c708e2c708e2c708e2c708e2c708e2c708e2c708e2c708e2c708e2c708e2c708e2c
708e2d6f8e2d6f8e2d6f8e2d6f8e2d6f8e2d6f8e2d6f8e2d6e8e2d6e8e2d6e8e2d6e8e2d6e8e2d6e8e2d6e8e2d6e8e2d6e8e2d6e8e2d6e8e2d6e8e2d6e8e2d6e
8e2d6e8e2e6d8e2e6d8e2e6d8e2e6d8e2e6d8e2e6d8e2e6d8e2e6c8e2e6c8e2e6c8e2e6c8e2e6c8e2e6c8e2e6c8e2e6b8e2e6b8e2e6b8e2e6b8e2e6b8e2e6b8e
2e6b8e2e6b8e2f698d2f698d2f698d2f698d2f698d2f698d2f698d30688d30688d30688d30688d30688d30688d30688d30678d30678d30678d30678d30678d30
678d30678d31658d31658d31658d31658d31658d31658d31658d31658d31648d31648d31648d31648d31648d31648d31648d32628d32628d32628d32628d3262
8d32628d32628d33608d33608d33608d33608d33608d33608d33608d33608d345f8d345f8d345f8d345f8d345f8d345f8d345f8d355d8c355d8c355d8c355d8c
355d8c355d8c355d8c365b8c365b8c365b8c365b8c365b8c365b8c365b8c365b8c37598c37598c37598c37598c37598c37598c37598c365b8c365b8c365b8c36
5b8c365b8c365b8c365b8c355d8c355d8c355d8c355d8c355d8c355d8c355d8c355d8c345f8d345f8d345f8d345f8d345f8d345f8d345f8d33608d33608d3360
8d33608d33608d33608d33608d32628d32628d32628d32628d32628d32628d32628d32628d31648d31648d31648d31648d31648d31648d31648d31658d31658d
31658d31658d31658d31658d31658d30678d30678d30678d30678d30678d30678d30678d30688d30688d30688d30688d30688d30688d30688d30688d2f698d2f
698d2f698d2f698d2f698d2f698d2f698d2e6b8e2e6b8e2e6b8e2e6b8e2e6b8e2e6b8e2e6b8e2e6c8e2e6c8e2e6c8e2e6c8e2e6c8e2e6c8e2e6c8e2e6c8e2e6d
8e2e6d8e2e6d8e2e6d8e2e6d8e2e6d8e2e6d8e2d6e8e2d6e8e2d6e8e2d6e8e2d6e8e2d6e8e2d6e8e2d6e8e2d6e8e2d6e8e2d6e8e2d6e8e2d6e8e2d6e8e2d6e8e
2d6f8e2d6f8e2d6f8e2d6f8e2d6f8e2d6f8e2d6f8e2c708e2c708e2c708e2c708e2c708e2c708e2c708e2c708e2c708e2c708e2c708e2c708e2c708e2c708e2c
708e2c718e2c718e2c718e2c718e2c718e2c718e2c718e2c718e2c718e2c718e2c718e2c718e2c718e2c718e2c728e2c728e2c728e2c728e2c728e2c728e2c72
8e2c728e2c728e2c728e2c728e2c728e2c728e2c728e2c728e2c728e2c728e2c728e2c728e2c728e2c728e2c728e2c728e2c728e2c728e2c728e2c728e2c728e
2c728e2c728e2c728e2c728e2c728e2c728e2c728e2c728e2c728e2c728e2c728e2c728e2c728e2c728e2c728e2c728e2c728e2c728e2c728e2c728e2c728e2c
728e2c728e2c728e2c728e2c728e2c728e2c728e2c728e2c728e2c728e2c728e2c728e2c728e2c728e2c728e2c728e2c728e2c728e2c728e2c728e2c728e2c72
8e2c728e2c728e2c718e2c718e2c718e2c718e2c718e2c718e2c718e2c718e2c718e2c718e2c718e2c718e2c718e2c718e2c718e2c708e2c708e2c708e2c708e
2c708e2c708e2c708e2c708e2c708e2c708e2c708e2c708e2c708e2c708e2c708e2d6f8e2d6f8e2d6f8e2d6f8e2d6f8e2d6f8e2d6f8e2d6e8e2d6e8e2d6e8e2d
6e8e2d6e8e2d6e8e2d6e8e2d6e8e2d6e8e2d6e8e2d6e8e2d6e8e2d6e8e2d6e8e2d6e8e2e6d8e2e6d8e2e6d8e2e6d8e2e6d8e2e6d8e2e6d8e2e6c8e2e6c8e2e6c
8e2e6c8e2e6c8e2e6c8e2e6c8e2e6b8e2e6b8e2e6b8e2e6b8e2e6b8e2e6b8e2e6b8e2e6b8e2f698d2f698d2f698d2f698d2f698d2f698d2f698d30688d30688d
30688d30688d30688d30688d30688d30678d30678d30678d30678d30678d30678d30678d31658d31658d31658d31658d31658d31658d31658d31658d31648d31
648d31648d31648d31648d31648d31648d32628d32628d32628d32628d32628d32628d32628d33608d33608d33608d33608d33608d33608d33608d33608d345f
8d345f8d345f8d345f8d345f8d345f8d345f8d355d8c355d8c355d8c355d8c355d8c355d8c355d8c365b8c365b8c365b8c365b8c365b8c365b8c365b8c365b8c
37598c37598c37598c37598c37598c37598c37598c365b8c365b8c365b8c365b8c365b8c365b8c365b8c355d8c355d8c355d8c355d8c355d8c355d8c355d8c35
5d8c345f8d345f8d345f8d345f8d345f8d345f8d345f8d33608d33608d33608d33608d33608d33608d33608d32628d32628d32628d32628d32628d32628d3262
8d32628d31648d31648d31648d31648d31648d31648d31648d31658d31658d31658d31658d31658d31658d31658d30678d30678d30678d30678d30678d30678d
30678d30688d30688d30688d30688d30688d30688d30688d30688d2f698d2f698d2f698d2f698d2f698d2f698d2f698d2e6b8e2e6b8e2e6b8e2e6b8e2e6b8e2e
6b8e2e6b8e2e6c8e2e6c8e2e6c8e2e6c8e2e6c8e2e6c8e2e6c8e2e6c8e2e6d8e2e6d8e2e6d8e2e6d8e2e6d8e2e6d8e2e6d8e2d6e8e2d6e8e2d6e8e2d6e8e2d6e
8e2d6e8e2d6e8e2d6e8e2d6e8e2d6e8e2d6e8e2d6e8e2d6e8e2d6e8e2d6e8e2d6f8e2d6f8e2d6f8e2d6f8e2d6f8e2d6f8e2d6f8e2c708e2c708e2c708e2c708e
2c708e2c708e2c708e2c708e2c708e2c708e2c708e2c708e2c708e2c708e2c708e2c718e2c718e2c718e2c718e2c718e2c718e2c718e2c718e2c718e2c718e2c
718e2c718e2c718e2c718e2c728e2c728e2c728e2c728e2c728e2c728e2c728e2c728e2c728e2c728e2c728e2c728e2c728e2c728e2c728e2c728e2c728e2c72
8e2c728e2c728e2c728e2c728e2c728e2c728e2c728e2c728e2c728e2c728e2c728e2c728e2c728e2c728e2c728e2c728e2c728e2c728e2c728e2c728e2c728e
2c728e2c728e2c728e2c728e2c728e2c728e2c728e2c728e2c728e2c728e2c728e2c728e2c728e2c728e2c728e2c728e2c728e2c728e2c728e2c728e2c728e2c
728e2c728e2c728e2c728e2c728e2c728e2c728e2c728e2c728e2c728e2c728e2c728e2c728e2c718e2c718e2c718e2c718e2c718e2c718e2c718e2c718e2c71
8e2c718e2c718e2c718e2c718e2c718e2c718e2c708e2c708e2c708e2c708e2c708e2c708e2c708e2c708e2c708e2c708e2c708e2c708e2c708e2c708e2c708e
2d6f8e2d6f8e2d6f8e2d6f8e2d6f8e2d6f8e2d6f8e2d6e8e2d6e8e2d6e8e2d6e8e2d6e8e2d6e8e2d6e8e2d6e8e2d6e8e2d6e8e2d6e8e2d6e8e2d6e8e2d6e8e2d
6e8e2e6d8e2e6d8e2e6d8e2e6d8e2e6d8e2e6d8e2e6d8e2e6c8e2e6c8e2e6c8e2e6c8e2e6c8e2e6c8e2e6c8e2e6b8e2e6b8e2e6b8e2e6b8e2e6b8e2e6b8e2e6b
8e2e6b8e2f698d2f698d2f698d2f698d2f698d2f698d2f698d30688d30688d30688d30688d30688d30688d30688d30678d30678d30678d30678d30678d30678d
30678d31658d31658d31658d31658d31658d31658d31658d31658d31648d31648d31648d31648d31648d31648d31648d32628d32628d32628d32628d32628d32
628d32628d33608d33608d33608d33608d33608d33608d33608d33608d345f8d345f8d345f8d345f8d345f8d345f8d345f8d355d8c355d8c355d8c355d8c355d
8c355d8c355d8c365b8c365b8c365b8c365b8c365b8c365b8c365b8c365b8c37598c37598c37598c37598c37598c37598c37598c365b8c365b8c365b8c365b8c
365b8c365b8c365b8c355d8c355d8c355d8c355d8c355d8c355d8c355d8c355d8c345f8d345f8d345f8d345f8d345f8d345f8d345f8d33608d33608d33608d33
608d33608d33608d33608d32628d32628d32628d32628d32628d32628d32628d32628d31648d31648d31648d31648d31648d31648d31648d31658d31658d3165
8d31658d31658d31658d31658d30678d30678d30678d30678d30678d30678d30678d30688d30688d30688d30688d30688d30688d30688d30688d2f698d2f698d
2f698d2f698d2f698d2f698d2f698d2e6b8e2e6b8e2e6b8e2e6b8e2e6b8e2e6b8e2e6b8e2e6c8e2e6c8e2e6c8e2e6c8e2e6c8e2e6c8e2e6c8e2e6c8e2e6d8e2e
6d8e2e6d8e2e6d8e2e6d8e2e6d8e2e6d8e2d6e8e2d6e8e2d6e8e2d6e8e2d6e8e2d6e8e2d6e8e2d6e8e2d6e8e2d6e8e2d6e8e2d6e8e2d6e8e2d6e8e2d6e8e2d6f
8e2d6f8e2d6f8e2d6f8e2d6f8e2d6f8e2d6f8e2c708e2c708e2c708e2c708e2c708e2c708e2c708e2c708e2c708e2c708e2c708e2c708e2c708e2c708e2c708e
2c718e2c718e2c718e2c718e2c718e2c718e2c718e2c718e2c718e2c718e2c718e2c718e2c718e2c718e2c728e2c728e2c728e2c728e2c728e2c728e2c728e2c
728e2c728e2c728e2c728e2c728e2c728e2c728e2c728e2c728e2c728e2c728e2c728e2c728e2c728e2c728e2c728e2c728e2c728e2c728e2c728e2c728e2c72
8e2c728e2c728e2c728e2c728e2c728e2c728e2c728e2c728e2c728e2c728e2c728e2c728e2c728e2c728e2c728e2c728e2c728e2c728e2c728e2c728e2c728e
2c728e2c728e2c728e2c728e2c728e2c728e2c728e2c728e2c728e2c728e2c728e2c728e2c728e2c728e2c728e2c728e2c728e2c728e2c728e2c728e2c728e2c
728e2c728e2c718e2c718e2c718e2c718e2c718e2c718e2c718e2c718e2c718e2c718e2c718e2c718e2c718e2c718e2c718e2c708e2c708e2c708e2c708e2c70
8e2c708e2c708e2c708e2c708e2c708e2c708e2c708e2c708e2c708e2c708e2d6f8e2d6f8e2d6f8e2d6f8e2d6f8e2d6f8e2d6f8e2d6e8e2d6e8e2d6e8e2d6e8e
2d6e8e2d6e8e2d6e8e2d6e8e2d6e8e2d6e8e2d6e8e2d6e8e2d6e8e2d6e8e2d6e8e2e6d8e2e6d8e2e6d8e2e6d8e2e6d8e2e6d8e2e6d8e2e6c8e2e6c8e2e6c8e2e
6c8e2e6c8e2e6c8e2e6c8e2e6b8e2e6b8e2e6b8e2e6b8e2e6b8e2e6b8e2e6b8e2e6b8e2f698d2f698d2f698d2f698d2f698d2f698d2f698d30688d30688d3068
8d30688d30688d30688d30688d30678d30678d30678d30678d30678d30678d30678d31658d31658d31658d31658d31658d31658d31658d31658d31648d31648d
31648d31648d31648d31648d31648d32628d32628d32628d32628d32628d32628d32628d33608d33608d33608d33608d33608d33608d33608d33608d345f8d34
5f8d345f8d345f8d345f8d345f8d345f8d355d8c355d8c355d8c355d8c355d8c355d8c355d8c365b8c365b8c365b8c365b8c365b8c365b8c365b8c365b8c3759
8c37598c37598c37598c37598c37598c37598c38568b38568b38568b38568b38568b38568b38568b37588c37588c37588c37588c37588c37588c37588c37588c
365a8c365a8c365a8c365a8c365a8c365a8c365a8c355c8c355c8c355c8c355c8c355c8c355c8c355c8c345e8d345e8d345e8d345e8d345e8d345e8d345e8d34
5e8d345f8d345f8d345f8d345f8d345f8d345f8d345f8d33618d33618d33618d33618d33618d33618d33618d32628d32628d32628d32628d32628d32628d3262
8d32638d32638d32638d32638d32638d32638d32638d32638d31658d31658d31658d31658d31658d31658d31658d31668d31668d31668d31668d31668d31668d
31668d30678d30678d30678d30678d30678d30678d30678d30678d30688d30688d30688d30688d30688d30688d30688d2f698d2f698d2f698d2f698d2f698d2f
698d2f698d2f6a8d2f6a8d2f6a8d2f6a8d2f6a8d2f6a8d2f6a8d2f6a8d2f6a8d2f6a8d2f6a8d2f6a8d2f6a8d2f6a8d2f6a8d2e6b8e2e6b8e2e6b8e2e6b8e2e6b
8e2e6b8e2e6b8e2e6c8e2e6c8e2e6c8e2e6c8e2e6c8e2e6c8e2e6c8e2e6c8e2e6c8e2e6c8e2e6c8e2e6c8e2e6c8e2e6c8e2e6c8e2e6d8e2e6d8e2e6d8e2e6d8e
2e6d8e2e6d8e2e6d8e2e6d8e2e6d8e2e6d8e2e6d8e2e6d8e2e6d8e2e6d8e2e6d8e2e6d8e2e6d8e2e6d8e2e6d8e2e6d8e2e6d8e2e6d8e2e6d8e2e6d8e2e6d8e2e
6d8e2e6d8e2e6d8e2e6d8e2d6e8e2d6e8e2d6e8e2d6e8e2d6e8e2d6e8e2d6e8e2d6e8e2d6e8e2d6e8e2d6e8e2d6e8e2d6e8e2d6e8e2d6e8e2d6e8e2d6e8e2d6e
8e2d6e8e2d6e8e2d6e8e2d6e8e2d6e8e2d6e8e2d6e8e2d6e8e2d6e8e2d6e8e2d6e8e2e6d8e2e6d8e2e6d8e2e6d8e2e6d8e2e6d8e2e6d8e2e6d8e2e6d8e2e6d8e
2e6d8e2e6d8e2e6d8e2e6d8e2e6d8e2e6d8e2e6d8e2e6d8e2e6d8e2e6d8e2e6d8e2e6d8e2e6d8e2e6d8e2e6d8e2e6d8e2e6d8e2e6d8e2e6d8e2e6d8e2e6c8e2e
6c8e2e6c8e2e6c8e2e6c8e2e6c8e2e6c8e2e6c8e2e6c8e2e6c8e2e6c8e2e6c8e2e6c8e2e6c8e2e6b8e2e6b8e2e6b8e2e6b8e2e6b8e2e6b8e2e6b8e2e6b8e2f6a
8d2f6a8d2f6a8d2f6a8d2f6a8d2f6a8d2f6a8d2f6a8d2f6a8d2f6a8d2f6a8d2f6a8d2f6a8d2f6a8d2f698d2f698d2f698d2f698d2f698d2f698d2f698d2f698d
30688d30688d30688d30688d30688d30688d30688d30678d30678d30678d30678d30678d30678d30678d31668d31668d31668d31668d31668d31668d31668d31
668d31658d31658d31658d31658d31658d31658d31658d32638d32638d32638d32638d32638d32638d32638d32628d32628d32628d32628d32628d32628d3262
8d33618d33618d33618d33618d33618d33618d33618d33618d345f8d345f8d345f8d345f8d345f8d345f8d345f8d345e8d345e8d345e8d345e8d345e8d345e8d
345e8d355c8c355c8c355c8c355c8c355c8c355c8c355c8c355c8c365a8c365a8c365a8c365a8c365a8c365a8c365a8c37588c37588c37588c37588c37588c37
588c37588c38568b38568b38568b38568b38568b38568b38568b38568b39548b39548b39548b39548b39548b39548b39548b38568b38568b38568b38568b3856
8b38568b38568b37588c37588c37588c37588c37588c37588c37588c37588c365a8c365a8c365a8c365a8c365a8c365a8c365a8c355c8c355c8c355c8c355c8c
355c8c355c8c355c8c345e8d345e8d345e8d345e8d345e8d345e8d345e8d345e8d345f8d345f8d345f8d345f8d345f8d345f8d345f8d33618d33618d33618d33
618d33618d33618d33618d32628d32628d32628d32628d32628d32628d32628d32638d32638d32638d32638d32638d32638d32638d32638d31658d31658d3165
8d31658d31658d31658d31658d31668d31668d31668d31668d31668d31668d31668d30678d30678d30678d30678d30678d30678d30678d30678d30688d30688d
30688d30688d30688d30688d30688d2f698d2f698d2f698d2f698d2f698d2f698d2f698d2f6a8d2f6a8d2f6a8d2f6a8d2f6a8d2f6a8d2f6a8d2f6a8d2f6a8d2f
6a8d2f6a8d2f6a8d2f6a8d2f6a8d2f6a8d2e6b8e2e6b8e2e6b8e2e6b8e2e6b8e2e6b8e2e6b8e2e6c8e2e6c8e2e6c8e2e6c8e2e6c8e2e6c8e2e6c8e2e6c8e2e6c
8e2e6c8e2e6c8e2e6c8e2e6c8e2e6c8e2e6c8e2e6d8e2e6d8e2e6d8e2e6d8e2e6d8e2e6d8e2e6d8e2e6d8e2e6d8e2e6d8e2e6d8e2e6d8e2e6d8e2e6d8e2e6d8e
2e6d8e2e6d8e2e6d8e2e6d8e2e6d8e2e6d8e2e6d8e2e6d8e2e6d8e2e6d8e2e6d8e2e6d8e2e6d8e2e6d8e2d6e8e2d6e8e2d6e8e2d6e8e2d6e8e2d6e8e2d6e8e2d
6e8e2d6e8e2d6e8e2d6e8e2d6e8e2d6e8e2d6e8e2d6e8e2d6e8e2d6e8e2d6e8e2d6e8e2d6e8e2d6e8e2d6e8e2d6e8e2d6e8e2d6e8e2d6e8e2d6e8e2d6e8e2d6e
8e2e6d8e2e6d8e2e6d8e2e6d8e2e6d8e2e6d8e2e6d8e2e6d8e2e6d8e2e6d8e2e6d8e2e6d8e2e6d8e2e6d8e2e6d8e2e6d8e2e6d8e2e6d8e2e6d8e2e6d8e2e6d8e
2e6d8e2e6d8e2e6d8e2e6d8e2e6d8e2e6d8e2e6d8e2e6d8e2e6d8e2e6c8e2e6c8e2e6c8e2e6c8e2e6c8e2e6c8e2e6c8e2e6c8e2e6c8e2e6c8e2e6c8e2e6c8e2e
6c8e2e6c8e2e6b8e2e6b8e2e6b8e2e6b8e2e6b8e2e6b8e2e6b8e2e6b8e2f6a8d2f6a8d2f6a8d2f6a8d2f6a8d2f6a8d2f6a8d2f6a8d2f6a8d2f6a8d2f6a8d2f6a
8d2f6a8d2f6a8d2f698d2f698d2f698d2f698d2f698d2f698d2f698d2f698d30688d30688d30688d30688d30688d30688d30688d30678d30678d30678d30678d
30678d30678d30678d31668d31668d31668d31668d31668d31668d31668d31668d31658d31658d31658d31658d31658d31658d31658d32638d32638d32638d32
638d32638d32638d32638d32628d32628d32628d32628d32628d32628d32628d33618d33618d33618d33618d33618d33618d33618d33618d345f8d345f8d345f
8d345f8d345f8d345f8d345f8d345e8d345e8d345e8d345e8d345e8d345e8d345e8d355c8c355c8c355c8c355c8c355c8c355c8c355c8c355c8c365a8c365a8c
365a8c365a8c365a8c365a8c365a8c37588c37588c37588c37588c37588c37588c37588c38568b38568b38568b38568b38568b38568b38568b38568b39548b39
548b39548b39548b39548b39548b39548b38568b38568b38568b38568b38568b38568b38568b37588c37588c37588c37588c37588c37588c37588c37588c365a
8c365a8c365a8c365a8c365a8c365a8c365a8c355c8c355c8c355c8c355c8c355c8c355c8c355c8c345e8d345e8d345e8d345e8d345e8d345e8d345e8d345e8d
345f8d345f8d345f8d345f8d345f8d345f8d345f8d33618d33618d33618d33618d33618d33618d33618d32628d32628d32628d32628d32628d32628d32628d32
638d32638d32638d32638d32638d32638d32638d32638d31658d31658d31658d31658d31658d31658d31658d31668d31668d31668d31668d31668d31668d3166
8d30678d30678d30678d30678d30678d30678d30678d30678d30688d30688d30688d30688d30688d30688d30688d2f698d2f698d2f698d2f698d2f698d2f698d
2f698d2f6a8d2f6a8d2f6a8d2f6a8d2f6a8d2f6a8d2f6a8d2f6a8d2f6a8d2f6a8d2f6a8d2f6a8d2f6a8d2f6a8d2f6a8d2e6b8e2e6b8e2e6b8e2e6b8e2e6b8e2e
6b8e2e6b8e2e6c8e2e6c8e2e6c8e2e6c8e2e6c8e2e6c8e2e6c8e2e6c8e2e6c8e2e6c8e2e6c8e2e6c8e2e6c8e2e6c8e2e6c8e2e6d8e2e6d8e2e6d8e2e6d8e2e6d
8e2e6d8e2e6d8e2e6d8e2e6d8e2e6d8e2e6d8e2e6d8e2e6d8e2e6d8e2e6d8e2e6d8e2e6d8e2e6d8e2e6d8e2e6d8e2e6d8e2e6d8e2e6d8e2e6d8e2e6d8e2e6d8e
2e6d8e2e6d8e2e6d8e2d6e8e2d6e8e2d6e8e2d6e8e2d6e8e2d6e8e2d6e8e2d6e8e2d6e8e2d6e8e2d6e8e2d6e8e2d6e8e2d6e8e2d6e8e2d6e8e2d6e8e2d6e8e2d
6e8e2d6e8e2d6e8e2d6e8e2d6e8e2d6e8e2d6e8e2d6e8e2d6e8e2d6e8e2d6e8e2e6d8e2e6d8e2e6d8e2e6d8e2e6d8e2e6d8e2e6d8e2e6d8e2e6d8e2e6d8e2e6d
8e2e6d8e2e6d8e2e6d8e2e6d8e2e6d8e2e6d8e2e6d8e2e6d8e2e6d8e2e6d8e2e6d8e2e6d8e2e6d8e2e6d8e2e6d8e2e6d8e2e6d8e2e6d8e2e6d8e2e6c8e2e6c8e
2e6c8e2e6c8e2e6c8e2e6c8e2e6c8e2e6c8e2e6c8e2e6c8e2e6c8e2e6c8e2e6c8e2e6c8e2e6b8e2e6b8e2e6b8e2e6b8e2e6b8e2e6b8e2e6b8e2e6b8e2f6a8d2f
6a8d2f6a8d2f6a8d2f6a8d2f6a8d2f6a8d2f6a8d2f6a8d2f6a8d2f6a8d2f6a8d2f6a8d2f6a8d2f698d2f698d2f698d2f698d2f698d2f698d2f698d2f698d3068
8d30688d30688d30688d30688d30688d30688d30678d30678d30678d30678d30678d30678d30678d31668d31668d31668d31668d31668d31668d31668d31668d
31658d31658d31658d31658d31658d31658d31658d32638d32638d32638d32638d32638d32638d32638d32628d32628d32628d32628d32628d32628d32628d33
618d33618d33618d33618d33618d33618d33618d33618d345f8d345f8d345f8d345f8d345f8d345f8d345f8d345e8d345e8d345e8d345e8d345e8d345e8d345e
8d355c8c355c8c355c8c355c8c355c8c355c8c355c8c355c8c365a8c365a8c365a8c365a8c365a8c365a8c365a8c37588c37588c37588c37588c37588c37588c
37588c38568b38568b38568b38568b38568b38568b38568b38568b39548b39548b39548b39548b39548b39548b39548b38568b38568b38568b38568b38568b38
568b38568b37588c37588c37588c37588c37588c37588c37588c37588c365a8c365a8c365a8c365a8c365a8c365a8c365a8c355c8c355c8c355c8c355c8c355c
8c355c8c355c8c345e8d345e8d345e8d345e8d345e8d345e8d345e8d345e8d345f8d345f8d345f8d345f8d345f8d345f8d345f8d33618d33618d33618d33618d
33618d33618d33618d32628d32628d32628d32628d32628d32628d32628d32638d32638d32638d32638d32638d32638d32638d32638d31658d31658d31658d31
658d31658d31658d31658d31668d31668d31668d31668d31668d31668d31668d30678d30678d30678d30678d30678d30678d30678d30678d30688d30688d3068
8d30688d30688d30688d30688d2f698d2f698d2f698d2f698d2f698d2f698d2f698d2f6a8d2f6a8d2f6a8d2f6a8d2f6a8d2f6a8d2f6a8d2f6a8d2f6a8d2f6a8d
2f6a8d2f6a8d2f6a8d2f6a8d2f6a8d2e6b8e2e6b8e2e6b8e2e6b8e2e6b8e2e6b8e2e6b8e2e6c8e2e6c8e2e6c8e2e6c8e2e6c8e2e6c8e2e6c8e2e6c8e2e6c8e2e
6c8e2e6c8e2e6c8e2e6c8e2e6c8e2e6c8e2e6d8e2e6d8e2e6d8e2e6d8e2e6d8e2e6d8e2e6d8e2e6d8e2e6d8e2e6d8e2e6d8e2e6d8e2e6d8e2e6d8e2e6d8e2e6d
8e2e6d8e2e6d8e2e6d8e2e6d8e2e6d8e2e6d8e2e6d8e2e6d8e2e6d8e2e6d8e2e6d8e2e6d8e2e6d8e2d6e8e2d6e8e2d6e8e2d6e8e2d6e8e2d6e8e2d6e8e2d6e8e
2d6e8e2d6e8e2d6e8e2d6e8e2d6e8e2d6e8e2d6e8e2d6e8e2d6e8e2d6e8e2d6e8e2d6e8e2d6e8e2d6e8e2d6e8e2d6e8e2d6e8e2d6e8e2d6e8e2d6e8e2d6e8e2e
6d8e2e6d8e2e6d8e2e6d8e2e6d8e2e6d8e2e6d8e2e6d8e2e6d8e2e6d8e2e6d8e2e6d8e2e6d8e2e6d8e2e6d8e2e6d8e2e6d8e2e6d8e2e6d8e2e6d8e2e6d8e2e6d
8e2e6d8e2e6d8e2e6d8e2e6d8e2e6d8e2e6d8e2e6d8e2e6d8e2e6c8e2e6c8e2e6c8e2e6c8e2e6c8e2e6c8e2e6c8e2e6c8e2e6c8e2e6c8e2e6c8e2e6c8e2e6c8e
2e6c8e2e6b8e2e6b8e2e6b8e2e6b8e2e6b8e2e6b8e2e6b8e2e6b8e2f6a8d2f6a8d2f6a8d2f6a8d2f6a8d2f6a8d2f6a8d2f6a8d2f6a8d2f6a8d2f6a8d2f6a8d2f
6a8d2f6a8d2f698d2f698d2f698d2f698d2f698d2f698d2f698d2f698d30688d30688d30688d30688d30688d30688d30688d30678d30678d30678d30678d3067
8d30678d30678d31668d31668d31668d31668d31668d31668d31668d31668d31658d31658d31658d31658d31658d31658d31658d32638d32638d32638d32638d
32638d32638d32638d32628d32628d32628d32628d32628d32628d32628d33618d33618d33618d33618d33618d33618d33618d33618d345f8d345f8d345f8d34
5f8d345f8d345f8d345f8d345e8d345e8d345e8d345e8d345e8d345e8d345e8d355c8c355c8c355c8c355c8c355c8c355c8c355c8c355c8c365a8c365a8c365a
8c365a8c365a8c365a8c365a8c37588c37588c37588c37588c37588c37588c37588c38568b38568b38568b38568b38568b38568b38568b38568b39548b39548b
39548b39548b39548b39548b39548b38568b38568b38568b38568b38568b38568b38568b37588c37588c37588c37588c37588c37588c37588c37588c365a8c36
5a8c365a8c365a8c365a8c365a8c365a8c355c8c355c8c355c8c355c8c355c8c355c8c355c8c345e8d345e8d345e8d345e8d345e8d345e8d345e8d345e8d345f
8d345f8d345f8d345f8d345f8d345f8d345f8d33618d33618d33618d33618d33618d33618d33618d32628d32628d32628d32628d32628d32628d32628d32638d
32638d32638d32638d32638d32638d32638d32638d31658d31658d31658d31658d31658d31658d31658d31668d31668d31668d31668d31668d31668d31668d30
678d30678d30678d30678d30678d30678d30678d30678d30688d30688d30688d30688d30688d30688d30688d2f698d2f698d2f698d2f698d2f698d2f698d2f69
8d2f6a8d2f6a8d2f6a8d2f6a8d2f6a8d2f6a8d2f6a8d2f6a8d2f6a8d2f6a8d2f6a8d2f6a8d2f6a8d2f6a8d2f6a8d2e6b8e2e6b8e2e6b8e2e6b8e2e6b8e2e6b8e
2e6b8e2e6c8e2e6c8e2e6c8e2e6c8e2e6c8e2e6c8e2e6c8e2e6c8e2e6c8e2e6c8e2e6c8e2e6c8e2e6c8e2e6c8e2e6c8e2e6d8e2e6d8e2e6d8e2e6d8e2e6d8e2e
6d8e2e6d8e2e6d8e2e6d8e2e6d8e2e6d8e2e6d8e2e6d8e2e6d8e2e6d8e2e6d8e2e6d8e2e6d8e2e6d8e2e6d8e2e6d8e2e6d8e2e6d8e2e6d8e2e6d8e2e6d8e2e6d
8e2e6d8e2e6d8e2d6e8e2d6e8e2d6e8e2d6e8e2d6e8e2d6e8e2d6e8e2d6e8e2d6e8e2d6e8e2d6e8e2d6e8e2d6e8e2d6e8e2d6e8e2d6e8e2d6e8e2d6e8e2d6e8e
2d6e8e2d6e8e2d6e8e2d6e8e2d6e8e2d6e8e2d6e8e2d6e8e2d6e8e2d6e8e2e6d8e2e6d8e2e6d8e2e6d8e2e6d8e2e6d8e2e6d8e2e6d8e2e6d8e2e6d8e2e6d8e2e
6d8e2e6d8e2e6d8e2e6d8e2e6d8e2e6d8e2e6d8e2e6d8e2e6d8e2e6d8e2e6d8e2e6d8e2e6d8e2e6d8e2e6d8e2e6d8e2e6d8e2e6d8e2e6d8e2e6c8e2e6c8e2e6c
8e2e6c8e2e6c8e2e6c8e2e6c8e2e6c8e2e6c8e2e6c8e2e6c8e2e6c8e2e6c8e2e6c8e2e6b8e2e6b8e2e6b8e2e6b8e2e6b8e2e6b8e2e6b8e2e6b8e2f6a8d2f6a8d
2f6a8d2f6a8d2f6a8d2f6a8d2f6a8d2f6a8d2f6a8d2f6a8d2f6a8d2f6a8d2f6a8d2f6a8d2f698d2f698d2f698d2f698d2f698d2f698d2f698d2f698d30688d30
688d30688d30688d30688d30688d30688d30678d30678d30678d30678d30678d30678d30678d31668d31668d31668d31668d31668d31668d31668d31668d3165
8d31658d31658d31658d31658d31658d31658d32638d32638d32638d32638d32638d32638d32638d32628d32628d32628d32628d32628d32628d32628d33618d
33618d33618d33618d33618d33618d33618d33618d345f8d345f8d345f8d345f8d345f8d345f8d345f8d345e8d345e8d345e8d345e8d345e8d345e8d345e8d35
5c8c355c8c355c8c355c8c355c8c355c8c355c8c355c8c365a8c365a8c365a8c365a8c365a8c365a8c365a8c37588c37588c37588c37588c37588c37588c3758
8c38568b38568b38568b38568b38568b38568b38568b38568b39548b39548b39548b39548b39548b39548b39548b38568b38568b38568b38568b38568b38568b
38568b37588c37588c37588c37588c37588c37588c37588c37588c365a8c365a8c365a8c365a8c365a8c365a8c365a8c355c8c355c8c355c8c355c8c355c8c35
5c8c355c8c345e8d345e8d345e8d345e8d345e8d345e8d345e8d345e8d345f8d345f8d345f8d345f8d345f8d345f8d345f8d33618d33618d33618d33618d3361
8d33618d33618d32628d32628d32628d32628d32628d32628d32628d32638d32638d32638d32638d32638d32638d32638d32638d31658d31658d31658d31658d
31658d31658d31658d31668d31668d31668d31668d31668d31668d31668d30678d30678d30678d30678d30678d30678d30678d30678d30688d30688d30688d30
688d30688d30688d30688d2f698d2f698d2f698d2f698d2f698d2f698d2f698d2f6a8d2f6a8d2f6a8d2f6a8d2f6a8d2f6a8d2f6a8d2f6a8d2f6a8d2f6a8d2f6a
8d2f6a8d2f6a8d2f6a8d2f6a8d2e6b8e2e6b8e2e6b8e2e6b8e2e6b8e2e6b8e2e6b8e2e6c8e2e6c8e2e6c8e2e6c8e2e6c8e2e6c8e2e6c8e2e6c8e2e6c8e2e6c8e
2e6c8e2e6c8e2e6c8e2e6c8e2e6c8e2e6d8e2e6d8e2e6d8e2e6d8e2e6d8e2e6d8e2e6d8e2e6d8e2e6d8e2e6d8e2e6d8e2e6d8e2e6d8e2e6d8e2e6d8e2e6d8e2e
6d8e2e6d8e2e6d8e2e6d8e2e6d8e2e6d8e2e6d8e2e6d8e2e6d8e2e6d8e2e6d8e2e6d8e2e6d8e2d6e8e2d6e8e2d6e8e2d6e8e2d6e8e2d6e8e2d6e8e2d6e8e2d6e
8e2d6e8e2d6e8e2d6e8e2d6e8e2d6e8e2d6e8e2d6e8e2d6e8e2d6e8e2d6e8e2d6e8e2d6e8e2d6e8e2d6e8e2d6e8e2d6e8e2d6e8e2d6e8e2d6e8e2d6e8e2e6d8e
2e6d8e2e6d8e2e6d8e2e6d8e2e6d8e2e6d8e2e6d8e2e6d8e2e6d8e2e6d8e2e6d8e2e6d8e2e6d8e2e6d8e2e6d8e2e6d8e2e6d8e2e6d8e2e6d8e2e6d8e2e6d8e2e
6d8e2e6d8e2e6d8e2e6d8e2e6d8e2e6d8e2e6d8e2e6d8e2e6c8e2e6c8e2e6c8e2e6c8e2e6c8e2e6c8e2e6c8e2e6c8e2e6c8e2e6c8e2e6c8e2e6c8e2e6c8e2e6c
8e2e6b8e2e6b8e2e6b8e2e6b8e2e6b8e2e6b8e2e6b8e2e6b8e2f6a8d2f6a8d2f6a8d2f6a8d2f6a8d2f6a8d2f6a8d2f6a8d2f6a8d2f6a8d2f6a8d2f6a8d2f6a8d
2f6a8d2f698d2f698d2f698d2f698d2f698d2f698d2f698d2f698d30688d30688d30688d30688d30688d30688d30688d30678d30678d30678d30678d30678d30
678d30678d31668d31668d31668d31668d31668d31668d31668d31668d31658d31658d31658d31658d31658d31658d31658d32638d32638d32638d32638d3263
8d32638d32638d32628d32628d32628d32628d32628d32628d32628d33618d33618d33618d33618d33618d33618d33618d33618d345f8d345f8d345f8d345f8d
345f8d345f8d345f8d345e8d345e8d345e8d345e8d345e8d345e8d345e8d355c8c355c8c355c8c355c8c355c8c355c8c355c8c355c8c365a8c365a8c365a8c36
5a8c365a8c365a8c365a8c37588c37588c37588c37588c37588c37588c37588c38568b38568b38568b38568b38568b38568b38568b38568b39548b39548b3954
8b39548b39548b39548b39548b38568b38568b38568b38568b38568b38568b38568b37588c37588c37588c37588c37588c37588c37588c37588c365a8c365a8c
365a8c365a8c365a8c365a8c365a8c355c8c355c8c355c8c355c8c355c8c355c8c355c8c345e8d345e8d345e8d345e8d345e8d345e8d345e8d345e8d345f8d34
5f8d345f8d345f8d345f8d345f8d345f8d33618d33618d33618d33618d33618d33618d33618d32628d32628d32628d32628d32628d32628d32628d32638d3263
8d32638d32638d32638d32638d32638d32638d31658d31658d31658d31658d31658d31658d31658d31668d31668d31668d31668d31668d31668d31668d30678d
30678d30678d30678d30678d30678d30678d30678d30688d30688d30688d30688d30688d30688d30688d2f698d2f698d2f698d2f698d2f698d2f698d2f698d2f
6a8d2f6a8d2f6a8d2f6a8d2f6a8d2f6a8d2f6a8d2f6a8d2f6a8d2f6a8d2f6a8d2f6a8d2f6a8d2f6a8d2f6a8d2e6b8e2e6b8e2e6b8e2e6b8e2e6b8e2e6b8e2e6b
8e2e6c8e2e6c8e2e6c8e2e6c8e2e6c8e2e6c8e2e6c8e2e6c8e2e6c8e2e6c8e2e6c8e2e6c8e2e6c8e2e6c8e2e6c8e2e6d8e2e6d8e2e6d8e2e6d8e2e6d8e2e6d8e
2e6d8e2e6d8e2e6d8e2e6d8e2e6d8e2e6d8e2e6d8e2e6d8e2e6d8e2e6d8e2e6d8e2e6d8e2e6d8e2e6d8e2e6d8e2e6d8e2e6d8e2e6d8e2e6d8e2e6d8e2e6d8e2e
6d8e2e6d8e2d6e8e2d6e8e2d6e8e2d6e8e2d6e8e2d6e8e2d6e8e2d6e8e2d6e8e2d6e8e2d6e8e2d6e8e2d6e8e2d6e8e2d6e8e2d6e8e2d6e8e2d6e8e2d6e8e2d6e
8e2d6e8e2d6e8e2d6e8e2d6e8e2d6e8e2d6e8e2d6e8e2d6e8e2d6e8e2e6d8e2e6d8e2e6d8e2e6d8e2e6d8e2e6d8e2e6d8e2e6d8e2e6d8e2e6d8e2e6d8e2e6d8e
2e6d8e2e6d8e2e6d8e2e6d8e2e6d8e2e6d8e2e6d8e2e6d8e2e6d8e2e6d8e2e6d8e2e6d8e2e6d8e2e6d8e2e6d8e2e6d8e2e6d8e2e6d8e2e6c8e2e6c8e2e6c8e2e
6c8e2e6c8e2e6c8e2e6c8e2e6c8e2e6c8e2e6c8e2e6c8e2e6c8e2e6c8e2e6c8e2e6b8e2e6b8e2e6b8e2e6b8e2e6b8e2e6b8e2e6b8e2e6b8e2f6a8d2f6a8d2f6a
8d2f6a8d2f6a8d2f6a8d2f6a8d2f6a8d2f6a8d2f6a8d2f6a8d2f6a8d2f6a8d2f6a8d2f698d2f698d2f698d2f698d2f698d2f698d2f698d2f698d30688d30688d
30688d30688d30688d30688d30688d30678d30678d30678d30678d30678d30678d30678d31668d31668d31668d31668d31668d31668d31668d31668d31658d31
658d31658d31658d31658d31658d31658d32638d32638d32638d32638d32638d32638d32638d32628d32628d32628d32628d32628d32628d32628d33618d3361
8d33618d33618d33618d33618d33618d33618d345f8d345f8d345f8d345f8d345f8d345f8d345f8d345e8d345e8d345e8d345e8d345e8d345e8d345e8d355c8c
355c8c355c8c355c8c355c8c355c8c355c8c355c8c365a8c365a8c365a8c365a8c365a8c365a8c365a8c37588c37588c37588c37588c37588c37588c37588c38
568b38568b38568b38568b38568b38568b38568b38568b39548b39548b39548b39548b39548b39548b39548b3a528b3a528b3a528b3a528b3a528b3a528b3a52
8b39548b39548b39548b39548b39548b39548b39548b39548b38568b38568b38568b38568b38568b38568b38568b37588c37588c37588c37588c37588c37588c
37588c37598c37598c37598c37598c37598c37598c37598c37598c365b8c365b8c365b8c365b8c365b8c365b8c365b8c355c8c355c8c355c8c355c8c355c8c35
5c8c355c8c345e8d345e8d345e8d345e8d345e8d345e8d345e8d345f8d345f8d345f8d345f8d345f8d345f8d345f8d345f8d33608d33608d33608d33608d3360
8d33608d33608d33618d33618d33618d33618d33618d33618d33618d32628d32628d32628d32628d32628d32628d32628d32628d32638d32638d32638d32638d
32638d32638d32638d31648d31648d31648d31648d31648d31648d31648d31658d31658d31658d31658d31658d31658d31658d31658d31668d31668d31668d31
668d31668d31668d31668d31668d31668d31668d31668d31668d31668d31668d30678d30678d30678d30678d30678d30678d30678d30678d30678d30678d3067
8d30678d30678d30678d30678d30688d30688d30688d30688d30688d30688d30688d30688d30688d30688d30688d30688d30688d30688d30688d30688d30688d
30688d30688d30688d30688d30688d2f698d2f698d2f698d2f698d2f698d2f698d2f698d2f698d2f698d2f698d2f698d2f698d2f698d2f698d2f698d2f698d2f
698d2f698d2f698d2f698d2f698d2f698d2f698d2f698d2f698d2f698d2f698d2f698d2f698d2f698d2f698d2f698d2f698d2f698d2f698d2f698d2f698d2f69
8d2f698d2f698d2f698d2f698d2f698d2f698d30688d30688d30688d30688d30688d30688d30688d30688d30688d30688d30688d30688d30688d30688d30688d
30688d30688d30688d30688d30688d30688d30688d30678d30678d30678d30678d30678d30678d30678d30678d30678d30678d30678d30678d30678d30678d31
668d31668d31668d31668d31668d31668d31668d31668d31668d31668d31668d31668d31668d31668d31668d31658d31658d31658d31658d31658d31658d3165
8d31648d31648d31648d31648d31648d31648d31648d31648d32638d32638d32638d32638d32638d32638d32638d32628d32628d32628d32628d32628d32628d
32628d33618d33618d33618d33618d33618d33618d33618d33618d33608d33608d33608d33608d33608d33608d33608d345f8d345f8d345f8d345f8d345f8d34
5f8d345f8d345e8d345e8d345e8d345e8d345e8d345e8d345e8d355c8c355c8c355c8c355c8c355c8c355c8c355c8c355c8c365b8c365b8c365b8c365b8c365b
8c365b8c365b8c37598c37598c37598c37598c37598c37598c37598c37588c37588c37588c37588c37588c37588c37588c37588c38568b38568b38568b38568b
38568b38568b38568b39548b39548b39548b39548b39548b39548b39548b3a528b3a528b3a528b3a528b3a528b3a528b3a528b3a528b3b508a3b508a3b508a3b
508a3b508a3b508a3b508a3a528b3a528b3a528b3a528b3a528b3a528b3a528b39548b39548b39548b39548b39548b39548b39548b39548b38568b38568b3856
8b38568b38568b38568b38568b37588c37588c37588c37588c37588c37588c37588c37598c37598c37598c37598c37598c37598c37598c37598c365b8c365b8c
365b8c365b8c365b8c365b8c365b8c355c8c355c8c355c8c355c8c355c8c355c8c355c8c345e8d345e8d345e8d345e8d345e8d345e8d345e8d345f8d345f8d34
5f8d345f8d345f8d345f8d345f8d345f8d33608d33608d33608d33608d33608d33608d33608d33618d33618d33618d33618d33618d33618d33618d32628d3262
8d32628d32628d32628d32628d32628d32628d32638d32638d32638d32638d32638d32638d32638d31648d31648d31648d31648d31648d31648d31648d31658d
31658d31658d31658d31658d31658d31658d31658d31668d31668d31668d31668d31668d31668d31668d31668d31668d31668d31668d31668d31668d31668d30
678d30678d30678d30678d30678d30678d30678d30678d30678d30678d30678d30678d30678d30678d30678d30688d30688d30688d30688d30688d30688d3068
8d30688d30688d30688d30688d30688d30688d30688d30688d30688d30688d30688d30688d30688d30688d30688d2f698d2f698d2f698d2f698d2f698d2f698d
2f698d2f698d2f698d2f698d2f698d2f698d2f698d2f698d2f698d2f698d2f698d2f698d2f698d2f698d2f698d2f698d2f698d2f698d2f698d2f698d2f698d2f
698d2f698d2f698d2f698d2f698d2f698d2f698d2f698d2f698d2f698d2f698d2f698d2f698d2f698d2f698d2f698d2f698d30688d30688d30688d30688d3068
8d30688d30688d30688d30688d30688d30688d30688d30688d30688d30688d30688d30688d30688d30688d30688d30688d30688d30678d30678d30678d30678d
30678d30678d30678d30678d30678d30678d30678d30678d30678d30678d31668d31668d31668d31668d31668d31668d31668d31668d31668d31668d31668d31
668d31668d31668d31668d31658d31658d31658d31658d31658d31658d31658d31648d31648d31648d31648d31648d31648d31648d31648d32638d32638d3263
8d32638d32638d32638d32638d32628d32628d32628d32628d32628d32628d32628d33618d33618d33618d33618d33618d33618d33618d33618d33608d33608d
33608d33608d33608d33608d33608d345f8d345f8d345f8d345f8d345f8d345f8d345f8d345e8d345e8d345e8d345e8d345e8d345e8d345e8d355c8c355c8c35
5c8c355c8c355c8c355c8c355c8c355c8c365b8c365b8c365b8c365b8c365b8c365b8c365b8c37598c37598c37598c37598c37598c37598c37598c37588c3758
8c37588c37588c37588c37588c37588c37588c38568b38568b38568b38568b38568b38568b38568b39548b39548b39548b39548b39548b39548b39548b3a528b
3a528b3a528b3a528b3a528b3a528b3a528b3a528b3b508a3b508a3b508a3b508a3b508a3b508a3b508a3a528b3a528b3a528b3a528b3a528b3a528b3a528b39
548b39548b39548b39548b39548b39548b39548b39548b38568b38568b38568b38568b38568b38568b38568b37588c37588c37588c37588c37588c37588c3758
8c37598c37598c37598c37598c37598c37598c37598c37598c365b8c365b8c365b8c365b8c365b8c365b8c365b8c355c8c355c8c355c8c355c8c355c8c355c8c
355c8c345e8d345e8d345e8d345e8d345e8d345e8d345e8d345f8d345f8d345f8d345f8d345f8d345f8d345f8d345f8d33608d33608d33608d33608d33608d33
608d33608d33618d33618d33618d33618d33618d33618d33618d32628d32628d32628d32628d32628d32628d32628d32628d32638d32638d32638d32638d3263
8d32638d32638d31648d31648d31648d31648d31648d31648d31648d31658d31658d31658d31658d31658d31658d31658d31658d31668d31668d31668d31668d
31668d31668d31668d31668d31668d31668d31668d31668d31668d31668d30678d30678d30678d30678d30678d30678d30678d30678d30678d30678d30678d30
678d30678d30678d30678d30688d30688d30688d30688d30688d30688d30688d30688d30688d30688d30688d30688d30688d30688d30688d30688d30688d3068
8d30688d30688d30688d30688d2f698d2f698d2f698d2f698d2f698d2f698d2f698d2f698d2f698d2f698d2f698d2f698d2f698d2f698d2f698d2f698d2f698d
2f698d2f698d2f698d2f698d2f698d2f698d2f698d2f698d2f698d2f698d2f698d2f698d2f698d2f698d2f698d2f698d2f698d2f698d2f698d2f698d2f698d2f
698d2f698d2f698d2f698d2f698d2f698d30688d30688d30688d30688d30688d30688d30688d30688d30688d30688d30688d30688d30688d30688d30688d3068
8d30688d30688d30688d30688d30688d30688d30678d30678d30678d30678d30678d30678d30678d30678d30678d30678d30678d30678d30678d30678d31668d
31668d31668d31668d31668d31668d31668d31668d31668d31668d31668d31668d31668d31668d31668d31658d31658d31658d31658d31658d31658d31658d31
648d31648d31648d31648d31648d31648d31648d31648d32638d32638d32638d32638d32638d32638d32638d32628d32628d32628d32628d32628d32628d3262
8d33618d33618d33618d33618d33618d33618d33618d33618d33608d33608d33608d33608d33608d33608d33608d345f8d345f8d345f8d345f8d345f8d345f8d
345f8d345e8d345e8d345e8d345e8d345e8d345e8d345e8d355c8c355c8c355c8c355c8c355c8c355c8c355c8c355c8c365b8c365b8c365b8c365b8c365b8c36
5b8c365b8c37598c37598c37598c37598c37598c37598c37598c37588c37588c37588c37588c37588c37588c37588c37588c38568b38568b38568b38568b3856
8b38568b38568b39548b39548b39548b39548b39548b39548b39548b3a528b3a528b3a528b3a528b3a528b3a528b3a528b3a528b3b508a3b508a3b508a3b508a
3b508a3b508a3b508a3a528b3a528b3a528b3a528b3a528b3a528b3a528b39548b39548b39548b39548b39548b39548b39548b39548b38568b38568b38568b38
568b38568b38568b38568b37588c37588c37588c37588c37588c37588c37588c37598c37598c37598c37598c37598c37598c37598c37598c365b8c365b8c365b
8c365b8c365b8c365b8c365b8c355c8c355c8c355c8c355c8c355c8c355c8c355c8c345e8d345e8d345e8d345e8d345e8d345e8d345e8d345f8d345f8d345f8d
345f8d345f8d345f8d345f8d345f8d33608d33608d33608d33608d33608d33608d33608d33618d33618d33618d33618d33618d33618d33618d32628d32628d32
628d32628d32628d32628d32628d32628d32638d32638d32638d32638d32638d32638d32638d31648d31648d31648d31648d31648d31648d31648d31658d3165
8d31658d31658d31658d31658d31658d31658d31668d31668d31668d31668d31668d31668d31668d31668d31668d31668d31668d31668d31668d31668d30678d
30678d30678d30678d30678d30678d30678d30678d30678d30678d30678d30678d30678d30678d30678d30688d30688d30688d30688d30688d30688d30688d30
688d30688d30688d30688d30688d30688d30688d30688d30688d30688d30688d30688d30688d30688d30688d2f698d2f698d2f698d2f698d2f698d2f698d2f69
8d2f698d2f698d2f698d2f698d2f698d2f698d2f698d2f698d2f698d2f698d2f698d2f698d2f698d2f698d2f698d2f698d2f698d2f698d2f698d2f698d2f698d
2f698d2f698d2f698d2f698d2f698d2f698d2f698d2f698d2f698d2f698d2f698d2f698d2f698d2f698d2f698d2f698d30688d30688d30688d30688d30688d30
688d30688d30688d30688d30688d30688d30688d30688d30688d30688d30688d30688d30688d30688d30688d30688d30688d30678d30678d30678d30678d3067
8d30678d30678d30678d30678d30678d30678d30678d30678d30678d31668d31668d31668d31668d31668d31668d31668d31668d31668d31668d31668d31668d
31668d31668d31668d31658d31658d31658d31658d31658d31658d31658d31648d31648d31648d31648d31648d31648d31648d31648d32638d32638d32638d32
638d32638d32638d32638d32628d32628d32628d32628d32628d32628d32628d33618d33618d33618d33618d33618d33618d33618d33618d33608d33608d3360
8d33608d33608d33608d33608d345f8d345f8d345f8d345f8d345f8d345f8d345f8d345e8d345e8d345e8d345e8d345e8d345e8d345e8d355c8c355c8c355c8c
355c8c355c8c355c8c355c8c355c8c365b8c365b8c365b8c365b8c365b8c365b8c365b8c37598c37598c37598c37598c37598c37598c37598c37588c37588c37
588c37588c37588c37588c37588c37588c38568b38568b38568b38568b38568b38568b38568b39548b39548b39548b39548b39548b39548b39548b3a528b3a52
8b3a528b3a528b3a528b3a528b3a528b3a528b3b508a3b508a3b508a3b508a3b508a3b508a3b508a3a528b3a528b3a528b3a528b3a528b3a528b3a528b39548b
39548b39548b39548b39548b39548b39548b39548b38568b38568b38568b38568b38568b38568b38568b37588c37588c37588c37588c37588c37588c37588c37
598c37598c37598c37598c37598c37598c37598c37598c365b8c365b8c365b8c365b8c365b8c365b8c365b8c355c8c355c8c355c8c355c8c355c8c355c8c355c
8c345e8d345e8d345e8d345e8d345e8d345e8d345e8d345f8d345f8d345f8d345f8d345f8d345f8d345f8d345f8d33608d33608d33608d33608d33608d33608d
33608d33618d33618d33618d33618d33618d33618d33618d32628d32628d32628d32628d32628d32628d32628d32628d32638d32638d32638d32638d32638d32
638d32638d31648d31648d31648d31648d31648d31648d31648d31658d31658d31658d31658d31658d31658d31658d31658d31668d31668d31668d31668d3166
8d31668d31668d31668d31668d31668d31668d31668d31668d31668d30678d30678d30678d30678d30678d30678d30678d30678d30678d30678d30678d30678d
30678d30678d30678d30688d30688d30688d30688d30688d30688d30688d30688d30688d30688d30688d30688d30688d30688d30688d30688d30688d30688d30
688d30688d30688d30688d2f698d2f698d2f698d2f698d2f698d2f698d2f698d2f698d2f698d2f698d2f698d2f698d2f698d2f698d2f698d2f698d2f698d2f69
8d2f698d2f698d2f698d2f698d2f698d2f698d2f698d2f698d2f698d2f698d2f698d2f698d2f698d2f698d2f698d2f698d2f698d2f698d2f698d2f698d2f698d
2f698d2f698d2f698d2f698d2f698d30688d30688d30688d30688d30688d30688d30688d30688d30688d30688d30688d30688d30688d30688d30688d30688d30
688d30688d30688d30688d30688d30688d30678d30678d30678d30678d30678d30678d30678d30678d30678d30678d30678d30678d30678d30678d31668d3166
8d31668d31668d31668d31668d31668d31668d31668d31668d31668d31668d31668d31668d31668d31658d31658d31658d31658d31658d31658d31658d31648d
31648d31648d31648d31648d31648d31648d31648d32638d32638d32638d32638d32638d32638d32638d32628d32628d32628d32628d32628d32628d32628d33
618d33618d33618d33618d33618d33618d33618d33618d33608d33608d33608d33608d33608d33608d33608d345f8d345f8d345f8d345f8d345f8d345f8d345f
8d345e8d345e8d345e8d345e8d345e8d345e8d345e8d355c8c355c8c355c8c355c8c355c8c355c8c355c8c355c8c365b8c365b8c365b8c365b8c365b8c365b8c
365b8c37598c37598c37598c37598c37598c37598c37598c37588c37588c37588c37588c37588c37588c37588c37588c38568b38568b38568b38568b38568b38
568b38568b39548b39548b39548b39548b39548b39548b39548b3a528b3a528b3a528b3a528b3a528b3a528b3a528b3a528b3b508a3b508a3b508a3b508a3b50
8a3b508a3b508a3a528b3a528b3a528b3a528b3a528b3a528b3a528b39548b39548b39548b39548b39548b39548b39548b39548b38568b38568b38568b38568b
38568b38568b38568b37588c37588c37588c37588c37588c37588c37588c37598c37598c37598c37598c37598c37598c37598c37598c365b8c365b8c365b8c36
5b8c365b8c365b8c365b8c355c8c355c8c355c8c355c8c355c8c355c8c355c8c345e8d345e8d345e8d345e8d345e8d345e8d345e8d345f8d345f8d345f8d345f
8d345f8d345f8d345f8d345f8d33608d33608d33608d33608d33608d33608d33608d33618d33618d33618d33618d33618d33618d33618d32628d32628d32628d
32628d32628d32628d32628d32628d32638d32638d32638d32638d32638d32638d32638d31648d31648d31648d31648d31648d31648d31648d31658d31658d31
658d31658d31658d31658d31658d31658d31668d31668d31668d31668d31668d31668d31668d31668d31668d31668d31668d31668d31668d31668d30678d3067
8d30678d30678d30678d30678d30678d30678d30678d30678d30678d30678d30678d30678d30678d30688d30688d30688d30688d30688d30688d30688d30688d
30688d30688d30688d30688d30688d30688d30688d30688d30688d30688d30688d30688d30688d30688d2f698d2f698d2f698d2f698d2f698d2f698d2f698d2f
698d2f698d2f698d2f698d2f698d2f698d2f698d2f698d2f698d2f698d2f698d2f698d2f698d2f698d2f698d2f698d2f698d2f698d2f698d2f698d2f698d2f69
8d2f698d2f698d2f698d2f698d2f698d2f698d2f698d2f698d2f698d2f698d2f698d2f698d2f698d2f698d2f698d30688d30688d30688d30688d30688d30688d
30688d30688d30688d30688d30688d30688d30688d30688d30688d30688d30688d30688d30688d30688d30688d30688d30678d30678d30678d30678d30678d30
678d30678d30678d30678d30678d30678d30678d30678d30678d31668d31668d31668d31668d31668d31668d31668d31668d31668d31668d31668d31668d3166
8d31668d31668d31658d31658d31658d31658d31658d31658d31658d31648d31648d31648d31648d31648d31648d31648d31648d32638d32638d32638d32638d
32638d32638d32638d32628d32628d32628d32628d32628d32628d32628d33618d33618d33618d33618d33618d33618d33618d33618d33608d33608d33608d33
608d33608d33608d33608d345f8d345f8d345f8d345f8d345f8d345f8d345f8d345e8d345e8d345e8d345e8d345e8d345e8d345e8d355c8c355c8c355c8c355c
8c355c8c355c8c355c8c355c8c365b8c365b8c365b8c365b8c365b8c365b8c365b8c37598c37598c37598c37598c37598c37598c37598c37588c37588c37588c
37588c37588c37588c37588c37588c38568b38568b38568b38568b38568b38568b38568b39548b39548b39548b39548b39548b39548b39548b3a528b3a528b3a
528b3a528b3a528b3a528b3a528b3a528b3b508a3b508a3b508a3b508a3b508a3b508a3b508a3a528b3a528b3a528b3a528b3a528b3a528b3a528b39548b3954
8b39548b39548b39548b39548b39548b39548b38568b38568b38568b38568b38568b38568b38568b37588c37588c37588c37588c37588c37588c37588c37598c
37598c37598c37598c37598c37598c37598c37598c365b8c365b8c365b8c365b8c365b8c365b8c365b8c355c8c355c8c355c8c355c8c355c8c355c8c355c8c34
5e8d345e8d345e8d345e8d345e8d345e8d345e8d345f8d345f8d345f8d345f8d345f8d345f8d345f8d345f8d33608d33608d33608d33608d33608d33608d3360
8d33618d33618d33618d33618d33618d33618d33618d32628d32628d32628d32628d32628d32628d32628d32628d32638d32638d32638d32638d32638d32638d
32638d31648d31648d31648d31648d31648d31648d31648d31658d31658d31658d31658d31658d31658d31658d31658d31668d31668d31668d31668d31668d31
668d31668d31668d31668d31668d31668d31668d31668d31668d30678d30678d30678d30678d30678d30678d30678d30678d30678d30678d30678d30678d3067
8d30678d30678d30688d30688d30688d30688d30688d30688d30688d30688d30688d30688d30688d30688d30688d30688d30688d30688d30688d30688d30688d
30688d30688d30688d2f698d2f698d2f698d2f698d2f698d2f698d2f698d2f698d2f698d2f698d2f698d2f698d2f698d2f698d2f698d2f698d2f698d2f698d2f
698d2f698d2f698d2f698d2f698d2f698d2f698d2f698d2f698d2f698d2f698d2f698d2f698d2f698d2f698d2f698d2f698d2f698d2f698d2f698d2f698d2f69
8d2f698d2f698d2f698d2f698d30688d30688d30688d30688d30688d30688d30688d30688d30688d30688d30688d30688d30688d30688d30688d30688d30688d
30688d30688d30688d30688d30688d30678d30678d30678d30678d30678d30678d30678d30678d30678d30678d30678d30678d30678d30678d31668d31668d31
668d31668d31668d31668d31668d31668d31668d31668d31668d31668d31668d31668d31668d31658d31658d31658d31658d31658d31658d31658d31648d3164
8d31648d31648d31648d31648d31648d31648d32638d32638d32638d32638d32638d32638d32638d32628d32628d32628d32628d32628d32628d32628d33618d
33618d33618d33618d33618d33618d33618d33618d33608d33608d33608d33608d33608d33608d33608d345f8d345f8d345f8d345f8d345f8d345f8d345f8d34
5e8d345e8d345e8d345e8d345e8d345e8d345e8d355c8c355c8c355c8c355c8c355c8c355c8c355c8c355c8c365b8c365b8c365b8c365b8c365b8c365b8c365b
8c37598c37598c37598c37598c37598c37598c37598c37588c37588c37588c37588c37588c37588c37588c37588c38568b38568b38568b38568b38568b38568b
38568b39548b39548b39548b39548b39548b39548b39548b3a528b3a528b3a528b3a528b3a528b3a528b3a528b3a528b3b508a3b508a3b508a3b508a3b508a3b
508a3b508a3c4d8a3c4d8a3c4d8a3c4d8a3c4d8a3c4d8a3c4d8a3b508a3b508a3b508a3b508a3b508a3b508a3b508a3b508a3a528b3a528b3a528b3a528b3a52
8b3a528b3a528b3a538b3a538b3a538b3a538b3a538b3a538b3a538b39558b39558b39558b39558b39558b39558b39558b39558b38578c38578c38578c38578c
38578c38578c38578c37588c37588c37588c37588c37588c37588c37588c37598c37598c37598c37598c37598c37598c37598c365b8c365b8c365b8c365b8c36
5b8c365b8c365b8c365b8c355c8c355c8c355c8c355c8c355c8c355c8c355c8c355d8c355d8c355d8c355d8c355d8c355d8c355d8c345e8d345e8d345e8d345e
8d345e8d345e8d345e8d345e8d345f8d345f8d345f8d345f8d345f8d345f8d345f8d33608d33608d33608d33608d33608d33608d33608d33608d33608d33608d
33608d33608d33608d33608d33608d33618d33618d33618d33618d33618d33618d33618d32628d32628d32628d32628d32628d32628d32628d32628d32628d32
628d32628d32628d32628d32628d32628d32638d32638d32638d32638d32638d32638d32638d32638d32638d32638d32638d32638d32638d32638d32638d3263
8d32638d32638d32638d32638d32638d32638d31648d31648d31648d31648d31648d31648d31648d31648d31648d31648d31648d31648d31648d31648d31648d
31648d31648d31648d31648d31648d31648d31648d31648d31648d31648d31648d31648d31648d31648d31648d31648d31648d31648d31648d31648d31648d31
648d31648d31648d31648d31648d31648d31648d31648d31648d31648d31648d31648d31648d31648d31648d31648d31648d31648d31648d31648d31648d3164
8d32638d32638d32638d32638d32638d32638d32638d32638d32638d32638d32638d32638d32638d32638d32638d32638d32638d32638d32638d32638d32638d
32638d32628d32628d32628d32628d32628d32628d32628d32628d32628d32628d32628d32628d32628d32628d32628d33618d33618d33618d33618d33618d33
618d33618d33608d33608d33608d33608d33608d33608d33608d33608d33608d33608d33608d33608d33608d33608d33608d345f8d345f8d345f8d345f8d345f
8d345f8d345f8d345e8d345e8d345e8d345e8d345e8d345e8d345e8d355d8c355d8c355d8c355d8c355d8c355d8c355d8c355d8c355c8c355c8c355c8c355c8c
355c8c355c8c355c8c365b8c365b8c365b8c365b8c365b8c365b8c365b8c37598c37598c37598c37598c37598c37598c37598c37588c37588c37588c37588c37
588c37588c37588c37588c38578c38578c38578c38578c38578c38578c38578c39558b39558b39558b39558b39558b39558b39558b3a538b3a538b3a538b3a53
8b3a538b3a538b3a538b3a538b3a528b3a528b3a528b3a528b3a528b3a528b3a528b3b508a3b508a3b508a3b508a3b508a3b508a3b508a3c4d8a3c4d8a3c4d8a
3c4d8a3c4d8a3c4d8a3c4d8a3c4d8a3d4b893d4b893d4b893d4b893d4b893d4b893d4b893c4d8a3c4d8a3c4d8a3c4d8a3c4d8a3c4d8a3c4d8a3b508a3b508a3b
508a3b508a3b508a3b508a3b508a3b508a3a528b3a528b3a528b3a528b3a528b3a528b3a528b3a538b3a538b3a538b3a538b3a538b3a538b3a538b39558b3955
8b39558b39558b39558b39558b39558b39558b38578c38578c38578c38578c38578c38578c38578c37588c37588c37588c37588c37588c37588c37588c37598c
37598c37598c37598c37598c37598c37598c365b8c365b8c365b8c365b8c365b8c365b8c365b8c365b8c355c8c355c8c355c8c355c8c355c8c355c8c355c8c35
5d8c355d8c355d8c355d8c355d8c355d8c355d8c345e8d345e8d345e8d345e8d345e8d345e8d345e8d345e8d345f8d345f8d345f8d345f8d345f8d345f8d345f
8d33608d33608d33608d33608d33608d33608d33608d33608d33608d33608d33608d33608d33608d33608d33608d33618d33618d33618d33618d33618d33618d
33618d32628d32628d32628d32628d32628d32628d32628d32628d32628d32628d32628d32628d32628d32628d32628d32638d32638d32638d32638d32638d32
638d32638d32638d32638d32638d32638d32638d32638d32638d32638d32638d32638d32638d32638d32638d32638d32638d31648d31648d31648d31648d3164
8d31648d31648d31648d31648d31648d31648d31648d31648d31648d31648d31648d31648d31648d31648d31648d31648d31648d31648d31648d31648d31648d
31648d31648d31648d31648d31648d31648d31648d31648d31648d31648d31648d31648d31648d31648d31648d31648d31648d31648d31648d31648d31648d31
648d31648d31648d31648d31648d31648d31648d31648d31648d31648d31648d32638d32638d32638d32638d32638d32638d32638d32638d32638d32638d3263
8d32638d32638d32638d32638d32638d32638d32638d32638d32638d32638d32638d32628d32628d32628d32628d32628d32628d32628d32628d32628d32628d
32628d32628d32628d32628d32628d33618d33618d33618d33618d33618d33618d33618d33608d33608d33608d33608d33608d33608d33608d33608d33608d33
608d33608d33608d33608d33608d33608d345f8d345f8d345f8d345f8d345f8d345f8d345f8d345e8d345e8d345e8d345e8d345e8d345e8d345e8d355d8c355d
8c355d8c355d8c355d8c355d8c355d8c355d8c355c8c355c8c355c8c355c8c355c8c355c8c355c8c365b8c365b8c365b8c365b8c365b8c365b8c365b8c37598c
37598c37598c37598c37598c37598c37598c37588c37588c37588c37588c37588c37588c37588c37588c38578c38578c38578c38578c38578c38578c38578c39
558b39558b39558b39558b39558b39558b39558b3a538b3a538b3a538b3a538b3a538b3a538b3a538b3a538b3a528b3a528b3a528b3a528b3a528b3a528b3a52
8b3b508a3b508a3b508a3b508a3b508a3b508a3b508a3c4d8a3c4d8a3c4d8a3c4d8a3c4d8a3c4d8a3c4d8a3c4d8a3d4b893d4b893d4b893d4b893d4b893d4b89
3d4b893c4d8a3c4d8a3c4d8a3c4d8a3c4d8a3c4d8a3c4d8a3b508a3b508a3b508a3b508a3b508a3b508a3b508a3b508a3a528b3a528b3a528b3a528b3a528b3a
528b3a528b3a538b3a538b3a538b3a538b3a538b3a538b3a538b39558b39558b39558b39558b39558b39558b39558b39558b38578c38578c38578c38578c3857
8c38578c38578c37588c37588c37588c37588c37588c37588c37588c37598c37598c37598c37598c37598c37598c37598c365b8c365b8c365b8c365b8c365b8c
365b8c365b8c365b8c355c8c355c8c355c8c355c8c355c8c355c8c355c8c355d8c355d8c355d8c355d8c355d8c355d8c355d8c345e8d345e8d345e8d345e8d34
5e8d345e8d345e8d345e8d345f8d345f8d345f8d345f8d345f8d345f8d345f8d33608d33608d33608d33608d33608d33608d33608d33608d33608d33608d3360
8d33608d33608d33608d33608d33618d33618d33618d33618d33618d33618d33618d32628d32628d32628d32628d32628d32628d32628d32628d32628d32628d
32628d32628d32628d32628d32628d32638d32638d32638d32638d32638d32638d32638d32638d32638d32638d32638d32638d32638d32638d32638d32638d32
638d32638d32638d32638d32638d32638d31648d31648d31648d31648d31648d31648d31648d31648d31648d31648d31648d31648d31648d31648d31648d3164
8d31648d31648d31648d31648d31648d31648d31648d31648d31648d31648d31648d31648d31648d31648d31648d31648d31648d31648d31648d31648d31648d
31648d31648d31648d31648d31648d31648d31648d31648d31648d31648d31648d31648d31648d31648d31648d31648d31648d31648d31648d31648d31648d32
638d32638d32638d32638d32638d32638d32638d32638d32638d32638d32638d32638d32638d32638d32638d32638d32638d32638d32638d32638d32638d3263
8d32628d32628d32628d32628d32628d32628d32628d32628d32628d32628d32628d32628d32628d32628d32628d33618d33618d33618d33618d33618d33618d
33618d33608d33608d33608d33608d33608d33608d33608d33608d33608d33608d33608d33608d33608d33608d33608d345f8d345f8d345f8d345f8d345f8d34
5f8d345f8d345e8d345e8d345e8d345e8d345e8d345e8d345e8d355d8c355d8c355d8c355d8c355d8c355d8c355d8c355d8c355c8c355c8c355c8c355c8c355c
8c355c8c355c8c365b8c365b8c365b8c365b8c365b8c365b8c365b8c37598c37598c37598c37598c37598c37598c37598c37588c37588c37588c37588c37588c
37588c37588c37588c38578c38578c38578c38578c38578c38578c38578c39558b39558b39558b39558b39558b39558b39558b3a538b3a538b3a538b3a538b3a
538b3a538b3a538b3a538b3a528b3a528b3a528b3a528b3a528b3a528b3a528b3b508a3b508a3b508a3b508a3b508a3b508a3b508a3c4d8a3c4d8a3c4d8a3c4d
8a3c4d8a3c4d8a3c4d8a3c4d8a3d4b893d4b893d4b893d4b893d4b893d4b893d4b893c4d8a3c4d8a3c4d8a3c4d8a3c4d8a3c4d8a3c4d8a3b508a3b508a3b508a
3b508a3b508a3b508a3b508a3b508a3a528b3a528b3a528b3a528b3a528b3a528b3a528b3a538b3a538b3a538b3a538b3a538b3a538b3a538b39558b39558b39
558b39558b39558b39558b39558b39558b38578c38578c38578c38578c38578c38578c38578c37588c37588c37588c37588c37588c37588c37588c37598c3759
8c37598c37598c37598c37598c37598c365b8c365b8c365b8c365b8c365b8c365b8c365b8c365b8c355c8c355c8c355c8c355c8c355c8c355c8c355c8c355d8c
355d8c355d8c355d8c355d8c355d8c355d8c345e8d345e8d345e8d345e8d345e8d345e8d345e8d345e8d345f8d345f8d345f8d345f8d345f8d345f8d345f8d33
608d33608d33608d33608d33608d33608d33608d33608d33608d33608d33608d33608d33608d33608d33608d33618d33618d33618d33618d33618d33618d3361
8d32628d32628d32628d32628d32628d32628d32628d32628d32628d32628d32628d32628d32628d32628d32628d32638d32638d32638d32638d32638d32638d
32638d32638d32638d32638d32638d32638d32638d32638d32638d32638d32638d32638d32638d32638d32638d32638d31648d31648d31648d31648d31648d31
648d31648d31648d31648d31648d31648d31648d31648d31648d31648d31648d31648d31648d31648d31648d31648d31648d31648d31648d31648d31648d3164
8d31648d31648d31648d31648d31648d31648d31648d31648d31648d31648d31648d31648d31648d31648d31648d31648d31648d31648d31648d31648d31648d
31648d31648d31648d31648d31648d31648d31648d31648d31648d31648d32638d32638d32638d32638d32638d32638d32638d32638d32638d32638d32638d32
638d32638d32638d32638d32638d32638d32638d32638d32638d32638d32638d32628d32628d32628d32628d32628d32628d32628d32628d32628d32628d3262
8d32628d32628d32628d32628d33618d33618d33618d33618d33618d33618d33618d33608d33608d33608d33608d33608d33608d33608d33608d33608d33608d
33608d33608d33608d33608d33608d345f8d345f8d345f8d345f8d345f8d345f8d345f8d345e8d345e8d345e8d345e8d345e8d345e8d345e8d355d8c355d8c35
5d8c355d8c355d8c355d8c355d8c355d8c355c8c355c8c355c8c355c8c355c8c355c8c355c8c365b8c365b8c365b8c365b8c365b8c365b8c365b8c37598c3759
8c37598c37598c37598c37598c37598c37588c37588c37588c37588c37588c37588c37588c37588c38578c38578c38578c38578c38578c38578c38578c39558b
39558b39558b39558b39558b39558b39558b3a538b3a538b3a538b3a538b3a538b3a538b3a538b3a538b3a528b3a528b3a528b3a528b3a528b3a528b3a528b3b
508a3b508a3b508a3b508a3b508a3b508a3b508a3c4d8a3c4d8a3c4d8a3c4d8a3c4d8a3c4d8a3c4d8a3c4d8a3d4b893d4b893d4b893d4b893d4b893d4b893d4b
893c4d8a3c4d8a3c4d8a3c4d8a3c4d8a3c4d8a3c4d8a3b508a3b508a3b508a3b508a3b508a3b508a3b508a3b508a3a528b3a528b3a528b3a528b3a528b3a528b
3a528b3a538b3a538b3a538b3a538b3a538b3a538b3a538b39558b39558b39558b39558b39558b39558b39558b39558b38578c38578c38578c38578c38578c38
578c38578c37588c37588c37588c37588c37588c37588c37588c37598c37598c37598c37598c37598c37598c37598c365b8c365b8c365b8c365b8c365b8c365b
8c365b8c365b8c355c8c355c8c355c8c355c8c355c8c355c8c355c8c355d8c355d8c355d8c355d8c355d8c355d8c355d8c345e8d345e8d345e8d345e8d345e8d
345e8d345e8d345e8d345f8d345f8d345f8d345f8d345f8d345f8d345f8d33608d33608d33608d33608d33608d33608d33608d33608d33608d33608d33608d33
608d33608d33608d33608d33618d33618d33618d33618d33618d33618d33618d32628d32628d32628d32628d32628d32628d32628d32628d32628d32628d3262
8d32628d32628d32628d32628d32638d32638d32638d32638d32638d32638d32638d32638d32638d32638d32638d32638d32638d32638d32638d32638d32638d
32638d32638d32638d32638d32638d31648d31648d31648d31648d31648d31648d31648d31648d31648d31648d31648d31648d31648d31648d31648d31648d31
648d31648d31648d31648d31648d31648d31648d31648d31648d31648d31648d31648d31648d31648d31648d31648d31648d31648d31648d31648d31648d3164
8d31648d31648d31648d31648d31648d31648d31648d31648d31648d31648d31648d31648d31648d31648d31648d31648d31648d31648d31648d31648d32638d
32638d32638d32638d32638d32638d32638d32638d32638d32638d32638d32638d32638d32638d32638d32638d32638d32638d32638d32638d32638d32638d32
628d32628d32628d32628d32628d32628d32628d32628d32628d32628d32628d32628d32628d32628d32628d33618d33618d33618d33618d33618d33618d3361
8d33608d33608d33608d33608d33608d33608d33608d33608d33608d33608d33608d33608d33608d33608d33608d345f8d345f8d345f8d345f8d345f8d345f8d
345f8d345e8d345e8d345e8d345e8d345e8d345e8d345e8d355d8c355d8c355d8c355d8c355d8c355d8c355d8c355d8c355c8c355c8c355c8c355c8c355c8c35
5c8c355c8c365b8c365b8c365b8c365b8c365b8c365b8c365b8c37598c37598c37598c37598c37598c37598c37598c37588c37588c37588c37588c37588c3758
8c37588c37588c38578c38578c38578c38578c38578c38578c38578c39558b39558b39558b39558b39558b39558b39558b3a538b3a538b3a538b3a538b3a538b
3a538b3a538b3a538b3a528b3a528b3a528b3a528b3a528b3a528b3a528b3b508a3b508a3b508a3b508a3b508a3b508a3b508a3c4d8a3c4d8a3c4d8a3c4d8a3c
4d8a3c4d8a3c4d8a3c4d8a3d4b893d4b893d4b893d4b893d4b893d4b893d4b893c4d8a3c4d8a3c4d8a3c4d8a3c4d8a3c4d8a3c4d8a3b508a3b508a3b508a3b50
8a3b508a3b508a3b508a3b508a3a528b3a528b3a528b3a528b3a528b3a528b3a528b3a538b3a538b3a538b3a538b3a538b3a538b3a538b39558b39558b39558b
39558b39558b39558b39558b39558b38578c38578c38578c38578c38578c38578c38578c37588c37588c37588c37588c37588c37588c37588c37598c37598c37
598c37598c37598c37598c37598c365b8c365b8c365b8c365b8c365b8c365b8c365b8c365b8c355c8c355c8c355c8c355c8c355c8c355c8c355c8c355d8c355d
8c355d8c355d8c355d8c355d8c355d8c345e8d345e8d345e8d345e8d345e8d345e8d345e8d345e8d345f8d345f8d345f8d345f8d345f8d345f8d345f8d33608d
33608d33608d33608d33608d33608d33608d33608d33608d33608d33608d33608d33608d33608d33608d33618d33618d33618d33618d33618d33618d33618d32
628d32628d32628d32628d32628d32628d32628d32628d32628d32628d32628d32628d32628d32628d32628d32638d32638d32638d32638d32638d32638d3263
8d32638d32638d32638d32638d32638d32638d32638d32638d32638d32638d32638d32638d32638d32638d32638d31648d31648d31648d31648d31648d31648d
31648d31648d31648d31648d31648d31648d31648d31648d31648d31648d31648d31648d31648d31648d31648d31648d31648d31648d31648d31648d31648d31
648d31648d31648d31648d31648d31648d31648d31648d31648d31648d31648d31648d31648d31648d31648d31648d31648d31648d31648d31648d31648d3164
8d31648d31648d31648d31648d31648d31648d31648d31648d31648d32638d32638d32638d32638d32638d32638d32638d32638d32638d32638d32638d32638d
32638d32638d32638d32638d32638d32638d32638d32638d32638d32638d32628d32628d32628d32628d32628d32628d32628d32628d32628d32628d32628d32
628d32628d32628d32628d33618d33618d33618d33618d33618d33618d33618d33608d33608d33608d33608d33608d33608d33608d33608d33608d33608d3360
8d33608d33608d33608d33608d345f8d345f8d345f8d345f8d345f8d345f8d345f8d345e8d345e8d345e8d345e8d345e8d345e8d345e8d355d8c355d8c355d8c
355d8c355d8c355d8c355d8c355d8c355c8c355c8c355c8c355c8c355c8c355c8c355c8c365b8c365b8c365b8c365b8c365b8c365b8c365b8c37598c37598c37
598c37598c37598c37598c37598c37588c37588c37588c37588c37588c37588c37588c37588c38578c38578c38578c38578c38578c38578c38578c39558b3955
8b39558b39558b39558b39558b39558b3a538b3a538b3a538b3a538b3a538b3a538b3a538b3a538b3a528b3a528b3a528b3a528b3a528b3a528b3a528b3b508a
3b508a3b508a3b508a3b508a3b508a3b508a3c4d8a3c4d8a3c4d8a3c4d8a3c4d8a3c4d8a3c4d8a3c4d8a3d4b893d4b893d4b893d4b893d4b893d4b893d4b893c
4d8a3c4d8a3c4d8a3c4d8a3c4d8a3c4d8a3c4d8a3b508a3b508a3b508a3b508a3b508a3b508a3b508a3b508a3a528b3a528b3a528b3a528b3a528b3a528b3a52
8b3a538b3a538b3a538b3a538b3a538b3a538b3a538b39558b39558b39558b39558b39558b39558b39558b39558b38578c38578c38578c38578c38578c38578c
38578c37588c37588c37588c37588c37588c37588c37588c37598c37598c37598c37598c37598c37598c37598c365b8c365b8c365b8c365b8c365b8c365b8c36
5b8c365b8c355c8c355c8c355c8c355c8c355c8c355c8c355c8c355d8c355d8c355d8c355d8c355d8c355d8c355d8c345e8d345e8d345e8d345e8d345e8d345e
8d345e8d345e8d345f8d345f8d345f8d345f8d345f8d345f8d345f8d33608d33608d33608d33608d33608d33608d33608d33608d33608d33608d33608d33608d
33608d33608d33608d33618d33618d33618d33618d33618d33618d33618d32628d32628d32628d32628d32628d32628d32628d32628d32628d32628d32628d32
628d32628d32628d32628d32638d32638d32638d32638d32638d32638d32638d32638d32638d32638d32638d32638d32638d32638d32638d32638d32638d3263
8d32638d32638d32638d32638d31648d31648d31648d31648d31648d31648d31648d31648d31648d31648d31648d31648d31648d31648d31648d31648d31648d
31648d31648d31648d31648d31648d31648d31648d31648d31648d31648d31648d31648d31648d31648d31648d31648d31648d31648d31648d31648d31648d31
648d31648d31648d31648d31648d31648d31648d31648d31648d31648d31648d31648d31648d31648d31648d31648d31648d31648d31648d31648d32638d3263
8d32638d32638d32638d32638d32638d32638d32638d32638d32638d32638d32638d32638d32638d32638d32638d32638d32638d32638d32638d32638d32628d
32628d32628d32628d32628d32628d32628d32628d32628d32628d32628d32628d32628d32628d32628d33618d33618d33618d33618d33618d33618d33618d33
608d33608d33608d33608d33608d33608d33608d33608d33608d33608d33608d33608d33608d33608d33608d345f8d345f8d345f8d345f8d345f8d345f8d345f
8d345e8d345e8d345e8d345e8d345e8d345e8d345e8d355d8c355d8c355d8c355d8c355d8c355d8c355d8c355d8c355c8c355c8c355c8c355c8c355c8c355c8c
355c8c365b8c365b8c365b8c365b8c365b8c365b8c365b8c37598c37598c37598c37598c37598c37598c37598c37588c37588c37588c37588c37588c37588c37
588c37588c38578c38578c38578c38578c38578c38578c38578c39558b39558b39558b39558b39558b39558b39558b3a538b3a538b3a538b3a538b3a538b3a53
8b3a538b3a538b3a528b3a528b3a528b3a528b3a528b3a528b3a528b3b508a3b508a3b508a3b508a3b508a3b508a3b508a3c4d8a3c4d8a3c4d8a3c4d8a3c4d8a
3c4d8a3c4d8a3c4d8a3d4b893d4b893d4b893d4b893d4b893d4b893d4b893c4d8a3c4d8a3c4d8a3c4d8a3c4d8a3c4d8a3c4d8a3b508a3b508a3b508a3b508a3b
508a3b508a3b508a3b508a3a528b3a528b3a528b3a528b3a528b3a528b3a528b3a538b3a538b3a538b3a538b3a538b3a538b3a538b39558b39558b39558b3955
8b39558b39558b39558b39558b38578c38578c38578c38578c38578c38578c38578c37588c37588c37588c37588c37588c37588c37588c37598c37598c37598c
37598c37598c37598c37598c365b8c365b8c365b8c365b8c365b8c365b8c365b8c365b8c355c8c355c8c355c8c355c8c355c8c355c8c355c8c355d8c355d8c35
5d8c355d8c355d8c355d8c355d8c345e8d345e8d345e8d345e8d345e8d345e8d345e8d345e8d345f8d345f8d345f8d345f8d345f8d345f8d345f8d33608d3360
8d33608d33608d33608d33608d33608d33608d33608d33608d33608d33608d33608d33608d33608d33618d33618d33618d33618d33618d33618d33618d32628d
32628d32628d32628d32628d32628d32628d32628d32628d32628d32628d32628d32628d32628d32628d32638d32638d32638d32638d32638d32638d32638d32
638d32638d32638d32638d32638d32638d32638d32638d32638d32638d32638d32638d32638d32638d32638d31648d31648d31648d31648d31648d31648d3164
8d31648d31648d31648d31648d31648d31648d31648d31648d31648d31648d31648d31648d31648d31648d31648d31648d31648d31648d31648d31648d31648d
31648d31648d31648d31648d31648d31648d31648d31648d31648d31648d31648d31648d31648d31648d31648d31648d31648d31648d31648d31648d31648d31
648d31648d31648d31648d31648d31648d31648d31648d31648d32638d32638d32638d32638d32638d32638d32638d32638d32638d32638d32638d32638d3263
8d32638d32638d32638d32638d32638d32638d32638d32638d32638d32628d32628d32628d32628d32628d32628d32628d32628d32628d32628d32628d32628d
32628d32628d32628d33618d33618d33618d33618d33618d33618d33618d33608d33608d33608d33608d33608d33608d33608d33608d33608d33608d33608d33
608d33608d33608d33608d345f8d345f8d345f8d345f8d345f8d345f8d345f8d345e8d345e8d345e8d345e8d345e8d345e8d345e8d355d8c355d8c355d8c355d
8c355d8c355d8c355d8c355d8c355c8c355c8c355c8c355c8c355c8c355c8c355c8c365b8c365b8c365b8c365b8c365b8c365b8c365b8c37598c37598c37598c
37598c37598c37598c37598c37588c37588c37588c37588c37588c37588c37588c37588c38578c38578c38578c38578c38578c38578c38578c39558b39558b39
558b39558b39558b39558b39558b3a538b3a538b3a538b3a538b3a538b3a538b3a538b3a538b3a528b3a528b3a528b3a528b3a528b3a528b3a528b3b508a3b50
8a3b508a3b508a3b508a3b508a3b508a3c4d8a3c4d8a3c4d8a3c4d8a3c4d8a3c4d8a3c4d8a3c4d8a3d4b893d4b893d4b893d4b893d4b893d4b893d4b893e4989
3e49893e49893e49893e49893e49893e49893d4b893d4b893d4b893d4b893d4b893d4b893d4b893d4b893c4d8a3c4d8a3c4d8a3c4d8a3c4d8a3c4d8a3c4d8a3c
4e8a3c4e8a3c4e8a3c4e8a3c4e8a3c4e8a3c4e8a3b518a3b518a3b518a3b518a3b518a3b518a3b518a3b518a3a528b3a528b3a528b3a528b3a528b3a528b3a52
8b39548b39548b39548b39548b39548b39548b39548b39558b39558b39558b39558b39558b39558b39558b38568b38568b38568b38568b38568b38568b38568b
38568b38578c38578c38578c38578c38578c38578c38578c37588c37588c37588c37588c37588c37588c37588c37598c37598c37598c37598c37598c37598c37
598c37598c365a8c365a8c365a8c365a8c365a8c365a8c365a8c365b8c365b8c365b8c365b8c365b8c365b8c365b8c355c8c355c8c355c8c355c8c355c8c355c
8c355c8c355c8c355d8c355d8c355d8c355d8c355d8c355d8c355d8c355d8c355d8c355d8c355d8c355d8c355d8c355d8c345e8d345e8d345e8d345e8d345e8d
345e8d345e8d345e8d345e8d345e8d345e8d345e8d345e8d345e8d345e8d345f8d345f8d345f8d345f8d345f8d345f8d345f8d345f8d345f8d345f8d345f8d34
5f8d345f8d345f8d345f8d345f8d345f8d345f8d345f8d345f8d345f8d345f8d345f8d345f8d345f8d345f8d345f8d345f8d345f8d345f8d345f8d345f8d345f
8d345f8d345f8d345f8d345f8d33608d33608d33608d33608d33608d33608d33608d33608d33608d33608d33608d33608d33608d33608d345f8d345f8d345f8d
345f8d345f8d345f8d345f8d345f8d345f8d345f8d345f8d345f8d345f8d345f8d345f8d345f8d345f8d345f8d345f8d345f8d345f8d345f8d345f8d345f8d34
5f8d345f8d345f8d345f8d345f8d345f8d345f8d345f8d345f8d345f8d345f8d345f8d345f8d345e8d345e8d345e8d345e8d345e8d345e8d345e8d345e8d345e
8d345e8d345e8d345e8d345e8d345e8d355d8c355d8c355d8c355d8c355d8c355d8c355d8c355d8c355d8c355d8c355d8c355d8c355d8c355d8c355d8c355c8c
355c8c355c8c355c8c355c8c355c8c355c8c365b8c365b8c365b8c365b8c365b8c365b8c365b8c365b8c365a8c365a8c365a8c365a8c365a8c365a8c365a8c37
598c37598c37598c37598c37598c37598c37598c37588c37588c37588c37588c37588c37588c37588c37588c38578c38578c38578c38578c38578c38578c3857
8c38568b38568b38568b38568b38568b38568b38568b39558b39558b39558b39558b39558b39558b39558b39548b39548b39548b39548b39548b39548b39548b
39548b3a528b3a528b3a528b3a528b3a528b3a528b3a528b3b518a3b518a3b518a3b518a3b518a3b518a3b518a3c4e8a3c4e8a3c4e8a3c4e8a3c4e8a3c4e8a3c
4e8a3c4e8a3c4d8a3c4d8a3c4d8a3c4d8a3c4d8a3c4d8a3c4d8a3d4b893d4b893d4b893d4b893d4b893d4b893d4b893e49893e49893e49893e49893e49893e49
893e49893e49893f47883f47883f47883f47883f47883f47883f47883e49893e49893e49893e49893e49893e49893e49893d4b893d4b893d4b893d4b893d4b89
3d4b893d4b893d4b893c4d8a3c4d8a3c4d8a3c4d8a3c4d8a3c4d8a3c4d8a3c4e8a3c4e8a3c4e8a3c4e8a3c4e8a3c4e8a3c4e8a3b518a3b518a3b518a3b518a3b
518a3b518a3b518a3b518a3a528b3a528b3a528b3a528b3a528b3a528b3a528b39548b39548b39548b39548b39548b39548b39548b39558b39558b39558b3955
8b39558b39558b39558b38568b38568b38568b38568b38568b38568b38568b38568b38578c38578c38578c38578c38578c38578c38578c37588c37588c37588c
37588c37588c37588c37588c37598c37598c37598c37598c37598c37598c37598c37598c365a8c365a8c365a8c365a8c365a8c365a8c365a8c365b8c365b8c36
5b8c365b8c365b8c365b8c365b8c355c8c355c8c355c8c355c8c355c8c355c8c355c8c355c8c355d8c355d8c355d8c355d8c355d8c355d8c355d8c355d8c355d
8c355d8c355d8c355d8c355d8c355d8c345e8d345e8d345e8d345e8d345e8d345e8d345e8d345e8d345e8d345e8d345e8d345e8d345e8d345e8d345e8d345f8d
345f8d345f8d345f8d345f8d345f8d345f8d345f8d345f8d345f8d345f8d345f8d345f8d345f8d345f8d345f8d345f8d345f8d345f8d345f8d345f8d345f8d34
5f8d345f8d345f8d345f8d345f8d345f8d345f8d345f8d345f8d345f8d345f8d345f8d345f8d345f8d345f8d33608d33608d33608d33608d33608d33608d3360
8d33608d33608d33608d33608d33608d33608d33608d345f8d345f8d345f8d345f8d345f8d345f8d345f8d345f8d345f8d345f8d345f8d345f8d345f8d345f8d
345f8d345f8d345f8d345f8d345f8d345f8d345f8d345f8d345f8d345f8d345f8d345f8d345f8d345f8d345f8d345f8d345f8d345f8d345f8d345f8d345f8d34
5f8d345f8d345e8d345e8d345e8d345e8d345e8d345e8d345e8d345e8d345e8d345e8d345e8d345e8d345e8d345e8d355d8c355d8c355d8c355d8c355d8c355d
8c355d8c355d8c355d8c355d8c355d8c355d8c355d8c355d8c355d8c355c8c355c8c355c8c355c8c355c8c355c8c355c8c365b8c365b8c365b8c365b8c365b8c
365b8c365b8c365b8c365a8c365a8c365a8c365a8c365a8c365a8c365a8c37598c37598c37598c37598c37598c37598c37598c37588c37588c37588c37588c37
588c37588c37588c37588c38578c38578c38578c38578c38578c38578c38578c38568b38568b38568b38568b38568b38568b38568b39558b39558b39558b3955
8b39558b39558b39558b39548b39548b39548b39548b39548b39548b39548b39548b3a528b3a528b3a528b3a528b3a528b3a528b3a528b3b518a3b518a3b518a
3b518a3b518a3b518a3b518a3c4e8a3c4e8a3c4e8a3c4e8a3c4e8a3c4e8a3c4e8a3c4e8a3c4d8a3c4d8a3c4d8a3c4d8a3c4d8a3c4d8a3c4d8a3d4b893d4b893d
4b893d4b893d4b893d4b893d4b893e49893e49893e49893e49893e49893e49893e49893e49893f47883f47883f47883f47883f47883f47883f47883e49893e49
893e49893e49893e49893e49893e49893d4b893d4b893d4b893d4b893d4b893d4b893d4b893d4b893c4d8a3c4d8a3c4d8a3c4d8a3c4d8a3c4d8a3c4d8a3c4e8a
3c4e8a3c4e8a3c4e8a3c4e8a3c4e8a3c4e8a3b518a3b518a3b518a3b518a3b518a3b518a3b518a3b518a3a528b3a528b3a528b3a528b3a528b3a528b3a528b39
548b39548b39548b39548b39548b39548b39548b39558b39558b39558b39558b39558b39558b39558b38568b38568b38568b38568b38568b38568b38568b3856
8b38578c38578c38578c38578c38578c38578c38578c37588c37588c37588c37588c37588c37588c37588c37598c37598c37598c37598c37598c37598c37598c
37598c365a8c365a8c365a8c365a8c365a8c365a8c365a8c365b8c365b8c365b8c365b8c365b8c365b8c365b8c355c8c355c8c355c8c355c8c355c8c355c8c35
5c8c355c8c355d8c355d8c355d8c355d8c355d8c355d8c355d8c355d8c355d8c355d8c355d8c355d8c355d8c355d8c345e8d345e8d345e8d345e8d345e8d345e
8d345e8d345e8d345e8d345e8d345e8d345e8d345e8d345e8d345e8d345f8d345f8d345f8d345f8d345f8d345f8d345f8d345f8d345f8d345f8d345f8d345f8d
345f8d345f8d345f8d345f8d345f8d345f8d345f8d345f8d345f8d345f8d345f8d345f8d345f8d345f8d345f8d345f8d345f8d345f8d345f8d345f8d345f8d34
5f8d345f8d345f8d345f8d33608d33608d33608d33608d33608d33608d33608d33608d33608d33608d33608d33608d33608d33608d345f8d345f8d345f8d345f
8d345f8d345f8d345f8d345f8d345f8d345f8d345f8d345f8d345f8d345f8d345f8d345f8d345f8d345f8d345f8d345f8d345f8d345f8d345f8d345f8d345f8d
345f8d345f8d345f8d345f8d345f8d345f8d345f8d345f8d345f8d345f8d345f8d345f8d345e8d345e8d345e8d345e8d345e8d345e8d345e8d345e8d345e8d34
5e8d345e8d345e8d345e8d345e8d355d8c355d8c355d8c355d8c355d8c355d8c355d8c355d8c355d8c355d8c355d8c355d8c355d8c355d8c355d8c355c8c355c
8c355c8c355c8c355c8c355c8c355c8c365b8c365b8c365b8c365b8c365b8c365b8c365b8c365b8c365a8c365a8c365a8c365a8c365a8c365a8c365a8c37598c
37598c37598c37598c37598c37598c37598c37588c37588c37588c37588c37588c37588c37588c37588c38578c38578c38578c38578c38578c38578c38578c38
568b38568b38568b38568b38568b38568b38568b39558b39558b39558b39558b39558b39558b39558b39548b39548b39548b39548b39548b39548b39548b3954
8b3a528b3a528b3a528b3a528b3a528b3a528b3a528b3b518a3b518a3b518a3b518a3b518a3b518a3b518a3c4e8a3c4e8a3c4e8a3c4e8a3c4e8a3c4e8a3c4e8a
3c4e8a3c4d8a3c4d8a3c4d8a3c4d8a3c4d8a3c4d8a3c4d8a3d4b893d4b893d4b893d4b893d4b893d4b893d4b893e49893e49893e49893e49893e49893e49893e
49893e49893f47883f47883f47883f47883f47883f47883f47883e49893e49893e49893e49893e49893e49893e49893d4b893d4b893d4b893d4b893d4b893d4b
893d4b893d4b893c4d8a3c4d8a3c4d8a3c4d8a3c4d8a3c4d8a3c4d8a3c4e8a3c4e8a3c4e8a3c4e8a3c4e8a3c4e8a3c4e8a3b518a3b518a3b518a3b518a3b518a
3b518a3b518a3b518a3a528b3a528b3a528b3a528b3a528b3a528b3a528b39548b39548b39548b39548b39548b39548b39548b39558b39558b39558b39558b39
558b39558b39558b38568b38568b38568b38568b38568b38568b38568b38568b38578c38578c38578c38578c38578c38578c38578c37588c37588c37588c3758
8c37588c37588c37588c37598c37598c37598c37598c37598c37598c37598c37598c365a8c365a8c365a8c365a8c365a8c365a8c365a8c365b8c365b8c365b8c
365b8c365b8c365b8c365b8c355c8c355c8c355c8c355c8c355c8c355c8c355c8c355c8c355d8c355d8c355d8c355d8c355d8c355d8c355d8c355d8c355d8c35
5d8c355d8c355d8c355d8c355d8c345e8d345e8d345e8d345e8d345e8d345e8d345e8d345e8d345e8d345e8d345e8d345e8d345e8d345e8d345e8d345f8d345f
8d345f8d345f8d345f8d345f8d345f8d345f8d345f8d345f8d345f8d345f8d345f8d345f8d345f8d345f8d345f8d345f8d345f8d345f8d345f8d345f8d345f8d
345f8d345f8d345f8d345f8d345f8d345f8d345f8d345f8d345f8d345f8d345f8d345f8d345f8d345f8d33608d33608d33608d33608d33608d33608d33608d33
608d33608d33608d33608d33608d33608d33608d345f8d345f8d345f8d345f8d345f8d345f8d345f8d345f8d345f8d345f8d345f8d345f8d345f8d345f8d345f
8d345f8d345f8d345f8d345f8d345f8d345f8d345f8d345f8d345f8d345f8d345f8d345f8d345f8d345f8d345f8d345f8d345f8d345f8d345f8d345f8d345f8d
345f8d345e8d345e8d345e8d345e8d345e8d345e8d345e8d345e8d345e8d345e8d345e8d345e8d345e8d345e8d355d8c355d8c355d8c355d8c355d8c355d8c35
5d8c355d8c355d8c355d8c355d8c355d8c355d8c355d8c355d8c355c8c355c8c355c8c355c8c355c8c355c8c355c8c365b8c365b8c365b8c365b8c365b8c365b
8c365b8c365b8c365a8c365a8c365a8c365a8c365a8c365a8c365a8c37598c37598c37598c37598c37598c37598c37598c37588c37588c37588c37588c37588c
37588c37588c37588c38578c38578c38578c38578c38578c38578c38578c38568b38568b38568b38568b38568b38568b38568b39558b39558b39558b39558b39
558b39558b39558b39548b39548b39548b39548b39548b39548b39548b39548b3a528b3a528b3a528b3a528b3a528b3a528b3a528b3b518a3b518a3b518a3b51
8a3b518a3b518a3b518a3c4e8a3c4e8a3c4e8a3c4e8a3c4e8a3c4e8a3c4e8a3c4e8a3c4d8a3c4d8a3c4d8a3c4d8a3c4d8a3c4d8a3c4d8a3d4b893d4b893d4b89
3d4b893d4b893d4b893d4b893e49893e49893e49893e49893e49893e49893e49893e49893f47883f47883f47883f47883f47883f47883f47883e49893e49893e
49893e49893e49893e49893e49893d4b893d4b893d4b893d4b893d4b893d4b893d4b893d4b893c4d8a3c4d8a3c4d8a3c4d8a3c4d8a3c4d8a3c4d8a3c4e8a3c4e
8a3c4e8a3c4e8a3c4e8a3c4e8a3c4e8a3b518a3b518a3b518a3b518a3b518a3b518a3b518a3b518a3a528b3a528b3a528b3a528b3a528b3a528b3a528b39548b
39548b39548b39548b39548b39548b39548b39558b39558b39558b39558b39558b39558b39558b38568b38568b38568b38568b38568b38568b38568b38568b38
578c38578c38578c38578c38578c38578c38578c37588c37588c37588c37588c37588c37588c37588c37598c37598c37598c37598c37598c37598c37598c3759
8c365a8c365a8c365a8c365a8c365a8c365a8c365a8c365b8c365b8c365b8c365b8c365b8c365b8c365b8c355c8c355c8c355c8c355c8c355c8c355c8c355c8c
355c8c355d8c355d8c355d8c355d8c355d8c355d8c355d8c355d8c355d8c355d8c355d8c355d8c355d8c355d8c345e8d345e8d345e8d345e8d345e8d345e8d34
5e8d345e8d345e8d345e8d345e8d345e8d345e8d345e8d345e8d345f8d345f8d345f8d345f8d345f8d345f8d345f8d345f8d345f8d345f8d345f8d345f8d345f
8d345f8d345f8d345f8d345f8d345f8d345f8d345f8d345f8d345f8d345f8d345f8d345f8d345f8d345f8d345f8d345f8d345f8d345f8d345f8d345f8d345f8d
345f8d345f8d345f8d33608d33608d33608d33608d33608d33608d33608d33608d33608d33608d33608d33608d33608d33608d345f8d345f8d345f8d345f8d34
5f8d345f8d345f8d345f8d345f8d345f8d345f8d345f8d345f8d345f8d345f8d345f8d345f8d345f8d345f8d345f8d345f8d345f8d345f8d345f8d345f8d345f
8d345f8d345f8d345f8d345f8d345f8d345f8d345f8d345f8d345f8d345f8d345f8d345e8d345e8d345e8d345e8d345e8d345e8d345e8d345e8d345e8d345e8d
345e8d345e8d345e8d345e8d355d8c355d8c355d8c355d8c355d8c355d8c355d8c355d8c355d8c355d8c355d8c355d8c355d8c355d8c355d8c355c8c355c8c35
5c8c355c8c355c8c355c8c355c8c365b8c365b8c365b8c365b8c365b8c365b8c365b8c365b8c365a8c365a8c365a8c365a8c365a8c365a8c365a8c37598c3759
8c37598c37598c37598c37598c37598c37588c37588c37588c37588c37588c37588c37588c37588c38578c38578c38578c38578c38578c38578c38578c38568b
38568b38568b38568b38568b38568b38568b39558b39558b39558b39558b39558b39558b39558b39548b39548b39548b39548b39548b39548b39548b39548b3a
528b3a528b3a528b3a528b3a528b3a528b3a528b3b518a3b518a3b518a3b518a3b518a3b518a3b518a3c4e8a3c4e8a3c4e8a3c4e8a3c4e8a3c4e8a3c4e8a3c4e
8a3c4d8a3c4d8a3c4d8a3c4d8a3c4d8a3c4d8a3c4d8a3d4b893d4b893d4b893d4b893d4b893d4b893d4b893e49893e49893e49893e49893e49893e49893e4989
3e49893f47883f47883f47883f47883f47883f47883f47883e49893e49893e49893e49893e49893e49893e49893d4b893d4b893d4b893d4b893d4b893d4b893d
4b893d4b893c4d8a3c4d8a3c4d8a3c4d8a3c4d8a3c4d8a3c4d8a3c4e8a3c4e8a3c4e8a3c4e8a3c4e8a3c4e8a3c4e8a3b518a3b518a3b518a3b518a3b518a3b51
8a3b518a3b518a3a528b3a528b3a528b3a528b3a528b3a528b3a528b39548b39548b39548b39548b39548b39548b39548b39558b39558b39558b39558b39558b
39558b39558b38568b38568b38568b38568b38568b38568b38568b38568b38578c38578c38578c38578c38578c38578c38578c37588c37588c37588c37588c37
588c37588c37588c37598c37598c37598c37598c37598c37598c37598c37598c365a8c365a8c365a8c365a8c365a8c365a8c365a8c365b8c365b8c365b8c365b
8c365b8c365b8c365b8c355c8c355c8c355c8c355c8c355c8c355c8c355c8c355c8c355d8c355d8c355d8c355d8c355d8c355d8c355d8c355d8c355d8c355d8c
355d8c355d8c355d8c355d8c345e8d345e8d345e8d345e8d345e8d345e8d345e8d345e8d345e8d345e8d345e8d345e8d345e8d345e8d345e8d345f8d345f8d34
5f8d345f8d345f8d345f8d345f8d345f8d345f8d345f8d345f8d345f8d345f8d345f8d345f8d345f8d345f8d345f8d345f8d345f8d345f8d345f8d345f8d345f
8d345f8d345f8d345f8d345f8d345f8d345f8d345f8d345f8d345f8d345f8d345f8d345f8d345f8d33608d33608d33608d33608d33608d33608d33608d33608d
33608d33608d33608d33608d33608d33608d345f8d345f8d345f8d345f8d345f8d345f8d345f8d345f8d345f8d345f8d345f8d345f8d345f8d345f8d345f8d34
5f8d345f8d345f8d345f8d345f8d345f8d345f8d345f8d345f8d345f8d345f8d345f8d345f8d345f8d345f8d345f8d345f8d345f8d345f8d345f8d345f8d345f
8d345e8d345e8d345e8d345e8d345e8d345e8d345e8d345e8d345e8d345e8d345e8d345e8d345e8d345e8d355d8c355d8c355d8c355d8c355d8c355d8c355d8c
355d8c355d8c355d8c355d8c355d8c355d8c355d8c355d8c355c8c355c8c355c8c355c8c355c8c355c8c355c8c365b8c365b8c365b8c365b8c365b8c365b8c36
5b8c365b8c365a8c365a8c365a8c365a8c365a8c365a8c365a8c37598c37598c37598c37598c37598c37598c37598c37588c37588c37588c37588c37588c3758
8c37588c37588c38578c38578c38578c38578c38578c38578c38578c38568b38568b38568b38568b38568b38568b38568b39558b39558b39558b39558b39558b
39558b39558b39548b39548b39548b39548b39548b39548b39548b39548b3a528b3a528b3a528b3a528b3a528b3a528b3a528b3b518a3b518a3b518a3b518a3b
518a3b518a3b518a3c4e8a3c4e8a3c4e8a3c4e8a3c4e8a3c4e8a3c4e8a3c4e8a3c4d8a3c4d8a3c4d8a3c4d8a3c4d8a3c4d8a3c4d8a3d4b893d4b893d4b893d4b
893d4b893d4b893d4b893e49893e49893e49893e49893e49893e49893e49893e49893f47883f47883f47883f47883f47883f47883f47883e49893e49893e4989
3e49893e49893e49893e49893d4b893d4b893d4b893d4b893d4b893d4b893d4b893d4b893c4d8a3c4d8a3c4d8a3c4d8a3c4d8a3c4d8a3c4d8a3c4e8a3c4e8a3c
4e8a3c4e8a3c4e8a3c4e8a3c4e8a3b518a3b518a3b518a3b518a3b518a3b518a3b518a3b518a3a528b3a528b3a528b3a528b3a528b3a528b3a528b39548b3954
8b39548b39548b39548b39548b39548b39558b39558b39558b39558b39558b39558b39558b38568b38568b38568b38568b38568b38568b38568b38568b38578c
38578c38578c38578c38578c38578c38578c37588c37588c37588c37588c37588c37588c37588c37598c37598c37598c37598c37598c37598c37598c37598c36
5a8c365a8c365a8c365a8c365a8c365a8c365a8c365b8c365b8c365b8c365b8c365b8c365b8c365b8c355c8c355c8c355c8c355c8c355c8c355c8c355c8c355c
8c355d8c355d8c355d8c355d8c355d8c355d8c355d8c355d8c355d8c355d8c355d8c355d8c355d8c355d8c345e8d345e8d345e8d345e8d345e8d345e8d345e8d
345e8d345e8d345e8d345e8d345e8d345e8d345e8d345e8d345f8d345f8d345f8d345f8d345f8d345f8d345f8d345f8d345f8d345f8d345f8d345f8d345f8d34
5f8d345f8d345f8d345f8d345f8d345f8d345f8d345f8d345f8d345f8d345f8d345f8d345f8d345f8d345f8d345f8d345f8d345f8d345f8d345f8d345f8d345f
8d345f8d345f8d33608d33608d33608d33608d33608d33608d33608d33608d33608d33608d33608d33608d33608d33608d345f8d345f8d345f8d345f8d345f8d
345f8d345f8d345f8d345f8d345f8d345f8d345f8d345f8d345f8d345f8d345f8d345f8d345f8d345f8d345f8d345f8d345f8d345f8d345f8d345f8d345f8d34
5f8d345f8d345f8d345f8d345f8d345f8d345f8d345f8d345f8d345f8d345f8d345e8d345e8d345e8d345e8d345e8d345e8d345e8d345e8d345e8d345e8d345e
8d345e8d345e8d345e8d355d8c355d8c355d8c355d8c355d8c355d8c355d8c355d8c355d8c355d8c355d8c355d8c355d8c355d8c355d8c355c8c355c8c355c8c
355c8c355c8c355c8c355c8c365b8c365b8c365b8c365b8c365b8c365b8c365b8c365b8c365a8c365a8c365a8c365a8c365a8c365a8c365a8c37598c37598c37
598c37598c37598c37598c37598c37588c37588c37588c37588c37588c37588c37588c37588c38578c38578c38578c38578c38578c38578c38578c38568b3856
8b38568b38568b38568b38568b38568b39558b39558b39558b39558b39558b39558b39558b39548b39548b39548b39548b39548b39548b39548b39548b3a528b
3a528b3a528b3a528b3a528b3a528b3a528b3b518a3b518a3b518a3b518a3b518a3b518a3b518a3c4e8a3c4e8a3c4e8a3c4e8a3c4e8a3c4e8a3c4e8a3c4e8a3c
4d8a3c4d8a3c4d8a3c4d8a3c4d8a3c4d8a3c4d8a3d4b893d4b893d4b893d4b893d4b893d4b893d4b893e49893e49893e49893e49893e49893e49893e49893e49
893f47883f47883f47883f47883f47883f47883f47884044874044874044874044874044874044874044873f47883f47883f47883f47883f47883f47883f4788
3f47883e49893e49893e49893e49893e49893e49893e49893d4a893d4a893d4a893d4a893d4a893d4a893d4a893d4c893d4c893d4c893d4c893d4c893d4c893d
4c893d4c893c4d8a3c4d8a3c4d8a3c4d8a3c4d8a3c4d8a3c4d8a3b508a3b508a3b508a3b508a3b508a3b508a3b508a3b518a3b518a3b518a3b518a3b518a3b51
8a3b518a3a528b3a528b3a528b3a528b3a528b3a528b3a528b3a528b3a538b3a538b3a538b3a538b3a538b3a538b3a538b39548b39548b39548b39548b39548b
39548b39548b39558b39558b39558b39558b39558b39558b39558b39558b38568b38568b38568b38568b38568b38568b38568b38578c38578c38578c38578c38
578c38578c38578c38578c38578c38578c38578c38578c38578c38578c38578c37588c37588c37588c37588c37588c37588c37588c37598c37598c37598c3759
8c37598c37598c37598c37598c37598c37598c37598c37598c37598c37598c37598c365a8c365a8c365a8c365a8c365a8c365a8c365a8c365a8c365a8c365a8c
365a8c365a8c365a8c365a8c365a8c365a8c365a8c365a8c365a8c365a8c365a8c365a8c365b8c365b8c365b8c365b8c365b8c365b8c365b8c365b8c365b8c36
5b8c365b8c365b8c365b8c365b8c365b8c365b8c365b8c365b8c365b8c365b8c365b8c365b8c365b8c365b8c365b8c365b8c365b8c365b8c365b8c365b8c365b
8c365b8c365b8c365b8c365b8c365b8c365b8c365b8c365b8c365b8c365b8c365b8c365b8c365b8c365b8c365b8c365b8c365b8c365b8c365b8c365b8c365b8c
365b8c365b8c365b8c365b8c365b8c365b8c365a8c365a8c365a8c365a8c365a8c365a8c365a8c365a8c365a8c365a8c365a8c365a8c365a8c365a8c365a8c36
5a8c365a8c365a8c365a8c365a8c365a8c365a8c37598c37598c37598c37598c37598c37598c37598c37598c37598c37598c37598c37598c37598c37598c3759
8c37588c37588c37588c37588c37588c37588c37588c38578c38578c38578c38578c38578c38578c38578c38578c38578c38578c38578c38578c38578c38578c
38578c38568b38568b38568b38568b38568b38568b38568b39558b39558b39558b39558b39558b39558b39558b39548b39548b39548b39548b39548b39548b39
548b39548b3a538b3a538b3a538b3a538b3a538b3a538b3a538b3a528b3a528b3a528b3a528b3a528b3a528b3a528b3b518a3b518a3b518a3b518a3b518a3b51
8a3b518a3b508a3b508a3b508a3b508a3b508a3b508a3b508a3b508a3c4d8a3c4d8a3c4d8a3c4d8a3c4d8a3c4d8a3c4d8a3d4c893d4c893d4c893d4c893d4c89
3d4c893d4c893d4a893d4a893d4a893d4a893d4a893d4a893d4a893d4a893e49893e49893e49893e49893e49893e49893e49893f47883f47883f47883f47883f
47883f47883f47884044874044874044874044874044874044874044874044874142864142864142864142864142864142864142864044874044874044874044
874044874044874044873f47883f47883f47883f47883f47883f47883f47883f47883e49893e49893e49893e49893e49893e49893e49893d4a893d4a893d4a89
3d4a893d4a893d4a893d4a893d4c893d4c893d4c893d4c893d4c893d4c893d4c893d4c893c4d8a3c4d8a3c4d8a3c4d8a3c4d8a3c4d8a3c4d8a3b508a3b508a3b
508a3b508a3b508a3b508a3b508a3b518a3b518a3b518a3b518a3b518a3b518a3b518a3a528b3a528b3a528b3a528b3a528b3a528b3a528b3a528b3a538b3a53
8b3a538b3a538b3a538b3a538b3a538b39548b39548b39548b39548b39548b39548b39548b39558b39558b39558b39558b39558b39558b39558b39558b38568b
38568b38568b38568b38568b38568b38568b38578c38578c38578c38578c38578c38578c38578c38578c38578c38578c38578c38578c38578c38578c38578c37
588c37588c37588c37588c37588c37588c37588c37598c37598c37598c37598c37598c37598c37598c37598c37598c37598c37598c37598c37598c37598c3759
8c365a8c365a8c365a8c365a8c365a8c365a8c365a8c365a8c365a8c365a8c365a8c365a8c365a8c365a8c365a8c365a8c365a8c365a8c365a8c365a8c365a8c
365a8c365b8c365b8c365b8c365b8c365b8c365b8c365b8c365b8c365b8c365b8c365b8c365b8c365b8c365b8c365b8c365b8c365b8c365b8c365b8c365b8c36
5b8c365b8c365b8c365b8c365b8c365b8c365b8c365b8c365b8c365b8c365b8c365b8c365b8c365b8c365b8c365b8c365b8c365b8c365b8c365b8c365b8c365b
8c365b8c365b8c365b8c365b8c365b8c365b8c365b8c365b8c365b8c365b8c365b8c365b8c365b8c365b8c365b8c365b8c365a8c365a8c365a8c365a8c365a8c
365a8c365a8c365a8c365a8c365a8c365a8c365a8c365a8c365a8c365a8c365a8c365a8c365a8c365a8c365a8c365a8c365a8c37598c37598c37598c37598c37
598c37598c37598c37598c37598c37598c37598c37598c37598c37598c37598c37588c37588c37588c37588c37588c37588c37588c38578c38578c38578c3857
8c38578c38578c38578c38578c38578c38578c38578c38578c38578c38578c38578c38568b38568b38568b38568b38568b38568b38568b39558b39558b39558b
39558b39558b39558b39558b39548b39548b39548b39548b39548b39548b39548b39548b3a538b3a538b3a538b3a538b3a538b3a538b3a538b3a528b3a528b3a
528b3a528b3a528b3a528b3a528b3b518a3b518a3b518a3b518a3b518a3b518a3b518a3b508a3b508a3b508a3b508a3b508a3b508a3b508a3b508a3c4d8a3c4d
8a3c4d8a3c4d8a3c4d8a3c4d8a3c4d8a3d4c893d4c893d4c893d4c893d4c893d4c893d4c893d4a893d4a893d4a893d4a893d4a893d4a893d4a893d4a893e4989
3e49893e49893e49893e49893e49893e49893f47883f47883f47883f47883f47883f47883f478840448740448740448740448740448740448740448740448741
42864142864142864142864142864142864142864044874044874044874044874044874044874044873f47883f47883f47883f47883f47883f47883f47883f47
883e49893e49893e49893e49893e49893e49893e49893d4a893d4a893d4a893d4a893d4a893d4a893d4a893d4c893d4c893d4c893d4c893d4c893d4c893d4c89
3d4c893c4d8a3c4d8a3c4d8a3c4d8a3c4d8a3c4d8a3c4d8a3b508a3b508a3b508a3b508a3b508a3b508a3b508a3b518a3b518a3b518a3b518a3b518a3b518a3b
518a3a528b3a528b3a528b3a528b3a528b3a528b3a528b3a528b3a538b3a538b3a538b3a538b3a538b3a538b3a538b39548b39548b39548b39548b39548b3954
8b39548b39558b39558b39558b39558b39558b39558b39558b39558b38568b38568b38568b38568b38568b38568b38568b38578c38578c38578c38578c38578c
38578c38578c38578c38578c38578c38578c38578c38578c38578c38578c37588c37588c37588c37588c37588c37588c37588c37598c37598c37598c37598c37
598c37598c37598c37598c37598c37598c37598c37598c37598c37598c37598c365a8c365a8c365a8c365a8c365a8c365a8c365a8c365a8c365a8c365a8c365a
8c365a8c365a8c365a8c365a8c365a8c365a8c365a8c365a8c365a8c365a8c365a8c365b8c365b8c365b8c365b8c365b8c365b8c365b8c365b8c365b8c365b8c
365b8c365b8c365b8c365b8c365b8c365b8c365b8c365b8c365b8c365b8c365b8c365b8c365b8c365b8c365b8c365b8c365b8c365b8c365b8c365b8c365b8c36
5b8c365b8c365b8c365b8c365b8c365b8c365b8c365b8c365b8c365b8c365b8c365b8c365b8c365b8c365b8c365b8c365b8c365b8c365b8c365b8c365b8c365b
8c365b8c365b8c365b8c365b8c365b8c365a8c365a8c365a8c365a8c365a8c365a8c365a8c365a8c365a8c365a8c365a8c365a8c365a8c365a8c365a8c365a8c
365a8c365a8c365a8c365a8c365a8c365a8c37598c37598c37598c37598c37598c37598c37598c37598c37598c37598c37598c37598c37598c37598c37598c37
588c37588c37588c37588c37588c37588c37588c38578c38578c38578c38578c38578c38578c38578c38578c38578c38578c38578c38578c38578c38578c3857
8c38568b38568b38568b38568b38568b38568b38568b39558b39558b39558b39558b39558b39558b39558b39548b39548b39548b39548b39548b39548b39548b
39548b3a538b3a538b3a538b3a538b3a538b3a538b3a538b3a528b3a528b3a528b3a528b3a528b3a528b3a528b3b518a3b518a3b518a3b518a3b518a3b518a3b
518a3b508a3b508a3b508a3b508a3b508a3b508a3b508a3b508a3c4d8a3c4d8a3c4d8a3c4d8a3c4d8a3c4d8a3c4d8a3d4c893d4c893d4c893d4c893d4c893d4c
893d4c893d4a893d4a893d4a893d4a893d4a893d4a893d4a893d4a893e49893e49893e49893e49893e49893e49893e49893f47883f47883f47883f47883f4788
3f47883f478840448740448740448740448740448740448740448740448741428641428641428641428641428641428641428640448740448740448740448740
44874044874044873f47883f47883f47883f47883f47883f47883f47883f47883e49893e49893e49893e49893e49893e49893e49893d4a893d4a893d4a893d4a
893d4a893d4a893d4a893d4c893d4c893d4c893d4c893d4c893d4c893d4c893d4c893c4d8a3c4d8a3c4d8a3c4d8a3c4d8a3c4d8a3c4d8a3b508a3b508a3b508a
3b508a3b508a3b508a3b508a3b518a3b518a3b518a3b518a3b518a3b518a3b518a3a528b3a528b3a528b3a528b3a528b3a528b3a528b3a528b3a538b3a538b3a
538b3a538b3a538b3a538b3a538b39548b39548b39548b39548b39548b39548b39548b39558b39558b39558b39558b39558b39558b39558b39558b38568b3856
8b38568b38568b38568b38568b38568b38578c38578c38578c38578c38578c38578c38578c38578c38578c38578c38578c38578c38578c38578c38578c37588c
37588c37588c37588c37588c37588c37588c37598c37598c37598c37598c37598c37598c37598c37598c37598c37598c37598c37598c37598c37598c37598c36
5a8c365a8c365a8c365a8c365a8c365a8c365a8c365a8c365a8c365a8c365a8c365a8c365a8c365a8c365a8c365a8c365a8c365a8c365a8c365a8c365a8c365a
8c365b8c365b8c365b8c365b8c365b8c365b8c365b8c365b8c365b8c365b8c365b8c365b8c365b8c365b8c365b8c365b8c365b8c365b8c365b8c365b8c365b8c
365b8c365b8c365b8c365b8c365b8c365b8c365b8c365b8c365b8c365b8c365b8c365b8c365b8c365b8c365b8c365b8c365b8c365b8c365b8c365b8c365b8c36
5b8c365b8c365b8c365b8c365b8c365b8c365b8c365b8c365b8c365b8c365b8c365b8c365b8c365b8c365b8c365b8c365a8c365a8c365a8c365a8c365a8c365a
8c365a8c365a8c365a8c365a8c365a8c365a8c365a8c365a8c365a8c365a8c365a8c365a8c365a8c365a8c365a8c365a8c37598c37598c37598c37598c37598c
37598c37598c37598c37598c37598c37598c37598c37598c37598c37598c37588c37588c37588c37588c37588c37588c37588c38578c38578c38578c38578c38
578c38578c38578c38578c38578c38578c38578c38578c38578c38578c38578c38568b38568b38568b38568b38568b38568b38568b39558b39558b39558b3955
8b39558b39558b39558b39548b39548b39548b39548b39548b39548b39548b39548b3a538b3a538b3a538b3a538b3a538b3a538b3a538b3a528b3a528b3a528b
3a528b3a528b3a528b3a528b3b518a3b518a3b518a3b518a3b518a3b518a3b518a3b508a3b508a3b508a3b508a3b508a3b508a3b508a3b508a3c4d8a3c4d8a3c
4d8a3c4d8a3c4d8a3c4d8a3c4d8a3d4c893d4c893d4c893d4c893d4c893d4c893d4c893d4a893d4a893d4a893d4a893d4a893d4a893d4a893d4a893e49893e49
893e49893e49893e49893e49893e49893f47883f47883f47883f47883f47883f47883f4788404487404487404487404487404487404487404487404487414286
4142864142864142864142864142864142864044874044874044874044874044874044874044873f47883f47883f47883f47883f47883f47883f47883f47883e
49893e49893e49893e49893e49893e49893e49893d4a893d4a893d4a893d4a893d4a893d4a893d4a893d4c893d4c893d4c893d4c893d4c893d4c893d4c893d4c
893c4d8a3c4d8a3c4d8a3c4d8a3c4d8a3c4d8a3c4d8a3b508a3b508a3b508a3b508a3b508a3b508a3b508a3b518a3b518a3b518a3b518a3b518a3b518a3b518a
3a528b3a528b3a528b3a528b3a528b3a528b3a528b3a528b3a538b3a538b3a538b3a538b3a538b3a538b3a538b39548b39548b39548b39548b39548b39548b39
548b39558b39558b39558b39558b39558b39558b39558b39558b38568b38568b38568b38568b38568b38568b38568b38578c38578c38578c38578c38578c3857
8c38578c38578c38578c38578c38578c38578c38578c38578c38578c37588c37588c37588c37588c37588c37588c37588c37598c37598c37598c37598c37598c
37598c37598c37598c37598c37598c37598c37598c37598c37598c37598c365a8c365a8c365a8c365a8c365a8c365a8c365a8c365a8c365a8c365a8c365a8c36
5a8c365a8c365a8c365a8c365a8c365a8c365a8c365a8c365a8c365a8c365a8c365b8c365b8c365b8c365b8c365b8c365b8c365b8c365b8c365b8c365b8c365b
8c365b8c365b8c365b8c365b8c365b8c365b8c365b8c365b8c365b8c365b8c365b8c365b8c365b8c365b8c365b8c365b8c365b8c365b8c365b8c365b8c365b8c
365b8c365b8c365b8c365b8c365b8c365b8c365b8c365b8c365b8c365b8c365b8c365b8c365b8c365b8c365b8c365b8c365b8c365b8c365b8c365b8c365b8c36
5b8c365b8c365b8c365b8c365b8c365a8c365a8c365a8c365a8c365a8c365a8c365a8c365a8c365a8c365a8c365a8c365a8c365a8c365a8c365a8c365a8c365a
8c365a8c365a8c365a8c365a8c365a8c37598c37598c37598c37598c37598c37598c37598c37598c37598c37598c37598c37598c37598c37598c37598c37588c
37588c37588c37588c37588c37588c37588c38578c38578c38578c38578c38578c38578c38578c38578c38578c38578c38578c38578c38578c38578c38578c38
568b38568b38568b38568b38568b38568b38568b39558b39558b39558b39558b39558b39558b39558b39548b39548b39548b39548b39548b39548b39548b3954
8b3a538b3a538b3a538b3a538b3a538b3a538b3a538b3a528b3a528b3a528b3a528b3a528b3a528b3a528b3b518a3b518a3b518a3b518a3b518a3b518a3b518a
3b508a3b508a3b508a3b508a3b508a3b508a3b508a3b508a3c4d8a3c4d8a3c4d8a3c4d8a3c4d8a3c4d8a3c4d8a3d4c893d4c893d4c893d4c893d4c893d4c893d
4c893d4a893d4a893d4a893d4a893d4a893d4a893d4a893d4a893e49893e49893e49893e49893e49893e49893e49893f47883f47883f47883f47883f47883f47
883f4788404487404487404487404487404487404487404487404487414286414286414286414286414286414286414286404487404487404487404487404487
4044874044873f47883f47883f47883f47883f47883f47883f47883f47883e49893e49893e49893e49893e49893e49893e49893d4a893d4a893d4a893d4a893d
4a893d4a893d4a893d4c893d4c893d4c893d4c893d4c893d4c893d4c893d4c893c4d8a3c4d8a3c4d8a3c4d8a3c4d8a3c4d8a3c4d8a3b508a3b508a3b508a3b50
8a3b508a3b508a3b508a3b518a3b518a3b518a3b518a3b518a3b518a3b518a3a528b3a528b3a528b3a528b3a528b3a528b3a528b3a528b3a538b3a538b3a538b
3a538b3a538b3a538b3a538b39548b39548b39548b39548b39548b39548b39548b39558b39558b39558b39558b39558b39558b39558b39558b38568b38568b38
568b38568b38568b38568b38568b38578c38578c38578c38578c38578c38578c38578c38578c38578c38578c38578c38578c38578c38578c38578c37588c3758
8c37588c37588c37588c37588c37588c37598c37598c37598c37598c37598c37598c37598c37598c37598c37598c37598c37598c37598c37598c37598c365a8c
365a8c365a8c365a8c365a8c365a8c365a8c365a8c365a8c365a8c365a8c365a8c365a8c365a8c365a8c365a8c365a8c365a8c365a8c365a8c365a8c365a8c36
5b8c365b8c365b8c365b8c365b8c365b8c365b8c365b8c365b8c365b8c365b8c365b8c365b8c365b8c365b8c365b8c365b8c365b8c365b8c365b8c365b8c365b
8c365b8c365b8c365b8c365b8c365b8c365b8c365b8c365b8c365b8c365b8c365b8c365b8c365b8c365b8c365b8c365b8c365b8c365b8c365b8c365b8c365b8c
365b8c365b8c365b8c365b8c365b8c365b8c365b8c365b8c365b8c365b8c365b8c365b8c365b8c365b8c365b8c365a8c365a8c365a8c365a8c365a8c365a8c36
5a8c365a8c365a8c365a8c365a8c365a8c365a8c365a8c365a8c365a8c365a8c365a8c365a8c365a8c365a8c365a8c37598c37598c37598c37598c37598c3759
8c37598c37598c37598c37598c37598c37598c37598c37598c37598c37588c37588c37588c37588c37588c37588c37588c38578c38578c38578c38578c38578c
38578c38578c38578c38578c38578c38578c38578c38578c38578c38578c38568b38568b38568b38568b38568b38568b38568b39558b39558b39558b39558b39
558b39558b39558b39548b39548b39548b39548b39548b39548b39548b39548b3a538b3a538b3a538b3a538b3a538b3a538b3a538b3a528b3a528b3a528b3a52
8b3a528b3a528b3a528b3b518a3b518a3b518a3b518a3b518a3b518a3b518a3b508a3b508a3b508a3b508a3b508a3b508a3b508a3b508a3c4d8a3c4d8a3c4d8a
3c4d8a3c4d8a3c4d8a3c4d8a3d4c893d4c893d4c893d4c893d4c893d4c893d4c893d4a893d4a893d4a893d4a893d4a893d4a893d4a893d4a893e49893e49893e
49893e49893e49893e49893e49893f47883f47883f47883f47883f47883f47883f47884044874044874044874044874044874044874044874044874142864142
864142864142864142864142864142864044874044874044874044874044874044874044873f47883f47883f47883f47883f47883f47883f47883f47883e4989
3e49893e49893e49893e49893e49893e49893d4a893d4a893d4a893d4a893d4a893d4a893d4a893d4c893d4c893d4c893d4c893d4c893d4c893d4c893d4c893c
4d8a3c4d8a3c4d8a3c4d8a3c4d8a3c4d8a3c4d8a3b508a3b508a3b508a3b508a3b508a3b508a3b508a3b518a3b518a3b518a3b518a3b518a3b518a3b518a3a52
8b3a528b3a528b3a528b3a528b3a528b3a528b3a528b3a538b3a538b3a538b3a538b3a538b3a538b3a538b39548b39548b39548b39548b39548b39548b39548b
39558b39558b39558b39558b39558b39558b39558b39558b38568b38568b38568b38568b38568b38568b38568b38578c38578c38578c38578c38578c38578c38
578c38578c38578c38578c38578c38578c38578c38578c38578c37588c37588c37588c37588c37588c37588c37588c37598c37598c37598c37598c37598c3759
8c37598c37598c37598c37598c37598c37598c37598c37598c37598c365a8c365a8c365a8c365a8c365a8c365a8c365a8c365a8c365a8c365a8c365a8c365a8c
365a8c365a8c365a8c365a8c365a8c365a8c365a8c365a8c365a8c365a8c365b8c365b8c365b8c365b8c365b8c365b8c365b8c365b8c365b8c365b8c365b8c36
5b8c365b8c365b8c365b8c365b8c365b8c365b8c365b8c365b8c365b8c365b8c365b8c365b8c365b8c365b8c365b8c365b8c365b8c365b8c365b8c365b8c365b
8c365b8c365b8c365b8c365b8c365b8c365b8c365b8c365b8c365b8c365b8c365b8c365b8c365b8c365b8c365b8c365b8c365b8c365b8c365b8c365b8c365b8c
365b8c365b8c365b8c365b8c365a8c365a8c365a8c365a8c365a8c365a8c365a8c365a8c365a8c365a8c365a8c365a8c365a8c365a8c365a8c365a8c365a8c36
5a8c365a8c365a8c365a8c365a8c37598c37598c37598c37598c37598c37598c37598c37598c37598c37598c37598c37598c37598c37598c37598c37588c3758
8c37588c37588c37588c37588c37588c38578c38578c38578c38578c38578c38578c38578c38578c38578c38578c38578c38578c38578c38578c38578c38568b
38568b38568b38568b38568b38568b38568b39558b39558b39558b39558b39558b39558b39558b39548b39548b39548b39548b39548b39548b39548b39548b3a
538b3a538b3a538b3a538b3a538b3a538b3a538b3a528b3a528b3a528b3a528b3a528b3a528b3a528b3b518a3b518a3b518a3b518a3b518a3b518a3b518a3b50
8a3b508a3b508a3b508a3b508a3b508a3b508a3b508a3c4d8a3c4d8a3c4d8a3c4d8a3c4d8a3c4d8a3c4d8a3d4c893d4c893d4c893d4c893d4c893d4c893d4c89
3d4a893d4a893d4a893d4a893d4a893d4a893d4a893d4a893e49893e49893e49893e49893e49893e49893e49893f47883f47883f47883f47883f47883f47883f
47884044874044874044874044874044874044874044874044874142864142864142864142864142864142864142864240854240854240854240854240854240
854240854142864142864142864142864142864142864142864142864044874044874044874044874044874044874044873f45873f45873f45873f45873f4587
3f45873f45873e48883e48883e48883e48883e48883e48883e48883e48883e49893e49893e49893e49893e49893e49893e49893d4a893d4a893d4a893d4a893d
4a893d4a893d4a893d4c893d4c893d4c893d4c893d4c893d4c893d4c893c4d8a3c4d8a3c4d8a3c4d8a3c4d8a3c4d8a3c4d8a3c4d8a3c4e8a3c4e8a3c4e8a3c4e
8a3c4e8a3c4e8a3c4e8a3b508a3b508a3b508a3b508a3b508a3b508a3b508a3b518a3b518a3b518a3b518a3b518a3b518a3b518a3b518a3a528b3a528b3a528b
3a528b3a528b3a528b3a528b3a528b3a528b3a528b3a528b3a528b3a528b3a528b3a538b3a538b3a538b3a538b3a538b3a538b3a538b3a538b39548b39548b39
548b39548b39548b39548b39548b39548b39548b39548b39548b39548b39548b39548b39558b39558b39558b39558b39558b39558b39558b39558b39558b3955
8b39558b39558b39558b39558b39558b38568b38568b38568b38568b38568b38568b38568b38568b38568b38568b38568b38568b38568b38568b38568b38568b
38568b38568b38568b38568b38568b38568b38568b38568b38568b38568b38568b38568b38568b38568b38568b38568b38568b38568b38568b38568b38568b38
568b38568b38568b38568b38568b38568b38568b38568b38568b38568b38568b38568b38568b38568b38568b38568b38568b38568b38568b38568b38568b3856
8b38568b38568b38568b38568b38568b38568b38568b38568b38568b38568b38568b38568b38568b38568b38568b38568b38568b38568b38568b38568b38568b
38568b38568b38568b38568b38568b38568b38568b38568b39558b39558b39558b39558b39558b39558b39558b39558b39558b39558b39558b39558b39558b39
558b39548b39548b39548b39548b39548b39548b39548b39548b39548b39548b39548b39548b39548b39548b39548b3a538b3a538b3a538b3a538b3a538b3a53
8b3a538b3a528b3a528b3a528b3a528b3a528b3a528b3a528b3a528b3a528b3a528b3a528b3a528b3a528b3a528b3a528b3b518a3b518a3b518a3b518a3b518a
3b518a3b518a3b508a3b508a3b508a3b508a3b508a3b508a3b508a3b508a3c4e8a3c4e8a3c4e8a3c4e8a3c4e8a3c4e8a3c4e8a3c4d8a3c4d8a3c4d8a3c4d8a3c
4d8a3c4d8a3c4d8a3d4c893d4c893d4c893d4c893d4c893d4c893d4c893d4a893d4a893d4a893d4a893d4a893d4a893d4a893d4a893e49893e49893e49893e49
893e49893e49893e49893e48883e48883e48883e48883e48883e48883e48883f45873f45873f45873f45873f45873f45873f45873f4587404487404487404487
404487404487404487404487414286414286414286414286414286414286414286424085424085424085424085424085424085424085424085423e85423e8542
3e85423e85423e85423e85423e854240854240854240854240854240854240854240854142864142864142864142864142864142864142864142864044874044
874044874044874044874044874044873f45873f45873f45873f45873f45873f45873f45873e48883e48883e48883e48883e48883e48883e48883e48883e4989
3e49893e49893e49893e49893e49893e49893d4a893d4a893d4a893d4a893d4a893d4a893d4a893d4c893d4c893d4c893d4c893d4c893d4c893d4c893c4d8a3c
4d8a3c4d8a3c4d8a3c4d8a3c4d8a3c4d8a3c4d8a3c4e8a3c4e8a3c4e8a3c4e8a3c4e8a3c4e8a3c4e8a3b508a3b508a3b508a3b508a3b508a3b508a3b508a3b51
8a3b518a3b518a3b518a3b518a3b518a3b518a3b518a3a528b3a528b3a528b3a528b3a528b3a528b3a528b3a528b3a528b3a528b3a528b3a528b3a528b3a528b
3a538b3a538b3a538b3a538b3a538b3a538b3a538b3a538b39548b39548b39548b39548b39548b39548b39548b39548b39548b39548b39548b39548b39548b39
548b39558b39558b39558b39558b39558b39558b39558b39558b39558b39558b39558b39558b39558b39558b39558b38568b38568b38568b38568b38568b3856
8b38568b38568b38568b38568b38568b38568b38568b38568b38568b38568b38568b38568b38568b38568b38568b38568b38568b38568b38568b38568b38568b
38568b38568b38568b38568b38568b38568b38568b38568b38568b38568b38568b38568b38568b38568b38568b38568b38568b38568b38568b38568b38568b38
568b38568b38568b38568b38568b38568b38568b38568b38568b38568b38568b38568b38568b38568b38568b38568b38568b38568b38568b38568b38568b3856
8b38568b38568b38568b38568b38568b38568b38568b38568b38568b38568b38568b38568b38568b38568b38568b38568b38568b38568b39558b39558b39558b
39558b39558b39558b39558b39558b39558b39558b39558b39558b39558b39558b39548b39548b39548b39548b39548b39548b39548b39548b39548b39548b39
548b39548b39548b39548b39548b3a538b3a538b3a538b3a538b3a538b3a538b3a538b3a528b3a528b3a528b3a528b3a528b3a528b3a528b3a528b3a528b3a52
8b3a528b3a528b3a528b3a528b3a528b3b518a3b518a3b518a3b518a3b518a3b518a3b518a3b508a3b508a3b508a3b508a3b508a3b508a3b508a3b508a3c4e8a
3c4e8a3c4e8a3c4e8a3c4e8a3c4e8a3c4e8a3c4d8a3c4d8a3c4d8a3c4d8a3c4d8a3c4d8a3c4d8a3d4c893d4c893d4c893d4c893d4c893d4c893d4c893d4a893d
4a893d4a893d4a893d4a893d4a893d4a893d4a893e49893e49893e49893e49893e49893e49893e49893e48883e48883e48883e48883e48883e48883e48883f45
873f45873f45873f45873f45873f45873f45873f4587404487404487404487404487404487404487404487414286414286414286414286414286414286414286
424085424085424085424085424085424085424085424085423e85423e85423e85423e85423e85423e85423e8542408542408542408542408542408542408542
40854142864142864142864142864142864142864142864142864044874044874044874044874044874044874044873f45873f45873f45873f45873f45873f45
873f45873e48883e48883e48883e48883e48883e48883e48883e48883e49893e49893e49893e49893e49893e49893e49893d4a893d4a893d4a893d4a893d4a89
3d4a893d4a893d4c893d4c893d4c893d4c893d4c893d4c893d4c893c4d8a3c4d8a3c4d8a3c4d8a3c4d8a3c4d8a3c4d8a3c4d8a3c4e8a3c4e8a3c4e8a3c4e8a3c
4e8a3c4e8a3c4e8a3b508a3b508a3b508a3b508a3b508a3b508a3b508a3b518a3b518a3b518a3b518a3b518a3b518a3b518a3b518a3a528b3a528b3a528b3a52
8b3a528b3a528b3a528b3a528b3a528b3a528b3a528b3a528b3a528b3a528b3a538b3a538b3a538b3a538b3a538b3a538b3a538b3a538b39548b39548b39548b
39548b39548b39548b39548b39548b39548b39548b39548b39548b39548b39548b39558b39558b39558b39558b39558b39558b39558b39558b39558b39558b39
558b39558b39558b39558b39558b38568b38568b38568b38568b38568b38568b38568b38568b38568b38568b38568b38568b38568b38568b38568b38568b3856
8b38568b38568b38568b38568b38568b38568b38568b38568b38568b38568b38568b38568b38568b38568b38568b38568b38568b38568b38568b38568b38568b
38568b38568b38568b38568b38568b38568b38568b38568b38568b38568b38568b38568b38568b38568b38568b38568b38568b38568b38568b38568b38568b38
568b38568b38568b38568b38568b38568b38568b38568b38568b38568b38568b38568b38568b38568b38568b38568b38568b38568b38568b38568b38568b3856
8b38568b38568b38568b38568b38568b38568b38568b39558b39558b39558b39558b39558b39558b39558b39558b39558b39558b39558b39558b39558b39558b
39548b39548b39548b39548b39548b39548b39548b39548b39548b39548b39548b39548b39548b39548b39548b3a538b3a538b3a538b3a538b3a538b3a538b3a
538b3a528b3a528b3a528b3a528b3a528b3a528b3a528b3a528b3a528b3a528b3a528b3a528b3a528b3a528b3a528b3b518a3b518a3b518a3b518a3b518a3b51
8a3b518a3b508a3b508a3b508a3b508a3b508a3b508a3b508a3b508a3c4e8a3c4e8a3c4e8a3c4e8a3c4e8a3c4e8a3c4e8a3c4d8a3c4d8a3c4d8a3c4d8a3c4d8a
3c4d8a3c4d8a3d4c893d4c893d4c893d4c893d4c893d4c893d4c893d4a893d4a893d4a893d4a893d4a893d4a893d4a893d4a893e49893e49893e49893e49893e
49893e49893e49893e48883e48883e48883e48883e48883e48883e48883f45873f45873f45873f45873f45873f45873f45873f45874044874044874044874044
87404487404487404487414286414286414286414286414286414286414286424085424085424085424085424085424085424085424085423e85423e85423e85
423e85423e85423e85423e8542408542408542408542408542408542408542408541428641428641428641428641428641428641428641428640448740448740
44874044874044874044874044873f45873f45873f45873f45873f45873f45873f45873e48883e48883e48883e48883e48883e48883e48883e48883e49893e49
893e49893e49893e49893e49893e49893d4a893d4a893d4a893d4a893d4a893d4a893d4a893d4c893d4c893d4c893d4c893d4c893d4c893d4c893c4d8a3c4d8a
3c4d8a3c4d8a3c4d8a3c4d8a3c4d8a3c4d8a3c4e8a3c4e8a3c4e8a3c4e8a3c4e8a3c4e8a3c4e8a3b508a3b508a3b508a3b508a3b508a3b508a3b508a3b518a3b
518a3b518a3b518a3b518a3b518a3b518a3b518a3a528b3a528b3a528b3a528b3a528b3a528b3a528b3a528b3a528b3a528b3a528b3a528b3a528b3a528b3a53
8b3a538b3a538b3a538b3a538b3a538b3a538b3a538b39548b39548b39548b39548b39548b39548b39548b39548b39548b39548b39548b39548b39548b39548b
39558b39558b39558b39558b39558b39558b39558b39558b39558b39558b39558b39558b39558b39558b39558b38568b38568b38568b38568b38568b38568b38
568b38568b38568b38568b38568b38568b38568b38568b38568b38568b38568b38568b38568b38568b38568b38568b38568b38568b38568b38568b38568b3856
8b38568b38568b38568b38568b38568b38568b38568b38568b38568b38568b38568b38568b38568b38568b38568b38568b38568b38568b38568b38568b38568b
38568b38568b38568b38568b38568b38568b38568b38568b38568b38568b38568b38568b38568b38568b38568b38568b38568b38568b38568b38568b38568b38
568b38568b38568b38568b38568b38568b38568b38568b38568b38568b38568b38568b38568b38568b38568b38568b38568b38568b39558b39558b39558b3955
8b39558b39558b39558b39558b39558b39558b39558b39558b39558b39558b39548b39548b39548b39548b39548b39548b39548b39548b39548b39548b39548b
39548b39548b39548b39548b3a538b3a538b3a538b3a538b3a538b3a538b3a538b3a528b3a528b3a528b3a528b3a528b3a528b3a528b3a528b3a528b3a528b3a
528b3a528b3a528b3a528b3a528b3b518a3b518a3b518a3b518a3b518a3b518a3b518a3b508a3b508a3b508a3b508a3b508a3b508a3b508a3b508a3c4e8a3c4e
8a3c4e8a3c4e8a3c4e8a3c4e8a3c4e8a3c4d8a3c4d8a3c4d8a3c4d8a3c4d8a3c4d8a3c4d8a3d4c893d4c893d4c893d4c893d4c893d4c893d4c893d4a893d4a89
3d4a893d4a893d4a893d4a893d4a893d4a893e49893e49893e49893e49893e49893e49893e49893e48883e48883e48883e48883e48883e48883e48883f45873f
45873f45873f45873f45873f45873f45873f45874044874044874044874044874044874044874044874142864142864142864142864142864142864142864240
85424085424085424085424085424085424085424085423e85423e85423e85423e85423e85423e85423e85424085424085424085424085424085424085424085
4142864142864142864142864142864142864142864142864044874044874044874044874044874044874044873f45873f45873f45873f45873f45873f45873f
45873e48883e48883e48883e48883e48883e48883e48883e48883e49893e49893e49893e49893e49893e49893e49893d4a893d4a893d4a893d4a893d4a893d4a
893d4a893d4c893d4c893d4c893d4c893d4c893d4c893d4c893c4d8a3c4d8a3c4d8a3c4d8a3c4d8a3c4d8a3c4d8a3c4d8a3c4e8a3c4e8a3c4e8a3c4e8a3c4e8a
3c4e8a3c4e8a3b508a3b508a3b508a3b508a3b508a3b508a3b508a3b518a3b518a3b518a3b518a3b518a3b518a3b518a3b518a3a528b3a528b3a528b3a528b3a
528b3a528b3a528b3a528b3a528b3a528b3a528b3a528b3a528b3a528b3a538b3a538b3a538b3a538b3a538b3a538b3a538b3a538b39548b39548b39548b3954
8b39548b39548b39548b39548b39548b39548b39548b39548b39548b39548b39558b39558b39558b39558b39558b39558b39558b39558b39558b39558b39558b
39558b39558b39558b39558b38568b38568b38568b38568b38568b38568b38568b38568b38568b38568b38568b38568b38568b38568b38568b38568b38568b38
568b38568b38568b38568b38568b38568b38568b38568b38568b38568b38568b38568b38568b38568b38568b38568b38568b38568b38568b38568b38568b3856
8b38568b38568b38568b38568b38568b38568b38568b38568b38568b38568b38568b38568b38568b38568b38568b38568b38568b38568b38568b38568b38568b
38568b38568b38568b38568b38568b38568b38568b38568b38568b38568b38568b38568b38568b38568b38568b38568b38568b38568b38568b38568b38568b38
568b38568b38568b38568b38568b38568b38568b39558b39558b39558b39558b39558b39558b39558b39558b39558b39558b39558b39558b39558b39558b3954
8b39548b39548b39548b39548b39548b39548b39548b39548b39548b39548b39548b39548b39548b39548b3a538b3a538b3a538b3a538b3a538b3a538b3a538b
3a528b3a528b3a528b3a528b3a528b3a528b3a528b3a528b3a528b3a528b3a528b3a528b3a528b3a528b3a528b3b518a3b518a3b518a3b518a3b518a3b518a3b
518a3b508a3b508a3b508a3b508a3b508a3b508a3b508a3b508a3c4e8a3c4e8a3c4e8a3c4e8a3c4e8a3c4e8a3c4e8a3c4d8a3c4d8a3c4d8a3c4d8a3c4d8a3c4d
8a3c4d8a3d4c893d4c893d4c893d4c893d4c893d4c893d4c893d4a893d4a893d4a893d4a893d4a893d4a893d4a893d4a893e49893e49893e49893e49893e4989
3e49893e49893e48883e48883e48883e48883e48883e48883e48883f45873f45873f45873f45873f45873f45873f45873f458740448740448740448740448740
4487404487404487414286414286414286414286414286414286414286424085424085424085424085424085424085424085424085423e85423e85423e85423e
85423e85423e85423e85424085424085424085424085424085424085424085414286414286414286414286414286414286414286414286404487404487404487
4044874044874044874044873f45873f45873f45873f45873f45873f45873f45873e48883e48883e48883e48883e48883e48883e48883e48883e49893e49893e
49893e49893e49893e49893e49893d4a893d4a893d4a893d4a893d4a893d4a893d4a893d4c893d4c893d4c893d4c893d4c893d4c893d4c893c4d8a3c4d8a3c4d
8a3c4d8a3c4d8a3c4d8a3c4d8a3c4d8a3c4e8a3c4e8a3c4e8a3c4e8a3c4e8a3c4e8a3c4e8a3b508a3b508a3b508a3b508a3b508a3b508a3b508a3b518a3b518a
3b518a3b518a3b518a3b518a3b518a3b518a3a528b3a528b3a528b3a528b3a528b3a528b3a528b3a528b3a528b3a528b3a528b3a528b3a528b3a528b3a538b3a
538b3a538b3a538b3a538b3a538b3a538b3a538b39548b39548b39548b39548b39548b39548b39548b39548b39548b39548b39548b39548b39548b39548b3955
8b39558b39558b39558b39558b39558b39558b39558b39558b39558b39558b39558b39558b39558b39558b38568b38568b38568b38568b38568b38568b38568b
38568b38568b38568b38568b38568b38568b38568b38568b38568b38568b38568b38568b38568b38568b38568b38568b38568b38568b38568b38568b38568b38
568b38568b38568b38568b38568b38568b38568b38568b38568b38568b38568b38568b38568b38568b38568b38568b38568b38568b38568b38568b38568b3856
8b38568b38568b38568b38568b38568b38568b38568b38568b38568b38568b38568b38568b38568b38568b38568b38568b38568b38568b38568b38568b38568b
38568b38568b38568b38568b38568b38568b38568b38568b38568b38568b38568b38568b38568b38568b38568b38568b38568b39558b39558b39558b39558b39
558b39558b39558b39558b39558b39558b39558b39558b39558b39558b39548b39548b39548b39548b39548b39548b39548b39548b39548b39548b39548b3954
8b39548b39548b39548b3a538b3a538b3a538b3a538b3a538b3a538b3a538b3a528b3a528b3a528b3a528b3a528b3a528b3a528b3a528b3a528b3a528b3a528b
3a528b3a528b3a528b3a528b3b518a3b518a3b518a3b518a3b518a3b518a3b518a3b508a3b508a3b508a3b508a3b508a3b508a3b508a3b508a3c4e8a3c4e8a3c
4e8a3c4e8a3c4e8a3c4e8a3c4e8a3c4d8a3c4d8a3c4d8a3c4d8a3c4d8a3c4d8a3c4d8a3d4c893d4c893d4c893d4c893d4c893d4c893d4c893d4a893d4a893d4a
893d4a893d4a893d4a893d4a893d4a893e49893e49893e49893e49893e49893e49893e49893e48883e48883e48883e48883e48883e48883e48883f45873f4587
3f45873f45873f45873f45873f45873f458740448740448740448740448740448740448740448741428641428641428641428641428641428641428642408542
4085424085424085424085424085424085424085423e85423e85423e85423e85423e85423e85423e854240854240854240854240854240854240854240854142
864142864142864142864142864142864142864142864044874044874044874044874044874044874044873f45873f45873f45873f45873f45873f45873f4587
3e48883e48883e48883e48883e48883e48883e48883e48883e49893e49893e49893e49893e49893e49893e49893d4a893d4a893d4a893d4a893d4a893d4a893d
4a893d4c893d4c893d4c893d4c893d4c893d4c893d4c893c4d8a3c4d8a3c4d8a3c4d8a3c4d8a3c4d8a3c4d8a3c4d8a3c4e8a3c4e8a3c4e8a3c4e8a3c4e8a3c4e
8a3c4e8a3b508a3b508a3b508a3b508a3b508a3b508a3b508a3b518a3b518a3b518a3b518a3b518a3b518a3b518a3b518a3a528b3a528b3a528b3a528b3a528b
3a528b3a528b3a528b3a528b3a528b3a528b3a528b3a528b3a528b3a538b3a538b3a538b3a538b3a538b3a538b3a538b3a538b39548b39548b39548b39548b39
548b39548b39548b39548b39548b39548b39548b39548b39548b39548b39558b39558b39558b39558b39558b39558b39558b39558b39558b39558b39558b3955
8b39558b39558b39558b38568b38568b38568b38568b38568b38568b38568b38568b38568b38568b38568b38568b38568b38568b38568b38568b38568b38568b
38568b38568b38568b38568b38568b38568b38568b38568b38568b38568b38568b38568b38568b38568b38568b38568b38568b38568b38568b38568b38568b38
568b38568b38568b38568b38568b38568b38568b38568b38568b38568b38568b38568b38568b38568b38568b38568b38568b38568b38568b38568b38568b3856
8b38568b38568b38568b38568b38568b38568b38568b38568b38568b38568b38568b38568b38568b38568b38568b38568b38568b38568b38568b38568b38568b
38568b38568b38568b38568b38568b38568b39558b39558b39558b39558b39558b39558b39558b39558b39558b39558b39558b39558b39558b39558b39548b39
548b39548b39548b39548b39548b39548b39548b39548b39548b39548b39548b39548b39548b39548b3a538b3a538b3a538b3a538b3a538b3a538b3a538b3a52
8b3a528b3a528b3a528b3a528b3a528b3a528b3a528b3a528b3a528b3a528b3a528b3a528b3a528b3a528b3b518a3b518a3b518a3b518a3b518a3b518a3b518a
3b508a3b508a3b508a3b508a3b508a3b508a3b508a3b508a3c4e8a3c4e8a3c4e8a3c4e8a3c4e8a3c4e8a3c4e8a3c4d8a3c4d8a3c4d8a3c4d8a3c4d8a3c4d8a3c
4d8a3d4c893d4c893d4c893d4c893d4c893d4c893d4c893d4a893d4a893d4a893d4a893d4a893d4a893d4a893d4a893e49893e49893e49893e49893e49893e49
893e49893e48883e48883e48883e48883e48883e48883e48883f45873f45873f45873f45873f45873f45873f45873f4587404487404487404487404487404487
404487404487414286414286414286414286414286414286414286424085424085424085424085424085424085424085424085423e85423e85423e85423e8542
3e85423e85423e854240854240854240854240854240854240854240854142864142864142864142864142864142864142864142864044874044874044874044
874044874044874044873f45873f45873f45873f45873f45873f45873f45873e48883e48883e48883e48883e48883e48883e48883e48883e49893e49893e4989
3e49893e49893e49893e49893d4a893d4a893d4a893d4a893d4a893d4a893d4a893d4c893d4c893d4c893d4c893d4c893d4c893d4c893c4d8a3c4d8a3c4d8a3c
4d8a3c4d8a3c4d8a3c4d8a3c4d8a3c4e8a3c4e8a3c4e8a3c4e8a3c4e8a3c4e8a3c4e8a3b508a3b508a3b508a3b508a3b508a3b508a3b508a3b518a3b518a3b51
8a3b518a3b518a3b518a3b518a3b518a3a528b3a528b3a528b3a528b3a528b3a528b3a528b3a528b3a528b3a528b3a528b3a528b3a528b3a528b3a538b3a538b
3a538b3a538b3a538b3a538b3a538b3a538b39548b39548b39548b39548b39548b39548b39548b39548b39548b39548b39548b39548b39548b39548b39558b39
558b39558b39558b39558b39558b39558b39558b39558b39558b39558b39558b39558b39558b39558b38568b38568b38568b38568b38568b38568b38568b3856
8b38568b38568b38568b38568b38568b38568b38568b38568b38568b38568b38568b38568b38568b38568b38568b38568b38568b38568b38568b38568b38568b
38568b38568b38568b38568b38568b38568b38568b38568b38568b38568b38568b38568b38568b38568b38568b38568b38568b38568b38568b38568b38568b38
568b38568b38568b38568b38568b38568b38568b38568b38568b38568b38568b38568b38568b38568b38568b38568b38568b38568b38568b38568b38568b3856
8b38568b38568b38568b38568b38568b38568b38568b38568b38568b38568b38568b38568b38568b38568b38568b38568b39558b39558b39558b39558b39558b
39558b39558b39558b39558b39558b39558b39558b39558b39558b39548b39548b39548b39548b39548b39548b39548b39548b39548b39548b39548b39548b39
548b39548b39548b3a538b3a538b3a538b3a538b3a538b3a538b3a538b3a528b3a528b3a528b3a528b3a528b3a528b3a528b3a528b3a528b3a528b3a528b3a52
8b3a528b3a528b3a528b3b518a3b518a3b518a3b518a3b518a3b518a3b518a3b508a3b508a3b508a3b508a3b508a3b508a3b508a3b508a3c4e8a3c4e8a3c4e8a
3c4e8a3c4e8a3c4e8a3c4e8a3c4d8a3c4d8a3c4d8a3c4d8a3c4d8a3c4d8a3c4d8a3d4c893d4c893d4c893d4c893d4c893d4c893d4c893d4a893d4a893d4a893d
4a893d4a893d4a893d4a893d4a893e49893e49893e49893e49893e49893e49893e49893e48883e48883e48883e48883e48883e48883e48883f45873f45873f45
873f45873f45873f45873f45873f4587404487404487404487404487404487404487404487414286414286414286414286414286414286414286424085424085
424085424085424085424085424085424085423e85423e85423e85423e85423e85423e85423e85433c84433c84433c84433c84433c84433c84433c84423d8442
3d84423d84423d84423d84423d84423d84423d844240854240854240854240854240854240854240854141864141864141864141864141864141864141864043
874043874043874043874043874043874043874043874044874044874044874044874044874044874044873f45873f45873f45873f45873f45873f45873f4587
3e48883e48883e48883e48883e48883e48883e48883e49893e49893e49893e49893e49893e49893e49893e49893d4a893d4a893d4a893d4a893d4a893d4a893d
4a893d4b893d4b893d4b893d4b893d4b893d4b893d4b893d4c893d4c893d4c893d4c893d4c893d4c893d4c893d4c893d4c893d4c893d4c893d4c893d4c893d4c
893d4c893c4d8a3c4d8a3c4d8a3c4d8a3c4d8a3c4d8a3c4d8a3c4e8a3c4e8a3c4e8a3c4e8a3c4e8a3c4e8a3c4e8a3c4e8a3c4e8a3c4e8a3c4e8a3c4e8a3c4e8a
3c4e8a3c4e8a3b508a3b508a3b508a3b508a3b508a3b508a3b508a3b508a3b508a3b508a3b508a3b508a3b508a3b508a3b508a3b518a3b518a3b518a3b518a3b
518a3b518a3b518a3b518a3b518a3b518a3b518a3b518a3b518a3b518a3b518a3b518a3b518a3b518a3b518a3b518a3b518a3b518a3a528b3a528b3a528b3a52
8b3a528b3a528b3a528b3a528b3a528b3a528b3a528b3a528b3a528b3a528b3a528b3a528b3a528b3a528b3a528b3a528b3a528b3a528b3a528b3a528b3a528b
3a528b3a528b3a528b3a528b3a528b3a528b3a528b3a528b3a528b3a528b3a528b3a528b3a528b3a528b3a528b3a528b3a528b3a528b3a528b3a528b3a528b3a
528b3a528b3a528b3a528b3a528b3a528b3a528b3a528b3a528b3a528b3a528b3a528b3b518a3b518a3b518a3b518a3b518a3b518a3b518a3b518a3b518a3b51
8a3b518a3b518a3b518a3b518a3b518a3b518a3b518a3b518a3b518a3b518a3b518a3b518a3b508a3b508a3b508a3b508a3b508a3b508a3b508a3b508a3b508a
3b508a3b508a3b508a3b508a3b508a3b508a3c4e8a3c4e8a3c4e8a3c4e8a3c4e8a3c4e8a3c4e8a3c4e8a3c4e8a3c4e8a3c4e8a3c4e8a3c4e8a3c4e8a3c4d8a3c
4d8a3c4d8a3c4d8a3c4d8a3c4d8a3c4d8a3c4d8a3d4c893d4c893d4c893d4c893d4c893d4c893d4c893d4c893d4c893d4c893d4c893d4c893d4c893d4c893d4b
893d4b893d4b893d4b893d4b893d4b893d4b893d4b893d4a893d4a893d4a893d4a893d4a893d4a893d4a893e49893e49893e49893e49893e49893e49893e4989
3e48883e48883e48883e48883e48883e48883e48883f45873f45873f45873f45873f45873f45873f45873f458740448740448740448740448740448740448740
44874043874043874043874043874043874043874043874141864141864141864141864141864141864141864141864240854240854240854240854240854240
85424085423d84423d84423d84423d84423d84423d84423d84433c84433c84433c84433c84433c84433c84433c84433c84433a83433a83433a83433a83433a83
433a83433a83433c84433c84433c84433c84433c84433c84433c84423d84423d84423d84423d84423d84423d84423d84423d8442408542408542408542408542
40854240854240854141864141864141864141864141864141864141864043874043874043874043874043874043874043874043874044874044874044874044
874044874044874044873f45873f45873f45873f45873f45873f45873f45873e48883e48883e48883e48883e48883e48883e48883e49893e49893e49893e4989
3e49893e49893e49893e49893d4a893d4a893d4a893d4a893d4a893d4a893d4a893d4b893d4b893d4b893d4b893d4b893d4b893d4b893d4c893d4c893d4c893d
4c893d4c893d4c893d4c893d4c893d4c893d4c893d4c893d4c893d4c893d4c893d4c893c4d8a3c4d8a3c4d8a3c4d8a3c4d8a3c4d8a3c4d8a3c4e8a3c4e8a3c4e
8a3c4e8a3c4e8a3c4e8a3c4e8a3c4e8a3c4e8a3c4e8a3c4e8a3c4e8a3c4e8a3c4e8a3c4e8a3b508a3b508a3b508a3b508a3b508a3b508a3b508a3b508a3b508a
3b508a3b508a3b508a3b508a3b508a3b508a3b518a3b518a3b518a3b518a3b518a3b518a3b518a3b518a3b518a3b518a3b518a3b518a3b518a3b518a3b518a3b
518a3b518a3b518a3b518a3b518a3b518a3b518a3a528b3a528b3a528b3a528b3a528b3a528b3a528b3a528b3a528b3a528b3a528b3a528b3a528b3a528b3a52
8b3a528b3a528b3a528b3a528b3a528b3a528b3a528b3a528b3a528b3a528b3a528b3a528b3a528b3a528b3a528b3a528b3a528b3a528b3a528b3a528b3a528b
3a528b3a528b3a528b3a528b3a528b3a528b3a528b3a528b3a528b3a528b3a528b3a528b3a528b3a528b3a528b3a528b3a528b3a528b3a528b3a528b3a528b3a
528b3b518a3b518a3b518a3b518a3b518a3b518a3b518a3b518a3b518a3b518a3b518a3b518a3b518a3b518a3b518a3b518a3b518a3b518a3b518a3b518a3b51
8a3b518a3b508a3b508a3b508a3b508a3b508a3b508a3b508a3b508a3b508a3b508a3b508a3b508a3b508a3b508a3b508a3c4e8a3c4e8a3c4e8a3c4e8a3c4e8a
3c4e8a3c4e8a3c4e8a3c4e8a3c4e8a3c4e8a3c4e8a3c4e8a3c4e8a3c4d8a3c4d8a3c4d8a3c4d8a3c4d8a3c4d8a3c4d8a3c4d8a3d4c893d4c893d4c893d4c893d
4c893d4c893d4c893d4c893d4c893d4c893d4c893d4c893d4c893d4c893d4b893d4b893d4b893d4b893d4b893d4b893d4b893d4b893d4a893d4a893d4a893d4a
893d4a893d4a893d4a893e49893e49893e49893e49893e49893e49893e49893e48883e48883e48883e48883e48883e48883e48883f45873f45873f45873f4587
3f45873f45873f45873f458740448740448740448740448740448740448740448740438740438740438740438740438740438740438741418641418641418641
4186414186414186414186414186424085424085424085424085424085424085424085423d84423d84423d84423d84423d84423d84423d84433c84433c84433c
84433c84433c84433c84433c84433c84433a83433a83433a83433a83433a83433a83433a83433c84433c84433c84433c84433c84433c84433c84423d84423d84
423d84423d84423d84423d84423d84423d8442408542408542408542408542408542408542408541418641418641418641418641418641418641418640438740
43874043874043874043874043874043874043874044874044874044874044874044874044874044873f45873f45873f45873f45873f45873f45873f45873e48
883e48883e48883e48883e48883e48883e48883e49893e49893e49893e49893e49893e49893e49893e49893d4a893d4a893d4a893d4a893d4a893d4a893d4a89
3d4b893d4b893d4b893d4b893d4b893d4b893d4b893d4c893d4c893d4c893d4c893d4c893d4c893d4c893d4c893d4c893d4c893d4c893d4c893d4c893d4c893d
4c893c4d8a3c4d8a3c4d8a3c4d8a3c4d8a3c4d8a3c4d8a3c4e8a3c4e8a3c4e8a3c4e8a3c4e8a3c4e8a3c4e8a3c4e8a3c4e8a3c4e8a3c4e8a3c4e8a3c4e8a3c4e
8a3c4e8a3b508a3b508a3b508a3b508a3b508a3b508a3b508a3b508a3b508a3b508a3b508a3b508a3b508a3b508a3b508a3b518a3b518a3b518a3b518a3b518a
3b518a3b518a3b518a3b518a3b518a3b518a3b518a3b518a3b518a3b518a3b518a3b518a3b518a3b518a3b518a3b518a3b518a3a528b3a528b3a528b3a528b3a
528b3a528b3a528b3a528b3a528b3a528b3a528b3a528b3a528b3a528b3a528b3a528b3a528b3a528b3a528b3a528b3a528b3a528b3a528b3a528b3a528b3a52
8b3a528b3a528b3a528b3a528b3a528b3a528b3a528b3a528b3a528b3a528b3a528b3a528b3a528b3a528b3a528b3a528b3a528b3a528b3a528b3a528b3a528b
3a528b3a528b3a528b3a528b3a528b3a528b3a528b3a528b3a528b3a528b3a528b3b518a3b518a3b518a3b518a3b518a3b518a3b518a3b518a3b518a3b518a3b
518a3b518a3b518a3b518a3b518a3b518a3b518a3b518a3b518a3b518a3b518a3b518a3b508a3b508a3b508a3b508a3b508a3b508a3b508a3b508a3b508a3b50
8a3b508a3b508a3b508a3b508a3b508a3c4e8a3c4e8a3c4e8a3c4e8a3c4e8a3c4e8a3c4e8a3c4e8a3c4e8a3c4e8a3c4e8a3c4e8a3c4e8a3c4e8a3c4d8a3c4d8a
3c4d8a3c4d8a3c4d8a3c4d8a3c4d8a3c4d8a3d4c893d4c893d4c893d4c893d4c893d4c893d4c893d4c893d4c893d4c893d4c893d4c893d4c893d4c893d4b893d
4b893d4b893d4b893d4b893d4b893d4b893d4b893d4a893d4a893d4a893d4a893d4a893d4a893d4a893e49893e49893e49893e49893e49893e49893e49893e48
883e48883e48883e48883e48883e48883e48883f45873f45873f45873f45873f45873f45873f45873f4587404487404487404487404487404487404487404487
40438740438740438740438740438740438740438741418641418641418641418641418641418641418641418642408542408542408542408542408542408542
4085423d84423d84423d84423d84423d84423d84423d84433c84433c84433c84433c84433c84433c84433c84433c84433a83433a83433a83433a83433a83433a
83433a83433c84433c84433c84433c84433c84433c84433c84423d84423d84423d84423d84423d84423d84423d84423d84424085424085424085424085424085
42408542408541418641418641418641418641418641418641418640438740438740438740438740438740438740438740438740448740448740448740448740
44874044874044873f45873f45873f45873f45873f45873f45873f45873e48883e48883e48883e48883e48883e48883e48883e49893e49893e49893e49893e49
893e49893e49893e49893d4a893d4a893d4a893d4a893d4a893d4a893d4a893d4b893d4b893d4b893d4b893d4b893d4b893d4b893d4c893d4c893d4c893d4c89
3d4c893d4c893d4c893d4c893d4c893d4c893d4c893d4c893d4c893d4c893d4c893c4d8a3c4d8a3c4d8a3c4d8a3c4d8a3c4d8a3c4d8a3c4e8a3c4e8a3c4e8a3c
4e8a3c4e8a3c4e8a3c4e8a3c4e8a3c4e8a3c4e8a3c4e8a3c4e8a3c4e8a3c4e8a3c4e8a3b508a3b508a3b508a3b508a3b508a3b508a3b508a3b508a3b508a3b50
8a3b508a3b508a3b508a3b508a3b508a3b518a3b518a3b518a3b518a3b518a3b518a3b518a3b518a3b518a3b518a3b518a3b518a3b518a3b518a3b518a3b518a
3b518a3b518a3b518a3b518a3b518a3b518a3a528b3a528b3a528b3a528b3a528b3a528b3a528b3a528b3a528b3a528b3a528b3a528b3a528b3a528b3a528b3a
528b3a528b3a528b3a528b3a528b3a528b3a528b3a528b3a528b3a528b3a528b3a528b3a528b3a528b3a528b3a528b3a528b3a528b3a528b3a528b3a528b3a52
8b3a528b3a528b3a528b3a528b3a528b3a528b3a528b3a528b3a528b3a528b3a528b3a528b3a528b3a528b3a528b3a528b3a528b3a528b3a528b3a528b3a528b
3b518a3b518a3b518a3b518a3b518a3b518a3b518a3b518a3b518a3b518a3b518a3b518a3b518a3b518a3b518a3b518a3b518a3b518a3b518a3b518a3b518a3b
518a3b508a3b508a3b508a3b508a3b508a3b508a3b508a3b508a3b508a3b508a3b508a3b508a3b508a3b508a3b508a3c4e8a3c4e8a3c4e8a3c4e8a3c4e8a3c4e
8a3c4e8a3c4e8a3c4e8a3c4e8a3c4e8a3c4e8a3c4e8a3c4e8a3c4d8a3c4d8a3c4d8a3c4d8a3c4d8a3c4d8a3c4d8a3c4d8a3d4c893d4c893d4c893d4c893d4c89
3d4c893d4c893d4c893d4c893d4c893d4c893d4c893d4c893d4c893d4b893d4b893d4b893d4b893d4b893d4b893d4b893d4b893d4a893d4a893d4a893d4a893d
4a893d4a893d4a893e49893e49893e49893e49893e49893e49893e49893e48883e48883e48883e48883e48883e48883e48883f45873f45873f45873f45873f45
873f45873f45873f4587404487404487404487404487404487404487404487404387404387404387404387404387404387404387414186414186414186414186
414186414186414186414186424085424085424085424085424085424085424085423d84423d84423d84423d84423d84423d84423d84433c84433c84433c8443
3c84433c84433c84433c84433c84433a83433a83433a83433a83433a83433a83433a83433c84433c84433c84433c84433c84433c84433c84423d84423d84423d
84423d84423d84423d84423d84423d84424085424085424085424085424085424085424085414186414186414186414186414186414186414186404387404387
4043874043874043874043874043874043874044874044874044874044874044874044874044873f45873f45873f45873f45873f45873f45873f45873e48883e
48883e48883e48883e48883e48883e48883e49893e49893e49893e49893e49893e49893e49893e49893d4a893d4a893d4a893d4a893d4a893d4a893d4a893d4b
893d4b893d4b893d4b893d4b893d4b893d4b893d4c893d4c893d4c893d4c893d4c893d4c893d4c893d4c893d4c893d4c893d4c893d4c893d4c893d4c893d4c89
3c4d8a3c4d8a3c4d8a3c4d8a3c4d8a3c4d8a3c4d8a3c4e8a3c4e8a3c4e8a3c4e8a3c4e8a3c4e8a3c4e8a3c4e8a3c4e8a3c4e8a3c4e8a3c4e8a3c4e8a3c4e8a3c
4e8a3b508a3b508a3b508a3b508a3b508a3b508a3b508a3b508a3b508a3b508a3b508a3b508a3b508a3b508a3b508a3b518a3b518a3b518a3b518a3b518a3b51
8a3b518a3b518a3b518a3b518a3b518a3b518a3b518a3b518a3b518a3b518a3b518a3b518a3b518a3b518a3b518a3b518a3a528b3a528b3a528b3a528b3a528b
3a528b3a528b3a528b3a528b3a528b3a528b3a528b3a528b3a528b3a528b3a528b3a528b3a528b3a528b3a528b3a528b3a528b3a528b3a528b3a528b3a528b3a
528b3a528b3a528b3a528b3a528b3a528b3a528b3a528b3a528b3a528b3a528b3a528b3a528b3a528b3a528b3a528b3a528b3a528b3a528b3a528b3a528b3a52
8b3a528b3a528b3a528b3a528b3a528b3a528b3a528b3a528b3a528b3a528b3b518a3b518a3b518a3b518a3b518a3b518a3b518a3b518a3b518a3b518a3b518a
3b518a3b518a3b518a3b518a3b518a3b518a3b518a3b518a3b518a3b518a3b518a3b508a3b508a3b508a3b508a3b508a3b508a3b508a3b508a3b508a3b508a3b
508a3b508a3b508a3b508a3b508a3c4e8a3c4e8a3c4e8a3c4e8a3c4e8a3c4e8a3c4e8a3c4e8a3c4e8a3c4e8a3c4e8a3c4e8a3c4e8a3c4e8a3c4d8a3c4d8a3c4d
8a3c4d8a3c4d8a3c4d8a3c4d8a3c4d8a3d4c893d4c893d4c893d4c893d4c893d4c893d4c893d4c893d4c893d4c893d4c893d4c893d4c893d4c893d4b893d4b89
3d4b893d4b893d4b893d4b893d4b893d4b893d4a893d4a893d4a893d4a893d4a893d4a893d4a893e49893e49893e49893e49893e49893e49893e49893e48883e
48883e48883e48883e48883e48883e48883f45873f45873f45873f45873f45873f45873f45873f45874044874044874044874044874044874044874044874043
87404387404387404387404387404387404387414186414186414186414186414186414186414186414186424085424085424085424085424085424085424085
423d84423d84423d84423d84423d84423d84423d84433c84433c84433c84433c84433c84433c84433c84433c84433a83433a83433a83433a83433a83433a8343
3a83433c84433c84433c84433c84433c84433c84433c84423d84423d84423d84423d84423d84423d84423d84423d844240854240854240854240854240854240
85424085414186414186414186414186414186414186414186404387404387404387404387404387404387404387404387404487404487404487404487404487
4044874044873f45873f45873f45873f45873f45873f45873f45873e48883e48883e48883e48883e48883e48883e48883e49893e49893e49893e49893e49893e
49893e49893e49893d4a893d4a893d4a893d4a893d4a893d4a893d4a893d4b893d4b893d4b893d4b893d4b893d4b893d4b893d4c893d4c893d4c893d4c893d4c
893d4c893d4c893d4c893d4c893d4c893d4c893d4c893d4c893d4c893d4c893c4d8a3c4d8a3c4d8a3c4d8a3c4d8a3c4d8a3c4d8a3c4e8a3c4e8a3c4e8a3c4e8a
3c4e8a3c4e8a3c4e8a3c4e8a3c4e8a3c4e8a3c4e8a3c4e8a3c4e8a3c4e8a3c4e8a3b508a3b508a3b508a3b508a3b508a3b508a3b508a3b508a3b508a3b508a3b
508a3b508a3b508a3b508a3b508a3b518a3b518a3b518a3b518a3b518a3b518a3b518a3b518a3b518a3b518a3b518a3b518a3b518a3b518a3b518a3b518a3b51
8a3b518a3b518a3b518a3b518a3b518a3a528b3a528b3a528b3a528b3a528b3a528b3a528b3a528b3a528b3a528b3a528b3a528b3a528b3a528b3a528b3a528b
3a528b3a528b3a528b3a528b3a528b3a528b3a528b3a528b3a528b3a528b3a528b3a528b3a528b3a528b3a528b3a528b3a528b3a528b3a528b3a528b3a528b3a
528b3a528b3a528b3a528b3a528b3a528b3a528b3a528b3a528b3a528b3a528b3a528b3a528b3a528b3a528b3a528b3a528b3a528b3a528b3a528b3a528b3b51
8a3b518a3b518a3b518a3b518a3b518a3b518a3b518a3b518a3b518a3b518a3b518a3b518a3b518a3b518a3b518a3b518a3b518a3b518a3b518a3b518a3b518a
3b508a3b508a3b508a3b508a3b508a3b508a3b508a3b508a3b508a3b508a3b508a3b508a3b508a3b508a3b508a3c4e8a3c4e8a3c4e8a3c4e8a3c4e8a3c4e8a3c
4e8a3c4e8a3c4e8a3c4e8a3c4e8a3c4e8a3c4e8a3c4e8a3c4d8a3c4d8a3c4d8a3c4d8a3c4d8a3c4d8a3c4d8a3c4d8a3d4c893d4c893d4c893d4c893d4c893d4c
893d4c893d4c893d4c893d4c893d4c893d4c893d4c893d4c893d4b893d4b893d4b893d4b893d4b893d4b893d4b893d4b893d4a893d4a893d4a893d4a893d4a89
3d4a893d4a893e49893e49893e49893e49893e49893e49893e49893e48883e48883e48883e48883e48883e48883e48883f45873f45873f45873f45873f45873f
45873f45873f45874044874044874044874044874044874044874044874043874043874043874043874043874043874043874141864141864141864141864141
86414186414186414186424085424085424085424085424085424085424085423d84423d84423d84423d84423d84423d84423d84433c84433c84433c84433c84
433c84433c84433c84433c84433a83433a83433a83433a83433a83433a83433a83433c84433c84433c84433c84433c84433c84433c84423d84423d84423d8442
3d84423d84423d84423d84423d844240854240854240854240854240854240854240854141864141864141864141864141864141864141864043874043874043
874043874043874043874043874043874044874044874044874044874044874044874044873f45873f45873f45873f45873f45873f45873f45873e48883e4888
3e48883e48883e48883e48883e48883e49893e49893e49893e49893e49893e49893e49893e49893d4a893d4a893d4a893d4a893d4a893d4a893d4a893d4b893d
4b893d4b893d4b893d4b893d4b893d4b893d4c893d4c893d4c893d4c893d4c893d4c893d4c893d4c893d4c893d4c893d4c893d4c893d4c893d4c893d4c893c4d
8a3c4d8a3c4d8a3c4d8a3c4d8a3c4d8a3c4d8a3c4e8a3c4e8a3c4e8a3c4e8a3c4e8a3c4e8a3c4e8a3c4e8a3c4e8a3c4e8a3c4e8a3c4e8a3c4e8a3c4e8a3c4e8a
3b508a3b508a3b508a3b508a3b508a3b508a3b508a3b508a3b508a3b508a3b508a3b508a3b508a3b508a3b508a3b518a3b518a3b518a3b518a3b518a3b518a3b
518a3b518a3b518a3b518a3b518a3b518a3b518a3b518a3b518a3b518a3b518a3b518a3b518a3b518a3b518a3b518a3a528b3a528b3a528b3a528b3a528b3a52
8b3a528b3a528b3a528b3a528b3a528b3a528b3a528b3a528b3a528b3a528b3a528b3a528b3a528b3a528b3a528b3a528b3a528b3a528b3a528b3a528b3a528b
3a528b3a528b3a528b3a528b3a528b3a528b3a528b3a528b3a528b3a528b3a528b3a528b3a528b3a528b3a528b3a528b3a528b3a528b3a528b3a528b3a528b3a
528b3a528b3a528b3a528b3a528b3a528b3a528b3a528b3a528b3a528b3b518a3b518a3b518a3b518a3b518a3b518a3b518a3b518a3b518a3b518a3b518a3b51
8a3b518a3b518a3b518a3b518a3b518a3b518a3b518a3b518a3b518a3b518a3b508a3b508a3b508a3b508a3b508a3b508a3b508a3b508a3b508a3b508a3b508a
3b508a3b508a3b508a3b508a3c4e8a3c4e8a3c4e8a3c4e8a3c4e8a3c4e8a3c4e8a3c4e8a3c4e8a3c4e8a3c4e8a3c4e8a3c4e8a3c4e8a3c4d8a3c4d8a3c4d8a3c
4d8a3c4d8a3c4d8a3c4d8a3c4d8a3d4c893d4c893d4c893d4c893d4c893d4c893d4c893d4c893d4c893d4c893d4c893d4c893d4c893d4c893d4b893d4b893d4b
893d4b893d4b893d4b893d4b893d4b893d4a893d4a893d4a893d4a893d4a893d4a893d4a893e49893e49893e49893e49893e49893e49893e49893e48883e4888
3e48883e48883e48883e48883e48883f45873f45873f45873f45873f45873f45873f45873f458740448740448740448740448740448740448740448740438740
4387404387404387404387404387404387414186414186414186414186414186414186414186414186424085424085424085424085424085424085424085423d
84423d84423d84423d84423d84423d84423d84433c84433c84433c84433c84433c84433c84433c84433c84433a83433a83433a83433a83433a83433a83433a83
443781443781443781443781443781443781443781433a83433a83433a83433a83433a83433a83433a83433a83433b83433b83433b83433b83433b83433b8343
3b83423d84423d84423d84423d84423d84423d84423d84423e85423e85423e85423e85423e85423e85423e85423e854240854240854240854240854240854240
85424085414286414286414286414286414286414286414286404387404387404387404387404387404387404387404487404487404487404487404487404487
4044874044873f45873f45873f45873f45873f45873f45873f45873f47883f47883f47883f47883f47883f47883f47883f47883f47883f47883f47883f47883f
47883f47883f47883e48883e48883e48883e48883e48883e48883e48883e49893e49893e49893e49893e49893e49893e49893d4a893d4a893d4a893d4a893d4a
893d4a893d4a893d4a893d4a893d4a893d4a893d4a893d4a893d4a893d4a893d4b893d4b893d4b893d4b893d4b893d4b893d4b893d4b893d4b893d4b893d4b89
3d4b893d4b893d4b893d4b893d4c893d4c893d4c893d4c893d4c893d4c893d4c893d4c893d4c893d4c893d4c893d4c893d4c893d4c893d4c893d4c893d4c893d
4c893d4c893d4c893d4c893d4c893d4c893d4c893d4c893d4c893d4c893d4c893d4c893c4d8a3c4d8a3c4d8a3c4d8a3c4d8a3c4d8a3c4d8a3c4d8a3c4d8a3c4d
8a3c4d8a3c4d8a3c4d8a3c4d8a3c4d8a3c4d8a3c4d8a3c4d8a3c4d8a3c4d8a3c4d8a3c4d8a3c4d8a3c4d8a3c4d8a3c4d8a3c4d8a3c4d8a3c4d8a3c4d8a3c4d8a
3c4d8a3c4d8a3c4d8a3c4d8a3c4d8a3c4d8a3c4d8a3c4d8a3c4d8a3c4d8a3c4d8a3c4d8a3c4d8a3d4c893d4c893d4c893d4c893d4c893d4c893d4c893d4c893d
4c893d4c893d4c893d4c893d4c893d4c893d4c893d4c893d4c893d4c893d4c893d4c893d4c893d4c893d4c893d4c893d4c893d4c893d4c893d4c893d4c893d4b
893d4b893d4b893d4b893d4b893d4b893d4b893d4b893d4b893d4b893d4b893d4b893d4b893d4b893d4b893d4a893d4a893d4a893d4a893d4a893d4a893d4a89
3d4a893d4a893d4a893d4a893d4a893d4a893d4a893e49893e49893e49893e49893e49893e49893e49893e49893e48883e48883e48883e48883e48883e48883e
48883f47883f47883f47883f47883f47883f47883f47883f47883f47883f47883f47883f47883f47883f47883f47883f45873f45873f45873f45873f45873f45
873f4587404487404487404487404487404487404487404487404387404387404387404387404387404387404387414286414286414286414286414286414286
414286414286424085424085424085424085424085424085424085423e85423e85423e85423e85423e85423e85423e85423d84423d84423d84423d84423d8442
3d84423d84423d84433b83433b83433b83433b83433b83433b83433b83433a83433a83433a83433a83433a83433a83433a834437814437814437814437814437
81443781443781443781453580453580453580453580453580453580453580443781443781443781443781443781443781443781433a83433a83433a83433a83
433a83433a83433a83433a83433b83433b83433b83433b83433b83433b83433b83423d84423d84423d84423d84423d84423d84423d84423e85423e85423e8542
3e85423e85423e85423e85423e854240854240854240854240854240854240854240854142864142864142864142864142864142864142864043874043874043
874043874043874043874043874044874044874044874044874044874044874044874044873f45873f45873f45873f45873f45873f45873f45873f47883f4788
3f47883f47883f47883f47883f47883f47883f47883f47883f47883f47883f47883f47883f47883e48883e48883e48883e48883e48883e48883e48883e49893e
49893e49893e49893e49893e49893e49893d4a893d4a893d4a893d4a893d4a893d4a893d4a893d4a893d4a893d4a893d4a893d4a893d4a893d4a893d4a893d4b
893d4b893d4b893d4b893d4b893d4b893d4b893d4b893d4b893d4b893d4b893d4b893d4b893d4b893d4b893d4c893d4c893d4c893d4c893d4c893d4c893d4c89
3d4c893d4c893d4c893d4c893d4c893d4c893d4c893d4c893d4c893d4c893d4c893d4c893d4c893d4c893d4c893d4c893d4c893d4c893d4c893d4c893d4c893d
4c893c4d8a3c4d8a3c4d8a3c4d8a3c4d8a3c4d8a3c4d8a3c4d8a3c4d8a3c4d8a3c4d8a3c4d8a3c4d8a3c4d8a3c4d8a3c4d8a3c4d8a3c4d8a3c4d8a3c4d8a3c4d
8a3c4d8a3c4d8a3c4d8a3c4d8a3c4d8a3c4d8a3c4d8a3c4d8a3c4d8a3c4d8a3c4d8a3c4d8a3c4d8a3c4d8a3c4d8a3c4d8a3c4d8a3c4d8a3c4d8a3c4d8a3c4d8a
3c4d8a3c4d8a3d4c893d4c893d4c893d4c893d4c893d4c893d4c893d4c893d4c893d4c893d4c893d4c893d4c893d4c893d4c893d4c893d4c893d4c893d4c893d
4c893d4c893d4c893d4c893d4c893d4c893d4c893d4c893d4c893d4c893d4b893d4b893d4b893d4b893d4b893d4b893d4b893d4b893d4b893d4b893d4b893d4b
893d4b893d4b893d4b893d4a893d4a893d4a893d4a893d4a893d4a893d4a893d4a893d4a893d4a893d4a893d4a893d4a893d4a893e49893e49893e49893e4989
3e49893e49893e49893e49893e48883e48883e48883e48883e48883e48883e48883f47883f47883f47883f47883f47883f47883f47883f47883f47883f47883f
47883f47883f47883f47883f47883f45873f45873f45873f45873f45873f45873f45874044874044874044874044874044874044874044874043874043874043
87404387404387404387404387414286414286414286414286414286414286414286414286424085424085424085424085424085424085424085423e85423e85
423e85423e85423e85423e85423e85423d84423d84423d84423d84423d84423d84423d84423d84433b83433b83433b83433b83433b83433b83433b83433a8343
3a83433a83433a83433a83433a83433a834437814437814437814437814437814437814437814437814535804535804535804535804535804535804535804437
81443781443781443781443781443781443781433a83433a83433a83433a83433a83433a83433a83433a83433b83433b83433b83433b83433b83433b83433b83
423d84423d84423d84423d84423d84423d84423d84423e85423e85423e85423e85423e85423e85423e85423e8542408542408542408542408542408542408542
40854142864142864142864142864142864142864142864043874043874043874043874043874043874043874044874044874044874044874044874044874044
874044873f45873f45873f45873f45873f45873f45873f45873f47883f47883f47883f47883f47883f47883f47883f47883f47883f47883f47883f47883f4788
3f47883f47883e48883e48883e48883e48883e48883e48883e48883e49893e49893e49893e49893e49893e49893e49893d4a893d4a893d4a893d4a893d4a893d
4a893d4a893d4a893d4a893d4a893d4a893d4a893d4a893d4a893d4a893d4b893d4b893d4b893d4b893d4b893d4b893d4b893d4b893d4b893d4b893d4b893d4b
893d4b893d4b893d4b893d4c893d4c893d4c893d4c893d4c893d4c893d4c893d4c893d4c893d4c893d4c893d4c893d4c893d4c893d4c893d4c893d4c893d4c89
3d4c893d4c893d4c893d4c893d4c893d4c893d4c893d4c893d4c893d4c893d4c893c4d8a3c4d8a3c4d8a3c4d8a3c4d8a3c4d8a3c4d8a3c4d8a3c4d8a3c4d8a3c
4d8a3c4d8a3c4d8a3c4d8a3c4d8a3c4d8a3c4d8a3c4d8a3c4d8a3c4d8a3c4d8a3c4d8a3c4d8a3c4d8a3c4d8a3c4d8a3c4d8a3c4d8a3c4d8a3c4d8a3c4d8a3c4d
8a3c4d8a3c4d8a3c4d8a3c4d8a3c4d8a3c4d8a3c4d8a3c4d8a3c4d8a3c4d8a3c4d8a3c4d8a3d4c893d4c893d4c893d4c893d4c893d4c893d4c893d4c893d4c89
3d4c893d4c893d4c893d4c893d4c893d4c893d4c893d4c893d4c893d4c893d4c893d4c893d4c893d4c893d4c893d4c893d4c893d4c893d4c893d4c893d4b893d
4b893d4b893d4b893d4b893d4b893d4b893d4b893d4b893d4b893d4b893d4b893d4b893d4b893d4b893d4a893d4a893d4a893d4a893d4a893d4a893d4a893d4a
893d4a893d4a893d4a893d4a893d4a893d4a893e49893e49893e49893e49893e49893e49893e49893e49893e48883e48883e48883e48883e48883e48883e4888
3f47883f47883f47883f47883f47883f47883f47883f47883f47883f47883f47883f47883f47883f47883f47883f45873f45873f45873f45873f45873f45873f
45874044874044874044874044874044874044874044874043874043874043874043874043874043874043874142864142864142864142864142864142864142
86414286424085424085424085424085424085424085424085423e85423e85423e85423e85423e85423e85423e85423d84423d84423d84423d84423d84423d84
423d84423d84433b83433b83433b83433b83433b83433b83433b83433a83433a83433a83433a83433a83433a83433a8344378144378144378144378144378144
3781443781443781453580453580453580453580453580453580453580443781443781443781443781443781443781443781433a83433a83433a83433a83433a
83433a83433a83433a83433b83433b83433b83433b83433b83433b83433b83423d84423d84423d84423d84423d84423d84423d84423e85423e85423e85423e85
423e85423e85423e85423e8542408542408542408542408542408542408542408541428641428641428641428641428641428641428640438740438740438740
43874043874043874043874044874044874044874044874044874044874044874044873f45873f45873f45873f45873f45873f45873f45873f47883f47883f47
883f47883f47883f47883f47883f47883f47883f47883f47883f47883f47883f47883f47883e48883e48883e48883e48883e48883e48883e48883e49893e4989
3e49893e49893e49893e49893e49893d4a893d4a893d4a893d4a893d4a893d4a893d4a893d4a893d4a893d4a893d4a893d4a893d4a893d4a893d4a893d4b893d
4b893d4b893d4b893d4b893d4b893d4b893d4b893d4b893d4b893d4b893d4b893d4b893d4b893d4b893d4c893d4c893d4c893d4c893d4c893d4c893d4c893d4c
893d4c893d4c893d4c893d4c893d4c893d4c893d4c893d4c893d4c893d4c893d4c893d4c893d4c893d4c893d4c893d4c893d4c893d4c893d4c893d4c893d4c89
3c4d8a3c4d8a3c4d8a3c4d8a3c4d8a3c4d8a3c4d8a3c4d8a3c4d8a3c4d8a3c4d8a3c4d8a3c4d8a3c4d8a3c4d8a3c4d8a3c4d8a3c4d8a3c4d8a3c4d8a3c4d8a3c
4d8a3c4d8a3c4d8a3c4d8a3c4d8a3c4d8a3c4d8a3c4d8a3c4d8a3c4d8a3c4d8a3c4d8a3c4d8a3c4d8a3c4d8a3c4d8a3c4d8a3c4d8a3c4d8a3c4d8a3c4d8a3c4d
8a3c4d8a3d4c893d4c893d4c893d4c893d4c893d4c893d4c893d4c893d4c893d4c893d4c893d4c893d4c893d4c893d4c893d4c893d4c893d4c893d4c893d4c89
3d4c893d4c893d4c893d4c893d4c893d4c893d4c893d4c893d4c893d4b893d4b893d4b893d4b893d4b893d4b893d4b893d4b893d4b893d4b893d4b893d4b893d
4b893d4b893d4b893d4a893d4a893d4a893d4a893d4a893d4a893d4a893d4a893d4a893d4a893d4a893d4a893d4a893d4a893e49893e49893e49893e49893e49
893e49893e49893e49893e48883e48883e48883e48883e48883e48883e48883f47883f47883f47883f47883f47883f47883f47883f47883f47883f47883f4788
3f47883f47883f47883f47883f45873f45873f45873f45873f45873f45873f458740448740448740448740448740448740448740448740438740438740438740
4387404387404387404387414286414286414286414286414286414286414286414286424085424085424085424085424085424085424085423e85423e85423e
85423e85423e85423e85423e85423d84423d84423d84423d84423d84423d84423d84423d84433b83433b83433b83433b83433b83433b83433b83433a83433a83
433a83433a83433a83433a83433a8344378144378144378144378144378144378144378144378145358045358045358045358045358045358045358044378144
3781443781443781443781443781443781433a83433a83433a83433a83433a83433a83433a83433a83433b83433b83433b83433b83433b83433b83433b83423d
84423d84423d84423d84423d84423d84423d84423e85423e85423e85423e85423e85423e85423e85423e85424085424085424085424085424085424085424085
41428641428641428641428641428641428641428640438740438740438740438740438740438740438740448740448740448740448740448740448740448740
44873f45873f45873f45873f45873f45873f45873f45873f47883f47883f47883f47883f47883f47883f47883f47883f47883f47883f47883f47883f47883f47
883f47883e48883e48883e48883e48883e48883e48883e48883e49893e49893e49893e49893e49893e49893e49893d4a893d4a893d4a893d4a893d4a893d4a89
3d4a893d4a893d4a893d4a893d4a893d4a893d4a893d4a893d4a893d4b893d4b893d4b893d4b893d4b893d4b893d4b893d4b893d4b893d4b893d4b893d4b893d
4b893d4b893d4b893d4c893d4c893d4c893d4c893d4c893d4c893d4c893d4c893d4c893d4c893d4c893d4c893d4c893d4c893d4c893d4c893d4c893d4c893d4c
893d4c893d4c893d4c893d4c893d4c893d4c893d4c893d4c893d4c893d4c893c4d8a3c4d8a3c4d8a3c4d8a3c4d8a3c4d8a3c4d8a3c4d8a3c4d8a3c4d8a3c4d8a
3c4d8a3c4d8a3c4d8a3c4d8a3c4d8a3c4d8a3c4d8a3c4d8a3c4d8a3c4d8a3c4d8a3c4d8a3c4d8a3c4d8a3c4d8a3c4d8a3c4d8a3c4d8a3c4d8a3c4d8a3c4d8a3c
4d8a3c4d8a3c4d8a3c4d8a3c4d8a3c4d8a3c4d8a3c4d8a3c4d8a3c4d8a3c4d8a3c4d8a3d4c893d4c893d4c893d4c893d4c893d4c893d4c893d4c893d4c893d4c
893d4c893d4c893d4c893d4c893d4c893d4c893d4c893d4c893d4c893d4c893d4c893d4c893d4c893d4c893d4c893d4c893d4c893d4c893d4c893d4b893d4b89
3d4b893d4b893d4b893d4b893d4b893d4b893d4b893d4b893d4b893d4b893d4b893d4b893d4b893d4a893d4a893d4a893d4a893d4a893d4a893d4a893d4a893d
4a893d4a893d4a893d4a893d4a893d4a893e49893e49893e49893e49893e49893e49893e49893e49893e48883e48883e48883e48883e48883e48883e48883f47
883f47883f47883f47883f47883f47883f47883f47883f47883f47883f47883f47883f47883f47883f47883f45873f45873f45873f45873f45873f45873f4587
40448740448740448740448740448740448740448740438740438740438740438740438740438740438741428641428641428641428641428641428641428641
4286424085424085424085424085424085424085424085423e85423e85423e85423e85423e85423e85423e85423d84423d84423d84423d84423d84423d84423d
84423d84433b83433b83433b83433b83433b83433b83433b83433a83433a83433a83433a83433a83433a83433a83443781443781443781443781443781443781
443781443781453580453580453580453580453580453580453580443781443781443781443781443781443781443781433a83433a83433a83433a83433a8343
3a83433a83433a83433b83433b83433b83433b83433b83433b83433b83423d84423d84423d84423d84423d84423d84423d84423e85423e85423e85423e85423e
85423e85423e85423e85424085424085424085424085424085424085424085414286414286414286414286414286414286414286404387404387404387404387
4043874043874043874044874044874044874044874044874044874044874044873f45873f45873f45873f45873f45873f45873f45873f47883f47883f47883f
47883f47883f47883f47883f47883f47883f47883f47883f47883f47883f47883f47883e48883e48883e48883e48883e48883e48883e48883e49893e49893e49
893e49893e49893e49893e49893d4a893d4a893d4a893d4a893d4a893d4a893d4a893d4a893d4a893d4a893d4a893d4a893d4a893d4a893d4a893d4b893d4b89
3d4b893d4b893d4b893d4b893d4b893d4b893d4b893d4b893d4b893d4b893d4b893d4b893d4b893d4c893d4c893d4c893d4c893d4c893d4c893d4c893d4c893d
4c893d4c893d4c893d4c893d4c893d4c893d4c893d4c893d4c893d4c893d4c893d4c893d4c893d4c893d4c893d4c893d4c893d4c893d4c893d4c893d4c893c4d
8a3c4d8a3c4d8a3c4d8a3c4d8a3c4d8a3c4d8a3c4d8a3c4d8a3c4d8a3c4d8a3c4d8a3c4d8a3c4d8a3c4d8a3c4d8a3c4d8a3c4d8a3c4d8a3c4d8a3c4d8a3c4d8a
3c4d8a3c4d8a3c4d8a3c4d8a3c4d8a3c4d8a3c4d8a3c4d8a3c4d8a3c4d8a3c4d8a3c4d8a3c4d8a3c4d8a3c4d8a3c4d8a3c4d8a3c4d8a3c4d8a3c4d8a3c4d8a3c
4d8a3d4c893d4c893d4c893d4c893d4c893d4c893d4c893d4c893d4c893d4c893d4c893d4c893d4c893d4c893d4c893d4c893d4c893d4c893d4c893d4c893d4c
893d4c893d4c893d4c893d4c893d4c893d4c893d4c893d4c893d4b893d4b893d4b893d4b893d4b893d4b893d4b893d4b893d4b893d4b893d4b893d4b893d4b89
3d4b893d4b893d4a893d4a893d4a893d4a893d4a893d4a893d4a893d4a893d4a893d4a893d4a893d4a893d4a893d4a893e49893e49893e49893e49893e49893e
49893e49893e49893e48883e48883e48883e48883e48883e48883e48883f47883f47883f47883f47883f47883f47883f47883f47883f47883f47883f47883f47
883f47883f47883f47883f45873f45873f45873f45873f45873f45873f4587404487404487404487404487404487404487404487404387404387404387404387
404387404387404387414286414286414286414286414286414286414286414286424085424085424085424085424085424085424085423e85423e85423e8542
3e85423e85423e85423e85423d84423d84423d84423d84423d84423d84423d84423d84433b83433b83433b83433b83433b83433b83433b83433a83433a83433a
83433a83433a83433a83433a83443781443781443781443781443781443781443781443781453580453580453580453580453580453580453580443781443781
443781443781443781443781443781433a83433a83433a83433a83433a83433a83433a83433a83433b83433b83433b83433b83433b83433b83433b83423d8442
3d84423d84423d84423d84423d84423d84423e85423e85423e85423e85423e85423e85423e85423e854240854240854240854240854240854240854240854142
86414286414286414286414286414286414286404387404387404387404387404387404387404387404487404487404487404487404487404487404487404487
3f45873f45873f45873f45873f45873f45873f45873f47883f47883f47883f47883f47883f47883f47883f47883f47883f47883f47883f47883f47883f47883f
47883e48883e48883e48883e48883e48883e48883e48883e49893e49893e49893e49893e49893e49893e49893d4a893d4a893d4a893d4a893d4a893d4a893d4a
893d4a893d4a893d4a893d4a893d4a893d4a893d4a893d4a893d4b893d4b893d4b893d4b893d4b893d4b893d4b893d4b893d4b893d4b893d4b893d4b893d4b89
3d4b893d4b893d4c893d4c893d4c893d4c893d4c893d4c893d4c893d4c893d4c893d4c893d4c893d4c893d4c893d4c893d4c893d4c893d4c893d4c893d4c893d
4c893d4c893d4c893d4c893d4c893d4c893d4c893d4c893d4c893d4c893c4d8a3c4d8a3c4d8a3c4d8a3c4d8a3c4d8a3c4d8a3c4d8a3c4d8a3c4d8a3c4d8a3c4d
8a3c4d8a3c4d8a3c4d8a3c4d8a3c4d8a3c4d8a3c4d8a3c4d8a3c4d8a3c4d8a3c4d8a3c4d8a3c4d8a3c4d8a3c4d8a3c4d8a3c4d8a3c4d8a3c4d8a3c4d8a3c4d8a
3c4d8a3c4d8a3c4d8a3c4d8a3c4d8a3c4d8a3c4d8a3c4d8a3c4d8a3c4d8a3c4d8a3d4c893d4c893d4c893d4c893d4c893d4c893d4c893d4c893d4c893d4c893d
4c893d4c893d4c893d4c893d4c893d4c893d4c893d4c893d4c893d4c893d4c893d4c893d4c893d4c893d4c893d4c893d4c893d4c893d4c893d4b893d4b893d4b
893d4b893d4b893d4b893d4b893d4b893d4b893d4b893d4b893d4b893d4b893d4b893d4b893d4a893d4a893d4a893d4a893d4a893d4a893d4a893d4a893d4a89
3d4a893d4a893d4a893d4a893d4a893e49893e49893e49893e49893e49893e49893e49893e49893e48883e48883e48883e48883e48883e48883e48883f47883f
47883f47883f47883f47883f47883f47883f47883f47883f47883f47883f47883f47883f47883f47883f45873f45873f45873f45873f45873f45873f45874044
87404487404487404487404487404487404487404387404387404387404387404387404387404387414286414286414286414286414286414286414286414286
424085424085424085424085424085424085424085423e85423e85423e85423e85423e85423e85423e85423d84423d84423d84423d84423d84423d84423d8442
3d84433b83433b83433b83433b83433b83433b83433b83433a83433a83433a83433a83433a83433a83433a834437814437814437814437814437814437814437
8144378145358045358045358045358045358045358045358045327f45327f45327f45327f45327f45327f45327f453580453580453580453580453580453580
453580453580443781443781443781443781443781443781443781443982443982443982443982443982443982443982433a83433a83433a83433a83433a8343
3a83433a83433a83433c84433c84433c84433c84433c84433c84433c84423d84423d84423d84423d84423d84423d84423d84423e85423e85423e85423e85423e
85423e85423e85424085424085424085424085424085424085424085424085414186414186414186414186414186414186414186414286414286414286414286
41428641428641428641428641428641428641428641428641428641428641428640438740438740438740438740438740438740438740448740448740448740
44874044874044874044874044874044874044874044874044874044874044874044873f45873f45873f45873f45873f45873f45873f45873f45873f45873f45
873f45873f45873f45873f45873f47883f47883f47883f47883f47883f47883f47883f47883f47883f47883f47883f47883f47883f47883f47883e48883e4888
3e48883e48883e48883e48883e48883e48883e48883e48883e48883e48883e48883e48883e48883e48883e48883e48883e48883e48883e48883e48883e48883e
48883e48883e48883e48883e48883e48883e48883e48883e48883e48883e48883e48883e48883e48883e48883e48883e48883e48883e48883e48883e48883e48
883e48883e48883e48883e48883e48883e48883e48883e48883e48883e48883e48883e48883e48883e48883e48883e48883e48883e48883e48883e48883e4888
3e48883e48883e48883e48883e48883e48883e48883e48883e48883e48883e48883e48883e48883e48883e48883e48883e48883e48883e48883e48883e48883e
48883f47883f47883f47883f47883f47883f47883f47883f47883f47883f47883f47883f47883f47883f47883f45873f45873f45873f45873f45873f45873f45
873f45873f45873f45873f45873f45873f45873f45873f4587404487404487404487404487404487404487404487404487404487404487404487404487404487
40448740448740438740438740438740438740438740438740438741428641428641428641428641428641428641428641428641428641428641428641428641
4286414286414286414186414186414186414186414186414186414186424085424085424085424085424085424085424085423e85423e85423e85423e85423e
85423e85423e85423d84423d84423d84423d84423d84423d84423d84423d84433c84433c84433c84433c84433c84433c84433c84433a83433a83433a83433a83
433a83433a83433a8344398244398244398244398244398244398244398244398244378144378144378144378144378144378144378145358045358045358045
358045358045358045358045327f45327f45327f45327f45327f45327f45327f45327f46317e46317e46317e46317e46317e46317e46317e45327f45327f4532
7f45327f45327f45327f45327f453580453580453580453580453580453580453580453580443781443781443781443781443781443781443781443982443982
443982443982443982443982443982433a83433a83433a83433a83433a83433a83433a83433a83433c84433c84433c84433c84433c84433c84433c84423d8442
3d84423d84423d84423d84423d84423d84423e85423e85423e85423e85423e85423e85423e854240854240854240854240854240854240854240854240854141
86414186414186414186414186414186414186414286414286414286414286414286414286414286414286414286414286414286414286414286414286414286
40438740438740438740438740438740438740438740448740448740448740448740448740448740448740448740448740448740448740448740448740448740
44873f45873f45873f45873f45873f45873f45873f45873f45873f45873f45873f45873f45873f45873f45873f47883f47883f47883f47883f47883f47883f47
883f47883f47883f47883f47883f47883f47883f47883f47883e48883e48883e48883e48883e48883e48883e48883e48883e48883e48883e48883e48883e4888
3e48883e48883e48883e48883e48883e48883e48883e48883e48883e48883e48883e48883e48883e48883e48883e48883e48883e48883e48883e48883e48883e
48883e48883e48883e48883e48883e48883e48883e48883e48883e48883e48883e48883e48883e48883e48883e48883e48883e48883e48883e48883e48883e48
883e48883e48883e48883e48883e48883e48883e48883e48883e48883e48883e48883e48883e48883e48883e48883e48883e48883e48883e48883e48883e4888
3e48883e48883e48883e48883e48883e48883e48883e48883e48883e48883e48883f47883f47883f47883f47883f47883f47883f47883f47883f47883f47883f
47883f47883f47883f47883f45873f45873f45873f45873f45873f45873f45873f45873f45873f45873f45873f45873f45873f45873f45874044874044874044
87404487404487404487404487404487404487404487404487404487404487404487404487404387404387404387404387404387404387404387414286414286
41428641428641428641428641428641428641428641428641428641428641428641428641428641418641418641418641418641418641418641418642408542
4085424085424085424085424085424085423e85423e85423e85423e85423e85423e85423e85423d84423d84423d84423d84423d84423d84423d84423d84433c
84433c84433c84433c84433c84433c84433c84433a83433a83433a83433a83433a83433a83433a83443982443982443982443982443982443982443982443982
44378144378144378144378144378144378144378145358045358045358045358045358045358045358045327f45327f45327f45327f45327f45327f45327f45
327f46317e46317e46317e46317e46317e46317e46317e45327f45327f45327f45327f45327f45327f45327f4535804535804535804535804535804535804535
80453580443781443781443781443781443781443781443781443982443982443982443982443982443982443982433a83433a83433a83433a83433a83433a83
433a83433a83433c84433c84433c84433c84433c84433c84433c84423d84423d84423d84423d84423d84423d84423d84423e85423e85423e85423e85423e8542
3e85423e854240854240854240854240854240854240854240854240854141864141864141864141864141864141864141864142864142864142864142864142
86414286414286414286414286414286414286414286414286414286414286404387404387404387404387404387404387404387404487404487404487404487
4044874044874044874044874044874044874044874044874044874044874044873f45873f45873f45873f45873f45873f45873f45873f45873f45873f45873f
45873f45873f45873f45873f47883f47883f47883f47883f47883f47883f47883f47883f47883f47883f47883f47883f47883f47883f47883e48883e48883e48
883e48883e48883e48883e48883e48883e48883e48883e48883e48883e48883e48883e48883e48883e48883e48883e48883e48883e48883e48883e48883e4888
3e48883e48883e48883e48883e48883e48883e48883e48883e48883e48883e48883e48883e48883e48883e48883e48883e48883e48883e48883e48883e48883e
48883e48883e48883e48883e48883e48883e48883e48883e48883e48883e48883e48883e48883e48883e48883e48883e48883e48883e48883e48883e48883e48
883e48883e48883e48883e48883e48883e48883e48883e48883e48883e48883e48883e48883e48883e48883e48883e48883e48883e48883e48883e48883e4888
3f47883f47883f47883f47883f47883f47883f47883f47883f47883f47883f47883f47883f47883f47883f45873f45873f45873f45873f45873f45873f45873f
45873f45873f45873f45873f45873f45873f45873f45874044874044874044874044874044874044874044874044874044874044874044874044874044874044
87404487404387404387404387404387404387404387404387414286414286414286414286414286414286414286414286414286414286414286414286414286
414286414286414186414186414186414186414186414186414186424085424085424085424085424085424085424085423e85423e85423e85423e85423e8542
3e85423e85423d84423d84423d84423d84423d84423d84423d84423d84433c84433c84433c84433c84433c84433c84433c84433a83433a83433a83433a83433a
83433a83433a83443982443982443982443982443982443982443982443982443781443781443781443781443781443781443781453580453580453580453580
45358045358045358045327f45327f45327f45327f45327f45327f45327f45327f46317e46317e46317e46317e46317e46317e46317e45327f45327f45327f45
327f45327f45327f45327f4535804535804535804535804535804535804535804535804437814437814437814437814437814437814437814439824439824439
82443982443982443982443982433a83433a83433a83433a83433a83433a83433a83433a83433c84433c84433c84433c84433c84433c84433c84423d84423d84
423d84423d84423d84423d84423d84423e85423e85423e85423e85423e85423e85423e8542408542408542408542408542408542408542408542408541418641
41864141864141864141864141864141864142864142864142864142864142864142864142864142864142864142864142864142864142864142864142864043
87404387404387404387404387404387404387404487404487404487404487404487404487404487404487404487404487404487404487404487404487404487
3f45873f45873f45873f45873f45873f45873f45873f45873f45873f45873f45873f45873f45873f45873f47883f47883f47883f47883f47883f47883f47883f
47883f47883f47883f47883f47883f47883f47883f47883e48883e48883e48883e48883e48883e48883e48883e48883e48883e48883e48883e48883e48883e48
883e48883e48883e48883e48883e48883e48883e48883e48883e48883e48883e48883e48883e48883e48883e48883e48883e48883e48883e48883e48883e4888
3e48883e48883e48883e48883e48883e48883e48883e48883e48883e48883e48883e48883e48883e48883e48883e48883e48883e48883e48883e48883e48883e
48883e48883e48883e48883e48883e48883e48883e48883e48883e48883e48883e48883e48883e48883e48883e48883e48883e48883e48883e48883e48883e48
883e48883e48883e48883e48883e48883e48883e48883e48883e48883e48883f47883f47883f47883f47883f47883f47883f47883f47883f47883f47883f4788
3f47883f47883f47883f45873f45873f45873f45873f45873f45873f45873f45873f45873f45873f45873f45873f45873f45873f458740448740448740448740
44874044874044874044874044874044874044874044874044874044874044874044874043874043874043874043874043874043874043874142864142864142
86414286414286414286414286414286414286414286414286414286414286414286414286414186414186414186414186414186414186414186424085424085
424085424085424085424085424085423e85423e85423e85423e85423e85423e85423e85423d84423d84423d84423d84423d84423d84423d84423d84433c8443
3c84433c84433c84433c84433c84433c84433a83433a83433a83433a83433a83433a83433a834439824439824439824439824439824439824439824439824437
8144378144378144378144378144378144378145358045358045358045358045358045358045358045327f45327f45327f45327f45327f45327f45327f45327f
46317e46317e46317e46317e46317e46317e46317e45327f45327f45327f45327f45327f45327f45327f45358045358045358045358045358045358045358045
3580443781443781443781443781443781443781443781443982443982443982443982443982443982443982433a83433a83433a83433a83433a83433a83433a
83433a83433c84433c84433c84433c84433c84433c84433c84423d84423d84423d84423d84423d84423d84423d84423e85423e85423e85423e85423e85423e85
423e8542408542408542408542408542408542408542408542408541418641418641418641418641418641418641418641428641428641428641428641428641
42864142864142864142864142864142864142864142864142864142864043874043874043874043874043874043874043874044874044874044874044874044
874044874044874044874044874044874044874044874044874044874044873f45873f45873f45873f45873f45873f45873f45873f45873f45873f45873f4587
3f45873f45873f45873f47883f47883f47883f47883f47883f47883f47883f47883f47883f47883f47883f47883f47883f47883f47883e48883e48883e48883e
48883e48883e48883e48883e48883e48883e48883e48883e48883e48883e48883e48883e48883e48883e48883e48883e48883e48883e48883e48883e48883e48
883e48883e48883e48883e48883e48883e48883e48883e48883e48883e48883e48883e48883e48883e48883e48883e48883e48883e48883e48883e48883e4888
3e48883e48883e48883e48883e48883e48883e48883e48883e48883e48883e48883e48883e48883e48883e48883e48883e48883e48883e48883e48883e48883e
48883e48883e48883e48883e48883e48883e48883e48883e48883e48883e48883e48883e48883e48883e48883e48883e48883e48883e48883e48883e48883f47
883f47883f47883f47883f47883f47883f47883f47883f47883f47883f47883f47883f47883f47883f45873f45873f45873f45873f45873f45873f45873f4587
3f45873f45873f45873f45873f45873f45873f458740448740448740448740448740448740448740448740448740448740448740448740448740448740448740
44874043874043874043874043874043874043874043874142864142864142864142864142864142864142864142864142864142864142864142864142864142
86414286414186414186414186414186414186414186414186424085424085424085424085424085424085424085423e85423e85423e85423e85423e85423e85
423e85423d84423d84423d84423d84423d84423d84423d84423d84433c84433c84433c84433c84433c84433c84433c84433a83433a83433a83433a83433a8343
3a83433a834439824439824439824439824439824439824439824439824437814437814437814437814437814437814437814535804535804535804535804535
8045358045358045327f45327f45327f45327f45327f45327f45327f45327f46317e46317e46317e46317e46317e46317e46317e45327f45327f45327f45327f
45327f45327f45327f45358045358045358045358045358045358045358045358044378144378144378144378144378144378144378144398244398244398244
3982443982443982443982433a83433a83433a83433a83433a83433a83433a83433a83433c84433c84433c84433c84433c84433c84433c84423d84423d84423d
84423d84423d84423d84423d84423e85423e85423e85423e85423e85423e85423e85424085424085424085424085424085424085424085424085414186414186
41418641418641418641418641418641428641428641428641428641428641428641428641428641428641428641428641428641428641428641428640438740
43874043874043874043874043874043874044874044874044874044874044874044874044874044874044874044874044874044874044874044874044873f45
873f45873f45873f45873f45873f45873f45873f45873f45873f45873f45873f45873f45873f45873f47883f47883f47883f47883f47883f47883f47883f4788
3f47883f47883f47883f47883f47883f47883f47883e48883e48883e48883e48883e48883e48883e48883e48883e48883e48883e48883e48883e48883e48883e
48883e48883e48883e48883e48883e48883e48883e48883e48883e48883e48883e48883e48883e48883e48883e48883e48883e48883e48883e48883e48883e48
883e48883e48883e48883e48883e48883e48883e48883e48883e48883e48883e48883e48883e48883e48883e48883e48883e48883e48883e48883e48883e4888
3e48883e48883e48883e48883e48883e48883e48883e48883e48883e48883e48883e48883e48883e48883e48883e48883e48883e48883e48883e48883e48883e
48883e48883e48883e48883e48883e48883e48883e48883e48883e48883f47883f47883f47883f47883f47883f47883f47883f47883f47883f47883f47883f47
883f47883f47883f45873f45873f45873f45873f45873f45873f45873f45873f45873f45873f45873f45873f45873f45873f4587404487404487404487404487
40448740448740448740448740448740448740448740448740448740448740448740438740438740438740438740438740438740438741428641428641428641
42864142864142864142864142864142864142864142864142864142864142864142864141864141864141864141864141864141864141864240854240854240
85424085424085424085424085423e85423e85423e85423e85423e85423e85423e85423d84423d84423d84423d84423d84423d84423d84423d84433c84433c84
433c84433c84433c84433c84433c84433a83433a83433a83433a83433a83433a83433a8344398244398244398244398244398244398244398244398244378144
378144378144378144378144378144378145358045358045358045358045358045358045358045327f45327f45327f45327f45327f45327f45327f45327f4631
7e46317e46317e46317e46317e46317e46317e45327f45327f45327f45327f45327f45327f45327f453580453580453580453580453580453580453580453580
443781443781443781443781443781443781443781443982443982443982443982443982443982443982433a83433a83433a83433a83433a83433a83433a8343
3a83433c84433c84433c84433c84433c84433c84433c84423d84423d84423d84423d84423d84423d84423d84423e85423e85423e85423e85423e85423e85423e
85424085424085424085424085424085424085424085424085414186414186414186414186414186414186414186414286414286414286414286414286414286
41428641428641428641428641428641428641428641428641428640438740438740438740438740438740438740438740448740448740448740448740448740
44874044874044874044874044874044874044874044874044874044873f45873f45873f45873f45873f45873f45873f45873f45873f45873f45873f45873f45
873f45873f45873f47883f47883f47883f47883f47883f47883f47883f47883f47883f47883f47883f47883f47883f47883f47883e48883e48883e48883e4888
3e48883e48883e48883e48883e48883e48883e48883e48883e48883e48883e48883e48883e48883e48883e48883e48883e48883e48883e48883e48883e48883e
48883e48883e48883e48883e48883e48883e48883e48883e48883e48883e48883e48883e48883e48883e48883e48883e48883e48883e48883e48883e48883e48
883e48883e48883e48883e48883e48883e48883e48883e48883e48883e48883e48883e48883e48883e48883e48883e48883e48883e48883e48883e48883e4888
3e48883e48883e48883e48883e48883e48883e48883e48883e48883e48883e48883e48883e48883e48883e48883e48883e48883e48883e48883e48883f47883f
47883f47883f47883f47883f47883f47883f47883f47883f47883f47883f47883f47883f47883f45873f45873f45873f45873f45873f45873f45873f45873f45
873f45873f45873f45873f45873f45873f4587404487404487404487404487404487404487404487404487404487404487404487404487404487404487404487
40438740438740438740438740438740438740438741428641428641428641428641428641428641428641428641428641428641428641428641428641428641
4286414186414186414186414186414186414186414186424085424085424085424085424085424085424085423e85423e85423e85423e85423e85423e85423e
85423d84423d84423d84423d84423d84423d84423d84423d84433c84433c84433c84433c84433c84433c84433c84433a83433a83433a83433a83433a83433a83
433a8344398244398244398244398244398244398244398244398244378144378144378144378144378144378144378145358045358045358045358045358045
358045358045327f45327f45327f45327f45327f45327f45327f45327f46317e46317e46317e46317e46317e46317e46317e45327f45327f45327f45327f4532
7f45327f45327f453580453580453580453580453580453580453580453580443781443781443781443781443781443781443781443982443982443982443982
443982443982443982433a83433a83433a83433a83433a83433a83433a83433a83433c84433c84433c84433c84433c84433c84433c84423d84423d84423d8442
3d84423d84423d84423d84423e85423e85423e85423e85423e85423e85423e854240854240854240854240854240854240854240854240854141864141864141
86414186414186414186414186414286414286414286414286414286414286414286414286414286414286414286414286414286414286414286404387404387
4043874043874043874043874043874044874044874044874044874044874044874044874044874044874044874044874044874044874044874044873f45873f
45873f45873f45873f45873f45873f45873f45873f45873f45873f45873f45873f45873f45873f47883f47883f47883f47883f47883f47883f47883f47883f47
883f47883f47883f47883f47883f47883f47883e48883e48883e48883e48883e48883e48883e48883e48883e48883e48883e48883e48883e48883e48883e4888
3e48883e48883e48883e48883e48883e48883e48883e48883e48883e48883e48883e48883e48883e48883e48883e48883e48883e48883e48883e48883e48883e
48883e48883e48883e48883e48883e48883e48883e48883e48883e48883e48883e48883e48883e48883e48883e48883e48883e48883e48883e48883e48883e48
883e48883e48883e48883e48883e48883e48883e48883e48883e48883e48883e48883e48883e48883e48883e48883e48883e48883e48883e48883e48883e4888
3e48883e48883e48883e48883e48883e48883e48883e48883e48883f47883f47883f47883f47883f47883f47883f47883f47883f47883f47883f47883f47883f
47883f47883f45873f45873f45873f45873f45873f45873f45873f45873f45873f45873f45873f45873f45873f45873f45874044874044874044874044874044
87404487404487404487404487404487404487404487404487404487404487404387404387404387404387404387404387404387414286414286414286414286
41428641428641428641428641428641428641428641428641428641428641428641418641418641418641418641418641418641418642408542408542408542
4085424085424085424085423e85423e85423e85423e85423e85423e85423e85423d84423d84423d84423d84423d84423d84423d84423d84433c84433c84433c
84433c84433c84433c84433c84433a83433a83433a83433a83433a83433a83433a83443982443982443982443982443982443982443982443982443781443781
44378144378144378144378144378145358045358045358045358045358045358045358045327f45327f45327f45327f45327f45327f45327f45327f46317e46
317e46317e46317e46317e46317e46317e462f7c462f7c462f7c462f7c462f7c462f7c462f7c46317e46317e46317e46317e46317e46317e46317e46317e4532
7f45327f45327f45327f45327f45327f45327f45347f45347f45347f45347f45347f45347f45347f453681453681453681453681453681453681453681453681
443781443781443781443781443781443781443781443982443982443982443982443982443982443982433a83433a83433a83433a83433a83433a83433a8343
3b83433b83433b83433b83433b83433b83433b83433b83433c84433c84433c84433c84433c84433c84433c84423d84423d84423d84423d84423d84423d84423d
84423d84423d84423d84423d84423d84423d84423d84423d84423e85423e85423e85423e85423e85423e85423e85424085424085424085424085424085424085
42408542408542408542408542408542408542408542408542408541418641418641418641418641418641418641418641418641418641418641418641418641
41864141864142864142864142864142864142864142864142864142864142864142864142864142864142864142864142864142864142864142864142864142
86414286414286404387404387404387404387404387404387404387404387404387404387404387404387404387404387404387404387404387404387404387
40438740438740438740438740438740438740438740438740438740438740438740438740438740438740438740438740438740438740438740438740438740
43874043874043874043874043874043874043874043874043874043874043874043874043874043874043874043874043874043874043874043874043874043
87404387404387404387404387404387404387404387404387404387404387404387414286414286414286414286414286414286414286414286414286414286
41428641428641428641428641428641428641428641428641428641428641428641428641418641418641418641418641418641418641418641418641418641
4186414186414186414186414186414186424085424085424085424085424085424085424085424085424085424085424085424085424085424085424085423e
85423e85423e85423e85423e85423e85423e85423d84423d84423d84423d84423d84423d84423d84423d84423d84423d84423d84423d84423d84423d84423d84
433c84433c84433c84433c84433c84433c84433c84433b83433b83433b83433b83433b83433b83433b83433a83433a83433a83433a83433a83433a83433a8344
39824439824439824439824439824439824439824439824437814437814437814437814437814437814437814536814536814536814536814536814536814536
8145347f45347f45347f45347f45347f45347f45347f45347f45327f45327f45327f45327f45327f45327f45327f46317e46317e46317e46317e46317e46317e
46317e462f7c462f7c462f7c462f7c462f7c462f7c462f7c462f7c472c7b472c7b472c7b472c7b472c7b472c7b472c7b462f7c462f7c462f7c462f7c462f7c46
2f7c462f7c46317e46317e46317e46317e46317e46317e46317e46317e45327f45327f45327f45327f45327f45327f45327f45347f45347f45347f45347f4534
7f45347f45347f453681453681453681453681453681453681453681453681443781443781443781443781443781443781443781443982443982443982443982
443982443982443982433a83433a83433a83433a83433a83433a83433a83433b83433b83433b83433b83433b83433b83433b83433b83433c84433c84433c8443
3c84433c84433c84433c84423d84423d84423d84423d84423d84423d84423d84423d84423d84423d84423d84423d84423d84423d84423d84423e85423e85423e
85423e85423e85423e85423e85424085424085424085424085424085424085424085424085424085424085424085424085424085424085424085414186414186
41418641418641418641418641418641418641418641418641418641418641418641418641428641428641428641428641428641428641428641428641428641
42864142864142864142864142864142864142864142864142864142864142864142864142864043874043874043874043874043874043874043874043874043
87404387404387404387404387404387404387404387404387404387404387404387404387404387404387404387404387404387404387404387404387404387
40438740438740438740438740438740438740438740438740438740438740438740438740438740438740438740438740438740438740438740438740438740
43874043874043874043874043874043874043874043874043874043874043874043874043874043874043874043874043874043874043874043874043874043
87414286414286414286414286414286414286414286414286414286414286414286414286414286414286414286414286414286414286414286414286414286
41428641418641418641418641418641418641418641418641418641418641418641418641418641418641418641418642408542408542408542408542408542
4085424085424085424085424085424085424085424085424085424085423e85423e85423e85423e85423e85423e85423e85423d84423d84423d84423d84423d
84423d84423d84423d84423d84423d84423d84423d84423d84423d84423d84433c84433c84433c84433c84433c84433c84433c84433b83433b83433b83433b83
433b83433b83433b83433a83433a83433a83433a83433a83433a83433a8344398244398244398244398244398244398244398244398244378144378144378144
378144378144378144378145368145368145368145368145368145368145368145347f45347f45347f45347f45347f45347f45347f45347f45327f45327f4532
7f45327f45327f45327f45327f46317e46317e46317e46317e46317e46317e46317e462f7c462f7c462f7c462f7c462f7c462f7c462f7c462f7c472c7b472c7b
472c7b472c7b472c7b472c7b472c7b462f7c462f7c462f7c462f7c462f7c462f7c462f7c46317e46317e46317e46317e46317e46317e46317e46317e45327f45
327f45327f45327f45327f45327f45327f45347f45347f45347f45347f45347f45347f45347f4536814536814536814536814536814536814536814536814437
81443781443781443781443781443781443781443982443982443982443982443982443982443982433a83433a83433a83433a83433a83433a83433a83433b83
433b83433b83433b83433b83433b83433b83433b83433c84433c84433c84433c84433c84433c84433c84423d84423d84423d84423d84423d84423d84423d8442
3d84423d84423d84423d84423d84423d84423d84423d84423e85423e85423e85423e85423e85423e85423e854240854240854240854240854240854240854240
85424085424085424085424085424085424085424085424085414186414186414186414186414186414186414186414186414186414186414186414186414186
41418641428641428641428641428641428641428641428641428641428641428641428641428641428641428641428641428641428641428641428641428641
42864142864043874043874043874043874043874043874043874043874043874043874043874043874043874043874043874043874043874043874043874043
87404387404387404387404387404387404387404387404387404387404387404387404387404387404387404387404387404387404387404387404387404387
40438740438740438740438740438740438740438740438740438740438740438740438740438740438740438740438740438740438740438740438740438740
43874043874043874043874043874043874043874043874043874043874043874142864142864142864142864142864142864142864142864142864142864142
86414286414286414286414286414286414286414286414286414286414286414286414186414186414186414186414186414186414186414186414186414186
414186414186414186414186414186424085424085424085424085424085424085424085424085424085424085424085424085424085424085424085423e8542
3e85423e85423e85423e85423e85423e85423d84423d84423d84423d84423d84423d84423d84423d84423d84423d84423d84423d84423d84423d84423d84433c
84433c84433c84433c84433c84433c84433c84433b83433b83433b83433b83433b83433b83433b83433a83433a83433a83433a83433a83433a83433a83443982
44398244398244398244398244398244398244398244378144378144378144378144378144378144378145368145368145368145368145368145368145368145
347f45347f45347f45347f45347f45347f45347f45347f45327f45327f45327f45327f45327f45327f45327f46317e46317e46317e46317e46317e46317e4631
7e462f7c462f7c462f7c462f7c462f7c462f7c462f7c462f7c472c7b472c7b472c7b472c7b472c7b472c7b472c7b462f7c462f7c462f7c462f7c462f7c462f7c
462f7c46317e46317e46317e46317e46317e46317e46317e46317e45327f45327f45327f45327f45327f45327f45327f45347f45347f45347f45347f45347f45
347f45347f4536814536814536814536814536814536814536814536814437814437814437814437814437814437814437814439824439824439824439824439
82443982443982433a83433a83433a83433a83433a83433a83433a83433b83433b83433b83433b83433b83433b83433b83433b83433c84433c84433c84433c84
433c84433c84433c84423d84423d84423d84423d84423d84423d84423d84423d84423d84423d84423d84423d84423d84423d84423d84423e85423e85423e8542
3e85423e85423e85423e854240854240854240854240854240854240854240854240854240854240854240854240854240854240854240854141864141864141
86414186414186414186414186414186414186414186414186414186414186414186414286414286414286414286414286414286414286414286414286414286
41428641428641428641428641428641428641428641428641428641428641428641428640438740438740438740438740438740438740438740438740438740
43874043874043874043874043874043874043874043874043874043874043874043874043874043874043874043874043874043874043874043874043874043
87404387404387404387404387404387404387404387404387404387404387404387404387404387404387404387404387404387404387404387404387404387
40438740438740438740438740438740438740438740438740438740438740438740438740438740438740438740438740438740438740438740438740438741
42864142864142864142864142864142864142864142864142864142864142864142864142864142864142864142864142864142864142864142864142864142
86414186414186414186414186414186414186414186414186414186414186414186414186414186414186414186424085424085424085424085424085424085
424085424085424085424085424085424085424085424085424085423e85423e85423e85423e85423e85423e85423e85423d84423d84423d84423d84423d8442
3d84423d84423d84423d84423d84423d84423d84423d84423d84423d84433c84433c84433c84433c84433c84433c84433c84433b83433b83433b83433b83433b
83433b83433b83433a83433a83433a83433a83433a83433a83433a83443982443982443982443982443982443982443982443982443781443781443781443781
44378144378144378145368145368145368145368145368145368145368145347f45347f45347f45347f45347f45347f45347f45347f45327f45327f45327f45
327f45327f45327f45327f46317e46317e46317e46317e46317e46317e46317e462f7c462f7c462f7c462f7c462f7c462f7c462f7c462f7c472c7b472c7b472c
7b472c7b472c7b472c7b472c7b462f7c462f7c462f7c462f7c462f7c462f7c462f7c46317e46317e46317e46317e46317e46317e46317e46317e45327f45327f
45327f45327f45327f45327f45327f45347f45347f45347f45347f45347f45347f45347f45368145368145368145368145368145368145368145368144378144
3781443781443781443781443781443781443982443982443982443982443982443982443982433a83433a83433a83433a83433a83433a83433a83433b83433b
83433b83433b83433b83433b83433b83433b83433c84433c84433c84433c84433c84433c84433c84423d84423d84423d84423d84423d84423d84423d84423d84
423d84423d84423d84423d84423d84423d84423d84423e85423e85423e85423e85423e85423e85423e8542408542408542408542408542408542408542408542
40854240854240854240854240854240854240854240854141864141864141864141864141864141864141864141864141864141864141864141864141864141
86414286414286414286414286414286414286414286414286414286414286414286414286414286414286414286414286414286414286414286414286414286
41428640438740438740438740438740438740438740438740438740438740438740438740438740438740438740438740438740438740438740438740438740
43874043874043874043874043874043874043874043874043874043874043874043874043874043874043874043874043874043874043874043874043874043
87404387404387404387404387404387404387404387404387404387404387404387404387404387404387404387404387404387404387404387404387404387
40438740438740438740438740438740438740438740438740438740438741428641428641428641428641428641428641428641428641428641428641428641
42864142864142864142864142864142864142864142864142864142864142864141864141864141864141864141864141864141864141864141864141864141
86414186414186414186414186424085424085424085424085424085424085424085424085424085424085424085424085424085424085424085423e85423e85
423e85423e85423e85423e85423e85423d84423d84423d84423d84423d84423d84423d84423d84423d84423d84423d84423d84423d84423d84423d84433c8443
3c84433c84433c84433c84433c84433c84433b83433b83433b83433b83433b83433b83433b83433a83433a83433a83433a83433a83433a83433a834439824439
8244398244398244398244398244398244398244378144378144378144378144378144378144378145368145368145368145368145368145368145368145347f
45347f45347f45347f45347f45347f45347f45347f45327f45327f45327f45327f45327f45327f45327f46317e46317e46317e46317e46317e46317e46317e46
2f7c462f7c462f7c462f7c462f7c462f7c462f7c462f7c472c7b472c7b472c7b472c7b472c7b472c7b472c7b462f7c462f7c462f7c462f7c462f7c462f7c462f
7c46317e46317e46317e46317e46317e46317e46317e46317e45327f45327f45327f45327f45327f45327f45327f45347f45347f45347f45347f45347f45347f
45347f45368145368145368145368145368145368145368145368144378144378144378144378144378144378144378144398244398244398244398244398244
3982443982433a83433a83433a83433a83433a83433a83433a83433b83433b83433b83433b83433b83433b83433b83433b83433c84433c84433c84433c84433c
84433c84433c84423d84423d84423d84423d84423d84423d84423d84423d84423d84423d84423d84423d84423d84423d84423d84423e85423e85423e85423e85
423e85423e85423e8542408542408542408542408542408542408542408542408542408542408542408542408542408542408542408541418641418641418641
41864141864141864141864141864141864141864141864141864141864141864142864142864142864142864142864142864142864142864142864142864142
86414286414286414286414286414286414286414286414286414286414286414286404387404387404387404387404387404387404387404387404387404387
40438740438740438740438740438740438740438740438740438740438740438740438740438740438740438740438740438740438740438740438740438740
43874043874043874043874043874043874043874043874043874043874043874043874043874043874043874043874043874043874043874043874043874043
87404387404387404387404387404387404387404387404387404387404387404387404387404387404387404387404387404387404387404387404387414286
41428641428641428641428641428641428641428641428641428641428641428641428641428641428641428641428641428641428641428641428641428641
41864141864141864141864141864141864141864141864141864141864141864141864141864141864141864240854240854240854240854240854240854240
85424085424085424085424085424085424085424085424085423e85423e85423e85423e85423e85423e85423e85423d84423d84423d84423d84423d84423d84
423d84423d84423d84423d84423d84423d84423d84423d84423d84433c84433c84433c84433c84433c84433c84433c84433b83433b83433b83433b83433b8343
3b83433b83433a83433a83433a83433a83433a83433a83433a834439824439824439824439824439824439824439824439824437814437814437814437814437
8144378144378145368145368145368145368145368145368145368145347f45347f45347f45347f45347f45347f45347f45347f45327f45327f45327f45327f
45327f45327f45327f46317e46317e46317e46317e46317e46317e46317e462f7c462f7c462f7c462f7c462f7c462f7c462f7c462f7c472c7b472c7b472c7b47
2c7b472c7b472c7b472c7b462f7c462f7c462f7c462f7c462f7c462f7c462f7c46317e46317e46317e46317e46317e46317e46317e46317e45327f45327f4532
7f45327f45327f45327f45327f45347f45347f45347f45347f45347f45347f45347f453681453681453681453681453681453681453681453681443781443781
443781443781443781443781443781443982443982443982443982443982443982443982433a83433a83433a83433a83433a83433a83433a83433b83433b8343
3b83433b83433b83433b83433b83433b83433c84433c84433c84433c84433c84433c84433c84423d84423d84423d84423d84423d84423d84423d84423d84423d
84423d84423d84423d84423d84423d84423d84423e85423e85423e85423e85423e85423e85423e85424085424085424085424085424085424085424085424085
42408542408542408542408542408542408542408541418641418641418641418641418641418641418641418641418641418641418641418641418641418641
42864142864142864142864142864142864142864142864142864142864142864142864142864142864142864142864142864142864142864142864142864142
86404387404387404387404387404387404387404387404387404387404387404387404387404387404387404387404387404387404387404387404387404387
40438740438740438740438740438740438740438740438740438740438740438740438740438740438740438740438740438740438740438740438740438740
43874043874043874043874043874043874043874043874043874043874043874043874043874043874043874043874043874043874043874043874043874043
87404387404387404387404387404387404387404387404387404387414286414286414286414286414286414286414286414286414286414286414286414286
41428641428641428641428641428641428641428641428641428641428641418641418641418641418641418641418641418641418641418641418641418641
4186414186414186414186424085424085424085424085424085424085424085424085424085424085424085424085424085424085424085423e85423e85423e
85423e85423e85423e85423e85423d84423d84423d84423d84423d84423d84423d84423d84423d84423d84423d84423d84423d84423d84423d84433c84433c84
433c84433c84433c84433c84433c84433b83433b83433b83433b83433b83433b83433b83433a83433a83433a83433a83433a83433a83433a8344398244398244
398244398244398244398244398244398244378144378144378144378144378144378144378145368145368145368145368145368145368145368145347f4534
7f45347f45347f45347f45347f45347f45347f45327f45327f45327f45327f45327f45327f45327f46317e46317e46317e46317e46317e46317e46317e462f7c
462f7c462f7c462f7c462f7c462f7c462f7c462f7c472c7b472c7b472c7b472c7b472c7b472c7b472c7b472b7a472b7a472b7a472b7a472b7a472b7a472b7a47
2c7b472c7b472c7b472c7b472c7b472c7b472c7b472c7b462f7c462f7c462f7c462f7c462f7c462f7c462f7c46307d46307d46307d46307d46307d46307d4630
7d46317e46317e46317e46317e46317e46317e46317e46317e45327f45327f45327f45327f45327f45327f45327f45347f45347f45347f45347f45347f45347f
45347f45358045358045358045358045358045358045358045368145368145368145368145368145368145368145368144378144378144378144378144378144
3781443781443982443982443982443982443982443982443982433a83433a83433a83433a83433a83433a83433a83433a83433a83433a83433a83433a83433a
83433a83433a83433b83433b83433b83433b83433b83433b83433b83433b83433b83433b83433b83433b83433b83433b83433b83433c84433c84433c84433c84
433c84433c84433c84433c84433c84433c84433c84433c84433c84433c84423d84423d84423d84423d84423d84423d84423d84423d84423d84423d84423d8442
3d84423d84423d84423d84423d84423d84423d84423d84423d84423d84423d84423e85423e85423e85423e85423e85423e85423e85423e85423e85423e85423e
85423e85423e85423e85423e85423e85423e85423e85423e85423e85423e85423e85423e85423e85423e85423e85423e85423e85423e85423e85423e85423e85
423e85423e85423e85423e85423e85423e85423e85423e85423e85423e85423e85423e85423e85423e85423e85423e85423e85423e85423e85423e85423e8542
3e85423e85423e85423e85423e85423e85423e85423e85423e85423e85423e85423e85423e85423e85423e85423e85423e85423e85423e85423e85423d84423d
84423d84423d84423d84423d84423d84423d84423d84423d84423d84423d84423d84423d84423d84423d84423d84423d84423d84423d84423d84423d84433c84
433c84433c84433c84433c84433c84433c84433c84433c84433c84433c84433c84433c84433c84433c84433b83433b83433b83433b83433b83433b83433b8343
3b83433b83433b83433b83433b83433b83433b83433b83433a83433a83433a83433a83433a83433a83433a83433a83433a83433a83433a83433a83433a83433a
83443982443982443982443982443982443982443982443982443781443781443781443781443781443781443781453681453681453681453681453681453681
45368145358045358045358045358045358045358045358045347f45347f45347f45347f45347f45347f45347f45347f45327f45327f45327f45327f45327f45
327f45327f46317e46317e46317e46317e46317e46317e46317e46307d46307d46307d46307d46307d46307d46307d46307d462f7c462f7c462f7c462f7c462f
7c462f7c462f7c472c7b472c7b472c7b472c7b472c7b472c7b472c7b472b7a472b7a472b7a472b7a472b7a472b7a472b7a472b7a472878472878472878472878
472878472878472878472b7a472b7a472b7a472b7a472b7a472b7a472b7a472c7b472c7b472c7b472c7b472c7b472c7b472c7b472c7b462f7c462f7c462f7c46
2f7c462f7c462f7c462f7c46307d46307d46307d46307d46307d46307d46307d46317e46317e46317e46317e46317e46317e46317e46317e45327f45327f4532
7f45327f45327f45327f45327f45347f45347f45347f45347f45347f45347f45347f453580453580453580453580453580453580453580453681453681453681
453681453681453681453681453681443781443781443781443781443781443781443781443982443982443982443982443982443982443982433a83433a8343
3a83433a83433a83433a83433a83433a83433a83433a83433a83433a83433a83433a83433a83433b83433b83433b83433b83433b83433b83433b83433b83433b
83433b83433b83433b83433b83433b83433b83433c84433c84433c84433c84433c84433c84433c84433c84433c84433c84433c84433c84433c84433c84423d84
423d84423d84423d84423d84423d84423d84423d84423d84423d84423d84423d84423d84423d84423d84423d84423d84423d84423d84423d84423d84423d8442
3e85423e85423e85423e85423e85423e85423e85423e85423e85423e85423e85423e85423e85423e85423e85423e85423e85423e85423e85423e85423e85423e
85423e85423e85423e85423e85423e85423e85423e85423e85423e85423e85423e85423e85423e85423e85423e85423e85423e85423e85423e85423e85423e85
423e85423e85423e85423e85423e85423e85423e85423e85423e85423e85423e85423e85423e85423e85423e85423e85423e85423e85423e85423e85423e8542
3e85423e85423e85423e85423e85423e85423e85423e85423e85423d84423d84423d84423d84423d84423d84423d84423d84423d84423d84423d84423d84423d
84423d84423d84423d84423d84423d84423d84423d84423d84423d84433c84433c84433c84433c84433c84433c84433c84433c84433c84433c84433c84433c84
433c84433c84433c84433b83433b83433b83433b83433b83433b83433b83433b83433b83433b83433b83433b83433b83433b83433b83433a83433a83433a8343
3a83433a83433a83433a83433a83433a83433a83433a83433a83433a83433a834439824439824439824439824439824439824439824439824437814437814437
8144378144378144378144378145368145368145368145368145368145368145368145358045358045358045358045358045358045358045347f45347f45347f
45347f45347f45347f45347f45347f45327f45327f45327f45327f45327f45327f45327f46317e46317e46317e46317e46317e46317e46317e46307d46307d46
307d46307d46307d46307d46307d46307d462f7c462f7c462f7c462f7c462f7c462f7c462f7c472c7b472c7b472c7b472c7b472c7b472c7b472c7b472b7a472b
7a472b7a472b7a472b7a472b7a472b7a472b7a472878472878472878472878472878472878472878472b7a472b7a472b7a472b7a472b7a472b7a472b7a472c7b
472c7b472c7b472c7b472c7b472c7b472c7b472c7b462f7c462f7c462f7c462f7c462f7c462f7c462f7c46307d46307d46307d46307d46307d46307d46307d46
317e46317e46317e46317e46317e46317e46317e46317e45327f45327f45327f45327f45327f45327f45327f45347f45347f45347f45347f45347f45347f4534
7f453580453580453580453580453580453580453580453681453681453681453681453681453681453681453681443781443781443781443781443781443781
443781443982443982443982443982443982443982443982433a83433a83433a83433a83433a83433a83433a83433a83433a83433a83433a83433a83433a8343
3a83433a83433b83433b83433b83433b83433b83433b83433b83433b83433b83433b83433b83433b83433b83433b83433b83433c84433c84433c84433c84433c
84433c84433c84433c84433c84433c84433c84433c84433c84433c84423d84423d84423d84423d84423d84423d84423d84423d84423d84423d84423d84423d84
423d84423d84423d84423d84423d84423d84423d84423d84423d84423d84423e85423e85423e85423e85423e85423e85423e85423e85423e85423e85423e8542
3e85423e85423e85423e85423e85423e85423e85423e85423e85423e85423e85423e85423e85423e85423e85423e85423e85423e85423e85423e85423e85423e
85423e85423e85423e85423e85423e85423e85423e85423e85423e85423e85423e85423e85423e85423e85423e85423e85423e85423e85423e85423e85423e85
423e85423e85423e85423e85423e85423e85423e85423e85423e85423e85423e85423e85423e85423e85423e85423e85423e85423e85423e85423d84423d8442
3d84423d84423d84423d84423d84423d84423d84423d84423d84423d84423d84423d84423d84423d84423d84423d84423d84423d84423d84423d84433c84433c
84433c84433c84433c84433c84433c84433c84433c84433c84433c84433c84433c84433c84433c84433b83433b83433b83433b83433b83433b83433b83433b83
433b83433b83433b83433b83433b83433b83433b83433a83433a83433a83433a83433a83433a83433a83433a83433a83433a83433a83433a83433a83433a8344
39824439824439824439824439824439824439824439824437814437814437814437814437814437814437814536814536814536814536814536814536814536
8145358045358045358045358045358045358045358045347f45347f45347f45347f45347f45347f45347f45347f45327f45327f45327f45327f45327f45327f
45327f46317e46317e46317e46317e46317e46317e46317e46307d46307d46307d46307d46307d46307d46307d46307d462f7c462f7c462f7c462f7c462f7c46
2f7c462f7c472c7b472c7b472c7b472c7b472c7b472c7b472c7b472b7a472b7a472b7a472b7a472b7a472b7a472b7a472b7a4728784728784728784728784728
78472878472878472b7a472b7a472b7a472b7a472b7a472b7a472b7a472c7b472c7b472c7b472c7b472c7b472c7b472c7b472c7b462f7c462f7c462f7c462f7c
462f7c462f7c462f7c46307d46307d46307d46307d46307d46307d46307d46317e46317e46317e46317e46317e46317e46317e46317e45327f45327f45327f45
327f45327f45327f45327f45347f45347f45347f45347f45347f45347f45347f4535804535804535804535804535804535804535804536814536814536814536
81453681453681453681453681443781443781443781443781443781443781443781443982443982443982443982443982443982443982433a83433a83433a83
433a83433a83433a83433a83433a83433a83433a83433a83433a83433a83433a83433a83433b83433b83433b83433b83433b83433b83433b83433b83433b8343
3b83433b83433b83433b83433b83433b83433c84433c84433c84433c84433c84433c84433c84433c84433c84433c84433c84433c84433c84433c84423d84423d
84423d84423d84423d84423d84423d84423d84423d84423d84423d84423d84423d84423d84423d84423d84423d84423d84423d84423d84423d84423d84423e85
423e85423e85423e85423e85423e85423e85423e85423e85423e85423e85423e85423e85423e85423e85423e85423e85423e85423e85423e85423e85423e8542
3e85423e85423e85423e85423e85423e85423e85423e85423e85423e85423e85423e85423e85423e85423e85423e85423e85423e85423e85423e85423e85423e
85423e85423e85423e85423e85423e85423e85423e85423e85423e85423e85423e85423e85423e85423e85423e85423e85423e85423e85423e85423e85423e85
423e85423e85423e85423e85423e85423e85423e85423e85423d84423d84423d84423d84423d84423d84423d84423d84423d84423d84423d84423d84423d8442
3d84423d84423d84423d84423d84423d84423d84423d84423d84433c84433c84433c84433c84433c84433c84433c84433c84433c84433c84433c84433c84433c
84433c84433c84433b83433b83433b83433b83433b83433b83433b83433b83433b83433b83433b83433b83433b83433b83433b83433a83433a83433a83433a83
433a83433a83433a83433a83433a83433a83433a83433a83433a83433a8344398244398244398244398244398244398244398244398244378144378144378144
378144378144378144378145368145368145368145368145368145368145368145358045358045358045358045358045358045358045347f45347f45347f4534
7f45347f45347f45347f45347f45327f45327f45327f45327f45327f45327f45327f46317e46317e46317e46317e46317e46317e46317e46307d46307d46307d
46307d46307d46307d46307d46307d462f7c462f7c462f7c462f7c462f7c462f7c462f7c472c7b472c7b472c7b472c7b472c7b472c7b472c7b472b7a472b7a47
2b7a472b7a472b7a472b7a472b7a472b7a472878472878472878472878472878472878472878472b7a472b7a472b7a472b7a472b7a472b7a472b7a472c7b472c
7b472c7b472c7b472c7b472c7b472c7b472c7b462f7c462f7c462f7c462f7c462f7c462f7c462f7c46307d46307d46307d46307d46307d46307d46307d46317e
46317e46317e46317e46317e46317e46317e46317e45327f45327f45327f45327f45327f45327f45327f45347f45347f45347f45347f45347f45347f45347f45
35804535804535804535804535804535804535804536814536814536814536814536814536814536814536814437814437814437814437814437814437814437
81443982443982443982443982443982443982443982433a83433a83433a83433a83433a83433a83433a83433a83433a83433a83433a83433a83433a83433a83
433a83433b83433b83433b83433b83433b83433b83433b83433b83433b83433b83433b83433b83433b83433b83433b83433c84433c84433c84433c84433c8443
3c84433c84433c84433c84433c84433c84433c84433c84433c84423d84423d84423d84423d84423d84423d84423d84423d84423d84423d84423d84423d84423d
84423d84423d84423d84423d84423d84423d84423d84423d84423d84423e85423e85423e85423e85423e85423e85423e85423e85423e85423e85423e85423e85
423e85423e85423e85423e85423e85423e85423e85423e85423e85423e85423e85423e85423e85423e85423e85423e85423e85423e85423e85423e85423e8542
3e85423e85423e85423e85423e85423e85423e85423e85423e85423e85423e85423e85423e85423e85423e85423e85423e85423e85423e85423e85423e85423e
85423e85423e85423e85423e85423e85423e85423e85423e85423e85423e85423e85423e85423e85423e85423e85423e85423e85423e85423d84423d84423d84
423d84423d84423d84423d84423d84423d84423d84423d84423d84423d84423d84423d84423d84423d84423d84423d84423d84423d84423d84433c84433c8443
3c84433c84433c84433c84433c84433c84433c84433c84433c84433c84433c84433c84433c84433b83433b83433b83433b83433b83433b83433b83433b83433b
83433b83433b83433b83433b83433b83433b83433a83433a83433a83433a83433a83433a83433a83433a83433a83433a83433a83433a83433a83433a83443982
44398244398244398244398244398244398244398244378144378144378144378144378144378144378145368145368145368145368145368145368145368145
358045358045358045358045358045358045358045347f45347f45347f45347f45347f45347f45347f45347f45327f45327f45327f45327f45327f45327f4532
7f46317e46317e46317e46317e46317e46317e46317e46307d46307d46307d46307d46307d46307d46307d46307d462f7c462f7c462f7c462f7c462f7c462f7c
462f7c472c7b472c7b472c7b472c7b472c7b472c7b472c7b472b7a472b7a472b7a472b7a472b7a472b7a472b7a472b7a47287847287847287847287847287847
2878472878472b7a472b7a472b7a472b7a472b7a472b7a472b7a472c7b472c7b472c7b472c7b472c7b472c7b472c7b472c7b462f7c462f7c462f7c462f7c462f
7c462f7c462f7c46307d46307d46307d46307d46307d46307d46307d46317e46317e46317e46317e46317e46317e46317e46317e45327f45327f45327f45327f
45327f45327f45327f45347f45347f45347f45347f45347f45347f45347f45358045358045358045358045358045358045358045368145368145368145368145
3681453681453681453681443781443781443781443781443781443781443781443982443982443982443982443982443982443982433a83433a83433a83433a
83433a83433a83433a83433a83433a83433a83433a83433a83433a83433a83433a83433b83433b83433b83433b83433b83433b83433b83433b83433b83433b83
433b83433b83433b83433b83433b83433c84433c84433c84433c84433c84433c84433c84433c84433c84433c84433c84433c84433c84433c84423d84423d8442
3d84423d84423d84423d84423d84423d84423d84423d84423d84423d84423d84423d84423d84423d84423d84423d84423d84423d84423d84423d84423e85423e
85423e85423e85423e85423e85423e85423e85423e85423e85423e85423e85423e85423e85423e85423e85423e85423e85423e85423e85423e85423e85423e85
423e85423e85423e85423e85423e85423e85423e85423e85423e85423e85423e85423e85423e85423e85423e85423e85423e85423e85423e85423e85423e8542
3e85423e85423e85423e85423e85423e85423e85423e85423e85423e85423e85423e85423e85423e85423e85423e85423e85423e85423e85423e85423e85423e
85423e85423e85423e85423e85423e85423e85423e85423d84423d84423d84423d84423d84423d84423d84423d84423d84423d84423d84423d84423d84423d84
423d84423d84423d84423d84423d84423d84423d84423d84433c84433c84433c84433c84433c84433c84433c84433c84433c84433c84433c84433c84433c8443
3c84433c84433b83433b83433b83433b83433b83433b83433b83433b83433b83433b83433b83433b83433b83433b83433b83433a83433a83433a83433a83433a
83433a83433a83433a83433a83433a83433a83433a83433a83433a83443982443982443982443982443982443982443982443982443781443781443781443781
44378144378144378145368145368145368145368145368145368145368145358045358045358045358045358045358045358045347f45347f45347f45347f45
347f45347f45347f45347f45327f45327f45327f45327f45327f45327f45327f46317e46317e46317e46317e46317e46317e46317e46307d46307d46307d4630
7d46307d46307d46307d46307d462f7c462f7c462f7c462f7c462f7c462f7c462f7c472c7b472c7b472c7b472c7b472c7b472c7b472c7b472b7a472b7a472b7a
472b7a472b7a472b7a472b7a472b7a472878472878472878472878472878472878472878472b7a472b7a472b7a472b7a472b7a472b7a472b7a472c7b472c7b47
2c7b472c7b472c7b472c7b472c7b472c7b462f7c462f7c462f7c462f7c462f7c462f7c462f7c46307d46307d46307d46307d46307d46307d46307d46317e4631
7e46317e46317e46317e46317e46317e46317e45327f45327f45327f45327f45327f45327f45327f45347f45347f45347f45347f45347f45347f45347f453580
45358045358045358045358045358045358045368145368145368145368145368145368145368145368144378144378144378144378144378144378144378144
3982443982443982443982443982443982443982433a83433a83433a83433a83433a83433a83433a83433a83433a83433a83433a83433a83433a83433a83433a
83433b83433b83433b83433b83433b83433b83433b83433b83433b83433b83433b83433b83433b83433b83433b83433c84433c84433c84433c84433c84433c84
433c84433c84433c84433c84433c84433c84433c84433c84423d84423d84423d84423d84423d84423d84423d84423d84423d84423d84423d84423d84423d8442
3d84423d84423d84423d84423d84423d84423d84423d84423d84423e85423e85423e85423e85423e85423e85423e85423e85423e85423e85423e85423e85423e
85423e85423e85423e85423e85423e85423e85423e85423e85423e85423e85423e85423e85423e85423e85423e85423e85423e85423e85423e85423e85423e85
423e85423e85423e85423e85423e85423e85423e85423e85423e85423e85423e85423e85423e85423e85423e85423e85423e85423e85423e85423e85423e8542
3e85423e85423e85423e85423e85423e85423e85423e85423e85423e85423e85423e85423e85423e85423e85423e85423e85423e85423d84423d84423d84423d
84423d84423d84423d84423d84423d84423d84423d84423d84423d84423d84423d84423d84423d84423d84423d84423d84423d84423d84433c84433c84433c84
433c84433c84433c84433c84433c84433c84433c84433c84433c84433c84433c84433c84433b83433b83433b83433b83433b83433b83433b83433b83433b8343
3b83433b83433b83433b83433b83433b83433a83433a83433a83433a83433a83433a83433a83433a83433a83433a83433a83433a83433a83433a834439824439
82443982443982443982443982443982443982443781443781443781443781443781443781443781453681453681453681453681453681453681453681453580
45358045358045358045358045358045358045347f45347f45347f45347f45347f45347f45347f45347f45327f45327f45327f45327f45327f45327f45327f46
317e46317e46317e46317e46317e46317e46317e46307d46307d46307d46307d46307d46307d46307d46307d462f7c462f7c462f7c462f7c462f7c462f7c462f
7c472c7b472c7b472c7b472c7b472c7b472c7b472c7b472b7a472b7a472b7a472b7a472b7a472b7a472b7a472b7a472878472878472878472878472878472878
472878472676472676472676472676472676472676472676472878472878472878472878472878472878472878472878472a79472a79472a79472a79472a7947
2a79472a79472b7a472b7a472b7a472b7a472b7a472b7a472b7a462d7c462d7c462d7c462d7c462d7c462d7c462d7c462d7c462f7c462f7c462f7c462f7c462f
7c462f7c462f7c46307d46307d46307d46307d46307d46307d46307d46317e46317e46317e46317e46317e46317e46317e45327f45327f45327f45327f45327f
45327f45327f45327f45327f45327f45327f45327f45327f45327f45327f45347f45347f45347f45347f45347f45347f45347f45358045358045358045358045
35804535804535804535804535804535804535804535804535804535804535804536814536814536814536814536814536814536814536814536814536814536
81453681453681453681453681443781443781443781443781443781443781443781443781443781443781443781443781443781443781443982443982443982
44398244398244398244398244398244398244398244398244398244398244398244398244398244398244398244398244398244398244398244398244398244
3982443982443982443982443982443982433a83433a83433a83433a83433a83433a83433a83433a83433a83433a83433a83433a83433a83433a83433a83433a
83433a83433a83433a83433a83433a83433a83433a83433a83433a83433a83433a83433a83433a83433a83433a83433a83433a83433a83433a83433a83433a83
433a83433a83433a83433a83433a83433a83433a83433a83433a83433a83433a83433a83433a83433a83433a83433a83433a83433a83433a83433a83433a8344
39824439824439824439824439824439824439824439824439824439824439824439824439824439824439824439824439824439824439824439824439824439
82443982443982443982443982443982443982443982443781443781443781443781443781443781443781443781443781443781443781443781443781443781
44378145368145368145368145368145368145368145368145368145368145368145368145368145368145368145368145358045358045358045358045358045
358045358045358045358045358045358045358045358045358045347f45347f45347f45347f45347f45347f45347f45347f45327f45327f45327f45327f4532
7f45327f45327f45327f45327f45327f45327f45327f45327f45327f46317e46317e46317e46317e46317e46317e46317e46307d46307d46307d46307d46307d
46307d46307d46307d462f7c462f7c462f7c462f7c462f7c462f7c462f7c462d7c462d7c462d7c462d7c462d7c462d7c462d7c472b7a472b7a472b7a472b7a47
2b7a472b7a472b7a472b7a472a79472a79472a79472a79472a79472a79472a794728784728784728784728784728784728784728784726764726764726764726
76472676472676472676472676472575472575472575472575472575472575472575472676472676472676472676472676472676472676472878472878472878
472878472878472878472878472878472a79472a79472a79472a79472a79472a79472a79472b7a472b7a472b7a472b7a472b7a472b7a472b7a462d7c462d7c46
2d7c462d7c462d7c462d7c462d7c462d7c462f7c462f7c462f7c462f7c462f7c462f7c462f7c46307d46307d46307d46307d46307d46307d46307d46317e4631
7e46317e46317e46317e46317e46317e45327f45327f45327f45327f45327f45327f45327f45327f45327f45327f45327f45327f45327f45327f45327f45347f
45347f45347f45347f45347f45347f45347f45358045358045358045358045358045358045358045358045358045358045358045358045358045358045358045
36814536814536814536814536814536814536814536814536814536814536814536814536814536814536814437814437814437814437814437814437814437
81443781443781443781443781443781443781443781443982443982443982443982443982443982443982443982443982443982443982443982443982443982
443982443982443982443982443982443982443982443982443982443982443982443982443982443982443982443982433a83433a83433a83433a83433a8343
3a83433a83433a83433a83433a83433a83433a83433a83433a83433a83433a83433a83433a83433a83433a83433a83433a83433a83433a83433a83433a83433a
83433a83433a83433a83433a83433a83433a83433a83433a83433a83433a83433a83433a83433a83433a83433a83433a83433a83433a83433a83433a83433a83
433a83433a83433a83433a83433a83433a83433a83433a83433a83433a8344398244398244398244398244398244398244398244398244398244398244398244
39824439824439824439824439824439824439824439824439824439824439824439824439824439824439824439824439824439824437814437814437814437
81443781443781443781443781443781443781443781443781443781443781443781453681453681453681453681453681453681453681453681453681453681
45368145368145368145368145368145358045358045358045358045358045358045358045358045358045358045358045358045358045358045347f45347f45
347f45347f45347f45347f45347f45347f45327f45327f45327f45327f45327f45327f45327f45327f45327f45327f45327f45327f45327f45327f46317e4631
7e46317e46317e46317e46317e46317e46307d46307d46307d46307d46307d46307d46307d46307d462f7c462f7c462f7c462f7c462f7c462f7c462f7c462d7c
462d7c462d7c462d7c462d7c462d7c462d7c472b7a472b7a472b7a472b7a472b7a472b7a472b7a472b7a472a79472a79472a79472a79472a79472a79472a7947
28784728784728784728784728784728784728784726764726764726764726764726764726764726764726764725754725754725754725754725754725754725
75472676472676472676472676472676472676472676472878472878472878472878472878472878472878472878472a79472a79472a79472a79472a79472a79
472a79472b7a472b7a472b7a472b7a472b7a472b7a472b7a462d7c462d7c462d7c462d7c462d7c462d7c462d7c462d7c462f7c462f7c462f7c462f7c462f7c46
2f7c462f7c46307d46307d46307d46307d46307d46307d46307d46317e46317e46317e46317e46317e46317e46317e45327f45327f45327f45327f45327f4532
7f45327f45327f45327f45327f45327f45327f45327f45327f45327f45347f45347f45347f45347f45347f45347f45347f453580453580453580453580453580
45358045358045358045358045358045358045358045358045358045358045368145368145368145368145368145368145368145368145368145368145368145
36814536814536814536814437814437814437814437814437814437814437814437814437814437814437814437814437814437814439824439824439824439
82443982443982443982443982443982443982443982443982443982443982443982443982443982443982443982443982443982443982443982443982443982
443982443982443982443982443982433a83433a83433a83433a83433a83433a83433a83433a83433a83433a83433a83433a83433a83433a83433a83433a8343
3a83433a83433a83433a83433a83433a83433a83433a83433a83433a83433a83433a83433a83433a83433a83433a83433a83433a83433a83433a83433a83433a
83433a83433a83433a83433a83433a83433a83433a83433a83433a83433a83433a83433a83433a83433a83433a83433a83433a83433a83433a83433a83443982
44398244398244398244398244398244398244398244398244398244398244398244398244398244398244398244398244398244398244398244398244398244
39824439824439824439824439824439824439824437814437814437814437814437814437814437814437814437814437814437814437814437814437814437
81453681453681453681453681453681453681453681453681453681453681453681453681453681453681453681453580453580453580453580453580453580
45358045358045358045358045358045358045358045358045347f45347f45347f45347f45347f45347f45347f45347f45327f45327f45327f45327f45327f45
327f45327f45327f45327f45327f45327f45327f45327f45327f46317e46317e46317e46317e46317e46317e46317e46307d46307d46307d46307d46307d4630
7d46307d46307d462f7c462f7c462f7c462f7c462f7c462f7c462f7c462d7c462d7c462d7c462d7c462d7c462d7c462d7c472b7a472b7a472b7a472b7a472b7a
472b7a472b7a472b7a472a79472a79472a79472a79472a79472a79472a7947287847287847287847287847287847287847287847267647267647267647267647
26764726764726764726764725754725754725754725754725754725754725754726764726764726764726764726764726764726764728784728784728784728
78472878472878472878472878472a79472a79472a79472a79472a79472a79472a79472b7a472b7a472b7a472b7a472b7a472b7a472b7a462d7c462d7c462d7c
462d7c462d7c462d7c462d7c462d7c462f7c462f7c462f7c462f7c462f7c462f7c462f7c46307d46307d46307d46307d46307d46307d46307d46317e46317e46
317e46317e46317e46317e46317e45327f45327f45327f45327f45327f45327f45327f45327f45327f45327f45327f45327f45327f45327f45327f45347f4534
7f45347f45347f45347f45347f45347f453580453580453580453580453580453580453580453580453580453580453580453580453580453580453580453681
45368145368145368145368145368145368145368145368145368145368145368145368145368145368144378144378144378144378144378144378144378144
37814437814437814437814437814437814437814439824439824439824439824439824439824439824439824439824439824439824439824439824439824439
82443982443982443982443982443982443982443982443982443982443982443982443982443982443982443982433a83433a83433a83433a83433a83433a83
433a83433a83433a83433a83433a83433a83433a83433a83433a83433a83433a83433a83433a83433a83433a83433a83433a83433a83433a83433a83433a8343
3a83433a83433a83433a83433a83433a83433a83433a83433a83433a83433a83433a83433a83433a83433a83433a83433a83433a83433a83433a83433a83433a
83433a83433a83433a83433a83433a83433a83433a83433a83433a83443982443982443982443982443982443982443982443982443982443982443982443982
44398244398244398244398244398244398244398244398244398244398244398244398244398244398244398244398244398244378144378144378144378144
37814437814437814437814437814437814437814437814437814437814437814536814536814536814536814536814536814536814536814536814536814536
8145368145368145368145368145358045358045358045358045358045358045358045358045358045358045358045358045358045358045347f45347f45347f
45347f45347f45347f45347f45347f45327f45327f45327f45327f45327f45327f45327f45327f45327f45327f45327f45327f45327f45327f46317e46317e46
317e46317e46317e46317e46317e46307d46307d46307d46307d46307d46307d46307d46307d462f7c462f7c462f7c462f7c462f7c462f7c462f7c462d7c462d
7c462d7c462d7c462d7c462d7c462d7c472b7a472b7a472b7a472b7a472b7a472b7a472b7a472b7a472a79472a79472a79472a79472a79472a79472a79472878
47287847287847287847287847287847287847267647267647267647267647267647267647267647267647257547257547257547257547257547257547257547
2676472676472676472676472676472676472676472878472878472878472878472878472878472878472878472a79472a79472a79472a79472a79472a79472a
79472b7a472b7a472b7a472b7a472b7a472b7a472b7a462d7c462d7c462d7c462d7c462d7c462d7c462d7c462d7c462f7c462f7c462f7c462f7c462f7c462f7c
462f7c46307d46307d46307d46307d46307d46307d46307d46317e46317e46317e46317e46317e46317e46317e45327f45327f45327f45327f45327f45327f45
327f45327f45327f45327f45327f45327f45327f45327f45327f45347f45347f45347f45347f45347f45347f45347f4535804535804535804535804535804535
80453580453580453580453580453580453580453580453580453580453681453681453681453681453681453681453681453681453681453681453681453681
45368145368145368144378144378144378144378144378144378144378144378144378144378144378144378144378144378144398244398244398244398244
39824439824439824439824439824439824439824439824439824439824439824439824439824439824439824439824439824439824439824439824439824439
82443982443982443982443982433a83433a83433a83433a83433a83433a83433a83433a83433a83433a83433a83433a83433a83433a83433a83433a83433a83
433a83433a83433a83433a83433a83433a83433a83433a83433a83433a83433a83433a83433a83433a83433a83433a83433a83433a83433a83433a83433a8343
3a83433a83433a83433a83433a83433a83433a83433a83433a83433a83433a83433a83433a83433a83433a83433a83433a83433a83433a83433a834439824439
82443982443982443982443982443982443982443982443982443982443982443982443982443982443982443982443982443982443982443982443982443982
44398244398244398244398244398244398244378144378144378144378144378144378144378144378144378144378144378144378144378144378144378145
36814536814536814536814536814536814536814536814536814536814536814536814536814536814536814535804535804535804535804535804535804535
8045358045358045358045358045358045358045358045347f45347f45347f45347f45347f45347f45347f45347f45327f45327f45327f45327f45327f45327f
45327f45327f45327f45327f45327f45327f45327f45327f46317e46317e46317e46317e46317e46317e46317e46307d46307d46307d46307d46307d46307d46
307d46307d462f7c462f7c462f7c462f7c462f7c462f7c462f7c462d7c462d7c462d7c462d7c462d7c462d7c462d7c472b7a472b7a472b7a472b7a472b7a472b
7a472b7a472b7a472a79472a79472a79472a79472a79472a79472a79472878472878472878472878472878472878472878472676472676472676472676472676
47267647267647267647257547257547257547257547257547257547257547267647267647267647267647267647267647267647287847287847287847287847
2878472878472878472878472a79472a79472a79472a79472a79472a79472a79472b7a472b7a472b7a472b7a472b7a472b7a472b7a462d7c462d7c462d7c462d
7c462d7c462d7c462d7c462d7c462f7c462f7c462f7c462f7c462f7c462f7c462f7c46307d46307d46307d46307d46307d46307d46307d46317e46317e46317e
46317e46317e46317e46317e45327f45327f45327f45327f45327f45327f45327f45327f45327f45327f45327f45327f45327f45327f45327f45347f45347f45
347f45347f45347f45347f45347f4535804535804535804535804535804535804535804535804535804535804535804535804535804535804535804536814536
81453681453681453681453681453681453681453681453681453681453681453681453681453681443781443781443781443781443781443781443781443781
44378144378144378144378144378144378144398244398244398244398244398244398244398244398244398244398244398244398244398244398244398244
3982443982443982443982443982443982443982443982443982443982443982443982443982443982443982433a83433a83433a83433a83433a83433a83433a
83433a83433a83433a83433a83433a83433a83433a83433a83433a83433a83433a83433a83433a83433a83433a83433a83433a83433a83433a83433a83433a83
433a83433a83433a83433a83433a83433a83433a83433a83433a83433a83433a83433a83433a83433a83433a83433a83433a83433a83433a83433a83433a8343
3a83433a83433a83433a83433a83433a83433a83433a83433a834439824439824439824439824439824439824439824439824439824439824439824439824439
82443982443982443982443982443982443982443982443982443982443982443982443982443982443982443982443982443781443781443781443781443781
44378144378144378144378144378144378144378144378144378144378145368145368145368145368145368145368145368145368145368145368145368145
368145368145368145368145358045358045358045358045358045358045358045358045358045358045358045358045358045358045347f45347f45347f4534
7f45347f45347f45347f45347f45327f45327f45327f45327f45327f45327f45327f45327f45327f45327f45327f45327f45327f45327f46317e46317e46317e
46317e46317e46317e46317e46307d46307d46307d46307d46307d46307d46307d46307d462f7c462f7c462f7c462f7c462f7c462f7c462f7c462d7c462d7c46
2d7c462d7c462d7c462d7c462d7c472b7a472b7a472b7a472b7a472b7a472b7a472b7a472b7a472a79472a79472a79472a79472a79472a79472a794728784728
78472878472878472878472878472878472676472676472676472676472676472676472676472676472575472575472575472575472575472575472575472676
472676472676472676472676472676472676472878472878472878472878472878472878472878472878472a79472a79472a79472a79472a79472a79472a7947
2b7a472b7a472b7a472b7a472b7a472b7a472b7a462d7c462d7c462d7c462d7c462d7c462d7c462d7c462d7c462f7c462f7c462f7c462f7c462f7c462f7c462f
7c46307d46307d46307d46307d46307d46307d46307d46317e46317e46317e46317e46317e46317e46317e45327f45327f45327f45327f45327f45327f45327f
45327f45327f45327f45327f45327f45327f45327f45327f45347f45347f45347f45347f45347f45347f45347f45358045358045358045358045358045358045
35804535804535804535804535804535804535804535804535804536814536814536814536814536814536814536814536814536814536814536814536814536
81453681453681443781443781443781443781443781443781443781443781443781443781443781443781443781443781443982443982443982443982443982
44398244398244398244398244398244398244398244398244398244398244398244398244398244398244398244398244398244398244398244398244398244
3982443982443982443982433a83433a83433a83433a83433a83433a83433a83433a83433a83433a83433a83433a83433a83433a83433a83433a83433a83433a
83433a83433a83433a83433a83433a83433a83433a83433a83433a83433a83433a83433a83433a83433a83433a83433a83433a83433a83433a83433a83433a83
433a83433a83433a83433a83433a83433a83433a83433a83433a83433a83433a83433a83433a83433a83433a83433a83433a83433a83433a8344398244398244
39824439824439824439824439824439824439824439824439824439824439824439824439824439824439824439824439824439824439824439824439824439
82443982443982443982443982443982443781443781443781443781443781443781443781443781443781443781443781443781443781443781443781453681
45368145368145368145368145368145368145368145368145368145368145368145368145368145368145358045358045358045358045358045358045358045
358045358045358045358045358045358045358045347f45347f45347f45347f45347f45347f45347f45347f45327f45327f45327f45327f45327f45327f4532
7f45327f45327f45327f45327f45327f45327f45327f46317e46317e46317e46317e46317e46317e46317e46307d46307d46307d46307d46307d46307d46307d
46307d462f7c462f7c462f7c462f7c462f7c462f7c462f7c462d7c462d7c462d7c462d7c462d7c462d7c462d7c472b7a472b7a472b7a472b7a472b7a472b7a47
2b7a472b7a472a79472a79472a79472a79472a79472a79472a794728784728784728784728784728784728784728784726764726764726764726764726764726
76472676472676472575472575472575472575472575472575472575472676472676472676472676472676472676472676472878472878472878472878472878
472878472878472878472a79472a79472a79472a79472a79472a79472a79472b7a472b7a472b7a472b7a472b7a472b7a472b7a462d7c462d7c462d7c462d7c46
2d7c462d7c462d7c462d7c462f7c462f7c462f7c462f7c462f7c462f7c462f7c46307d46307d46307d46307d46307d46307d46307d46317e46317e46317e4631
7e46317e46317e46317e45327f45327f45327f45327f45327f45327f45327f45327f45327f45327f45327f45327f45327f45327f45327f45347f45347f45347f
45347f45347f45347f45347f45358045358045358045358045358045358045358045358045358045358045358045358045358045358045358045368145368145
36814536814536814536814536814536814536814536814536814536814536814536814536814437814437814437814437814437814437814437814437814437
81443781443781443781443781443781443982443982443982443982443982443982443982443982443982443982443982443982443982443982443982443982
443982443982443982443982443982443982443982443982443982443982443982443982443982443982433a83433a83433a83433a83433a83433a83433a8343
3a83433a83433a83433a83433a83433a83433a83433a83433a83433a83433a83433a83433a83433a83433a83433a83433a83433a83433a83433a83433a83433a
83433a83433a83433a83433a83433a83433a83433a83433a83433a83433a83433a83433a83433a83433a83433a83433a83433a83433a83433a83433a83433a83
433a83433a83433a83433a83433a83433a83433a83433a8344398244398244398244398244398244398244398244398244398244398244398244398244398244
39824439824439824439824439824439824439824439824439824439824439824439824439824439824439824439824437814437814437814437814437814437
81443781443781443781443781443781443781443781443781443781453681453681453681453681453681453681453681453681453681453681453681453681
45368145368145368145358045358045358045358045358045358045358045358045358045358045358045358045358045358045347f45347f45347f45347f45
347f45347f45347f45347f45327f45327f45327f45327f45327f45327f45327f45327f45327f45327f45327f45327f45327f45327f46317e46317e46317e4631
7e46317e46317e46317e46307d46307d46307d46307d46307d46307d46307d46307d462f7c462f7c462f7c462f7c462f7c462f7c462f7c462d7c462d7c462d7c
462d7c462d7c462d7c462d7c472b7a472b7a472b7a472b7a472b7a472b7a472b7a472b7a472a79472a79472a79472a79472a79472a79472a7947287847287847
28784728784728784728784728784726764726764726764726764726764726764726764726764725754725754725754725754725754725754725754822734822
73482273482273482273482273482273472575472575472575472575472575472575472575472575472676472676472676472676472676472676472676472777
472777472777472777472777472777472777472878472878472878472878472878472878472878472878472a79472a79472a79472a79472a79472a79472a7947
2b7a472b7a472b7a472b7a472b7a472b7a472b7a472c7b472c7b472c7b472c7b472c7b472c7b472c7b462d7c462d7c462d7c462d7c462d7c462d7c462d7c462d
7c462f7c462f7c462f7c462f7c462f7c462f7c462f7c462f7c462f7c462f7c462f7c462f7c462f7c462f7c46307d46307d46307d46307d46307d46307d46307d
46307d46307d46307d46307d46307d46307d46307d46307d46317e46317e46317e46317e46317e46317e46317e46317e46317e46317e46317e46317e46317e46
317e46317e45327f45327f45327f45327f45327f45327f45327f45327f45327f45327f45327f45327f45327f45327f45347f45347f45347f45347f45347f4534
7f45347f45347f45347f45347f45347f45347f45347f45347f45347f45347f45347f45347f45347f45347f45347f45347f45347f45347f45347f45347f45347f
45347f45347f45347f45358045358045358045358045358045358045358045358045358045358045358045358045358045358045358045358045358045358045
35804535804535804535804535804535804535804535804535804535804535804535804535804535804535804535804535804535804535804535804535804535
8045358045358045358045358045358045358045358045358045358045358045358045358045358045358045358045358045358045358045347f45347f45347f
45347f45347f45347f45347f45347f45347f45347f45347f45347f45347f45347f45347f45347f45347f45347f45347f45347f45347f45347f45347f45347f45
347f45347f45347f45347f45347f45327f45327f45327f45327f45327f45327f45327f45327f45327f45327f45327f45327f45327f45327f45327f46317e4631
7e46317e46317e46317e46317e46317e46317e46317e46317e46317e46317e46317e46317e46317e46317e46317e46317e46317e46317e46317e46317e46307d
46307d46307d46307d46307d46307d46307d462f7c462f7c462f7c462f7c462f7c462f7c462f7c462f7c462f7c462f7c462f7c462f7c462f7c462f7c462f7c46
2d7c462d7c462d7c462d7c462d7c462d7c462d7c472c7b472c7b472c7b472c7b472c7b472c7b472c7b472b7a472b7a472b7a472b7a472b7a472b7a472b7a472b
7a472a79472a79472a79472a79472a79472a79472a79472878472878472878472878472878472878472878472777472777472777472777472777472777472777
47277747267647267647267647267647267647267647267647257547257547257547257547257547257547257548227348227348227348227348227348227348
22734822734821724821724821724821724821724821724821724822734822734822734822734822734822734822734725754725754725754725754725754725
75472575472575472676472676472676472676472676472676472676472777472777472777472777472777472777472777472878472878472878472878472878
472878472878472878472a79472a79472a79472a79472a79472a79472a79472b7a472b7a472b7a472b7a472b7a472b7a472b7a472c7b472c7b472c7b472c7b47
2c7b472c7b472c7b462d7c462d7c462d7c462d7c462d7c462d7c462d7c462d7c462f7c462f7c462f7c462f7c462f7c462f7c462f7c462f7c462f7c462f7c462f
7c462f7c462f7c462f7c46307d46307d46307d46307d46307d46307d46307d46307d46307d46307d46307d46307d46307d46307d46307d46317e46317e46317e
46317e46317e46317e46317e46317e46317e46317e46317e46317e46317e46317e46317e45327f45327f45327f45327f45327f45327f45327f45327f45327f45
327f45327f45327f45327f45327f45347f45347f45347f45347f45347f45347f45347f45347f45347f45347f45347f45347f45347f45347f45347f45347f4534
7f45347f45347f45347f45347f45347f45347f45347f45347f45347f45347f45347f45347f45347f453580453580453580453580453580453580453580453580
45358045358045358045358045358045358045358045358045358045358045358045358045358045358045358045358045358045358045358045358045358045
35804535804535804535804535804535804535804535804535804535804535804535804535804535804535804535804535804535804535804535804535804535
8045358045358045358045358045358045358045358045347f45347f45347f45347f45347f45347f45347f45347f45347f45347f45347f45347f45347f45347f
45347f45347f45347f45347f45347f45347f45347f45347f45347f45347f45347f45347f45347f45347f45347f45327f45327f45327f45327f45327f45327f45
327f45327f45327f45327f45327f45327f45327f45327f45327f46317e46317e46317e46317e46317e46317e46317e46317e46317e46317e46317e46317e4631
7e46317e46317e46317e46317e46317e46317e46317e46317e46317e46307d46307d46307d46307d46307d46307d46307d462f7c462f7c462f7c462f7c462f7c
462f7c462f7c462f7c462f7c462f7c462f7c462f7c462f7c462f7c462f7c462d7c462d7c462d7c462d7c462d7c462d7c462d7c472c7b472c7b472c7b472c7b47
2c7b472c7b472c7b472b7a472b7a472b7a472b7a472b7a472b7a472b7a472b7a472a79472a79472a79472a79472a79472a79472a794728784728784728784728
78472878472878472878472777472777472777472777472777472777472777472777472676472676472676472676472676472676472676472575472575472575
47257547257547257547257548227348227348227348227348227348227348227348227348217248217248217248217248217248217248217248227348227348
22734822734822734822734822734725754725754725754725754725754725754725754725754726764726764726764726764726764726764726764727774727
77472777472777472777472777472777472878472878472878472878472878472878472878472878472a79472a79472a79472a79472a79472a79472a79472b7a
472b7a472b7a472b7a472b7a472b7a472b7a472c7b472c7b472c7b472c7b472c7b472c7b472c7b462d7c462d7c462d7c462d7c462d7c462d7c462d7c462d7c46
2f7c462f7c462f7c462f7c462f7c462f7c462f7c462f7c462f7c462f7c462f7c462f7c462f7c462f7c46307d46307d46307d46307d46307d46307d46307d4630
7d46307d46307d46307d46307d46307d46307d46307d46317e46317e46317e46317e46317e46317e46317e46317e46317e46317e46317e46317e46317e46317e
46317e45327f45327f45327f45327f45327f45327f45327f45327f45327f45327f45327f45327f45327f45327f45347f45347f45347f45347f45347f45347f45
347f45347f45347f45347f45347f45347f45347f45347f45347f45347f45347f45347f45347f45347f45347f45347f45347f45347f45347f45347f45347f4534
7f45347f45347f453580453580453580453580453580453580453580453580453580453580453580453580453580453580453580453580453580453580453580
45358045358045358045358045358045358045358045358045358045358045358045358045358045358045358045358045358045358045358045358045358045
358045358045358045358045358045358045358045358045358045358045358045358045358045358045358045358045358045358045347f45347f45347f4534
7f45347f45347f45347f45347f45347f45347f45347f45347f45347f45347f45347f45347f45347f45347f45347f45347f45347f45347f45347f45347f45347f
45347f45347f45347f45347f45327f45327f45327f45327f45327f45327f45327f45327f45327f45327f45327f45327f45327f45327f45327f46317e46317e46
317e46317e46317e46317e46317e46317e46317e46317e46317e46317e46317e46317e46317e46317e46317e46317e46317e46317e46317e46317e46307d4630
7d46307d46307d46307d46307d46307d462f7c462f7c462f7c462f7c462f7c462f7c462f7c462f7c462f7c462f7c462f7c462f7c462f7c462f7c462f7c462d7c
462d7c462d7c462d7c462d7c462d7c462d7c472c7b472c7b472c7b472c7b472c7b472c7b472c7b472b7a472b7a472b7a472b7a472b7a472b7a472b7a472b7a47
2a79472a79472a79472a79472a79472a79472a794728784728784728784728784728784728784728784727774727774727774727774727774727774727774727
77472676472676472676472676472676472676472676472575472575472575472575472575472575472575482273482273482273482273482273482273482273
48227348217248217248217248217248217248217248217248227348227348227348227348227348227348227347257547257547257547257547257547257547
25754725754726764726764726764726764726764726764726764727774727774727774727774727774727774727774728784728784728784728784728784728
78472878472878472a79472a79472a79472a79472a79472a79472a79472b7a472b7a472b7a472b7a472b7a472b7a472b7a472c7b472c7b472c7b472c7b472c7b
472c7b472c7b462d7c462d7c462d7c462d7c462d7c462d7c462d7c462d7c462f7c462f7c462f7c462f7c462f7c462f7c462f7c462f7c462f7c462f7c462f7c46
2f7c462f7c462f7c46307d46307d46307d46307d46307d46307d46307d46307d46307d46307d46307d46307d46307d46307d46307d46317e46317e46317e4631
7e46317e46317e46317e46317e46317e46317e46317e46317e46317e46317e46317e45327f45327f45327f45327f45327f45327f45327f45327f45327f45327f
45327f45327f45327f45327f45347f45347f45347f45347f45347f45347f45347f45347f45347f45347f45347f45347f45347f45347f45347f45347f45347f45
347f45347f45347f45347f45347f45347f45347f45347f45347f45347f45347f45347f45347f4535804535804535804535804535804535804535804535804535
80453580453580453580453580453580453580453580453580453580453580453580453580453580453580453580453580453580453580453580453580453580
45358045358045358045358045358045358045358045358045358045358045358045358045358045358045358045358045358045358045358045358045358045
358045358045358045358045358045358045358045347f45347f45347f45347f45347f45347f45347f45347f45347f45347f45347f45347f45347f45347f4534
7f45347f45347f45347f45347f45347f45347f45347f45347f45347f45347f45347f45347f45347f45347f45327f45327f45327f45327f45327f45327f45327f
45327f45327f45327f45327f45327f45327f45327f45327f46317e46317e46317e46317e46317e46317e46317e46317e46317e46317e46317e46317e46317e46
317e46317e46317e46317e46317e46317e46317e46317e46317e46307d46307d46307d46307d46307d46307d46307d462f7c462f7c462f7c462f7c462f7c462f
7c462f7c462f7c462f7c462f7c462f7c462f7c462f7c462f7c462f7c462d7c462d7c462d7c462d7c462d7c462d7c462d7c472c7b472c7b472c7b472c7b472c7b
472c7b472c7b472b7a472b7a472b7a472b7a472b7a472b7a472b7a472b7a472a79472a79472a79472a79472a79472a79472a7947287847287847287847287847
28784728784728784727774727774727774727774727774727774727774727774726764726764726764726764726764726764726764725754725754725754725
75472575472575472575482273482273482273482273482273482273482273482273482172482172482172482172482172482172482172482273482273482273
48227348227348227348227347257547257547257547257547257547257547257547257547267647267647267647267647267647267647267647277747277747
2777472777472777472777472777472878472878472878472878472878472878472878472878472a79472a79472a79472a79472a79472a79472a79472b7a472b
7a472b7a472b7a472b7a472b7a472b7a472c7b472c7b472c7b472c7b472c7b472c7b472c7b462d7c462d7c462d7c462d7c462d7c462d7c462d7c462d7c462f7c
462f7c462f7c462f7c462f7c462f7c462f7c462f7c462f7c462f7c462f7c462f7c462f7c462f7c46307d46307d46307d46307d46307d46307d46307d46307d46
307d46307d46307d46307d46307d46307d46307d46317e46317e46317e46317e46317e46317e46317e46317e46317e46317e46317e46317e46317e46317e4631
7e45327f45327f45327f45327f45327f45327f45327f45327f45327f45327f45327f45327f45327f45327f45347f45347f45347f45347f45347f45347f45347f
45347f45347f45347f45347f45347f45347f45347f45347f45347f45347f45347f45347f45347f45347f45347f45347f45347f45347f45347f45347f45347f45
347f45347f4535804535804535804535804535804535804535804535804535804535804535804535804535804535804535804535804535804535804535804535
80453580453580453580453580453580453580453580453580453580453580453580453580453580453580453580453580453580453580453580453580453580
45358045358045358045358045358045358045358045358045358045358045358045358045358045358045358045358045358045347f45347f45347f45347f45
347f45347f45347f45347f45347f45347f45347f45347f45347f45347f45347f45347f45347f45347f45347f45347f45347f45347f45347f45347f45347f4534
7f45347f45347f45347f45327f45327f45327f45327f45327f45327f45327f45327f45327f45327f45327f45327f45327f45327f45327f46317e46317e46317e
46317e46317e46317e46317e46317e46317e46317e46317e46317e46317e46317e46317e46317e46317e46317e46317e46317e46317e46317e46307d46307d46
307d46307d46307d46307d46307d462f7c462f7c462f7c462f7c462f7c462f7c462f7c462f7c462f7c462f7c462f7c462f7c462f7c462f7c462f7c462d7c462d
7c462d7c462d7c462d7c462d7c462d7c472c7b472c7b472c7b472c7b472c7b472c7b472c7b472b7a472b7a472b7a472b7a472b7a472b7a472b7a472b7a472a79
472a79472a79472a79472a79472a79472a7947287847287847287847287847287847287847287847277747277747277747277747277747277747277747277747
26764726764726764726764726764726764726764725754725754725754725754725754725754725754822734822734822734822734822734822734822734822
73482172482172482172482172482172482172482172482273482273482273482273482273482273482273472575472575472575472575472575472575472575
47257547267647267647267647267647267647267647267647277747277747277747277747277747277747277747287847287847287847287847287847287847
2878472878472a79472a79472a79472a79472a79472a79472a79472b7a472b7a472b7a472b7a472b7a472b7a472b7a472c7b472c7b472c7b472c7b472c7b472c
7b472c7b462d7c462d7c462d7c462d7c462d7c462d7c462d7c462d7c462f7c462f7c462f7c462f7c462f7c462f7c462f7c462f7c462f7c462f7c462f7c462f7c
462f7c462f7c46307d46307d46307d46307d46307d46307d46307d46307d46307d46307d46307d46307d46307d46307d46307d46317e46317e46317e46317e46
317e46317e46317e46317e46317e46317e46317e46317e46317e46317e46317e45327f45327f45327f45327f45327f45327f45327f45327f45327f45327f4532
7f45327f45327f45327f45347f45347f45347f45347f45347f45347f45347f45347f45347f45347f45347f45347f45347f45347f45347f45347f45347f45347f
45347f45347f45347f45347f45347f45347f45347f45347f45347f45347f45347f45347f45358045358045358045358045358045358045358045358045358045
35804535804535804535804535804535804535804535804535804535804535804535804535804535804535804535804535804535804535804535804535804535
80453580453580453580453580453580453580453580453580453580453580453580453580453580453580453580453580453580453580453580453580453580
45358045358045358045358045358045358045347f45347f45347f45347f45347f45347f45347f45347f45347f45347f45347f45347f45347f45347f45347f45
347f45347f45347f45347f45347f45347f45347f45347f45347f45347f45347f45347f45347f45347f45327f45327f45327f45327f45327f45327f45327f4532
7f45327f45327f45327f45327f45327f45327f45327f46317e46317e46317e46317e46317e46317e46317e46317e46317e46317e46317e46317e46317e46317e
46317e46317e46317e46317e46317e46317e46317e46317e46307d46307d46307d46307d46307d46307d46307d462f7c462f7c462f7c462f7c462f7c462f7c46
2f7c462f7c462f7c462f7c462f7c462f7c462f7c462f7c462f7c462d7c462d7c462d7c462d7c462d7c462d7c462d7c472c7b472c7b472c7b472c7b472c7b472c
7b472c7b472b7a472b7a472b7a472b7a472b7a472b7a472b7a472b7a472a79472a79472a79472a79472a79472a79472a79472878472878472878472878472878
47287847287847277747277747277747277747277747277747277747277747267647267647267647267647267647267647267647257547257547257547257547
25754725754725754822734822734822734822734822734822734822734822734821724821724821724821724821724821724821724822734822734822734822
73482273482273482273472575472575472575472575472575472575472575472575472676472676472676472676472676472676472676472777472777472777
472777472777472777472777472878472878472878472878472878472878472878472878472a79472a79472a79472a79472a79472a79472a79472b7a472b7a47
2b7a472b7a472b7a472b7a472b7a472c7b472c7b472c7b472c7b472c7b472c7b472c7b462d7c462d7c462d7c462d7c462d7c462d7c462d7c462d7c462f7c462f
7c462f7c462f7c462f7c462f7c462f7c462f7c462f7c462f7c462f7c462f7c462f7c462f7c46307d46307d46307d46307d46307d46307d46307d46307d46307d
46307d46307d46307d46307d46307d46307d46317e46317e46317e46317e46317e46317e46317e46317e46317e46317e46317e46317e46317e46317e46317e45
327f45327f45327f45327f45327f45327f45327f45327f45327f45327f45327f45327f45327f45327f45347f45347f45347f45347f45347f45347f45347f4534
7f45347f45347f45347f45347f45347f45347f45347f45347f45347f45347f45347f45347f45347f45347f45347f45347f45347f45347f45347f45347f45347f
45347f45358045358045358045358045358045358045358045358045358045358045358045358045358045358045358045358045358045358045358045358045
35804535804535804535804535804535804535804535804535804535804535804535804535804535804535804535804535804535804535804535804535804535
8045358045358045358045358045358045358045358045358045358045358045358045358045358045358045358045358045347f45347f45347f45347f45347f
45347f45347f45347f45347f45347f45347f45347f45347f45347f45347f45347f45347f45347f45347f45347f45347f45347f45347f45347f45347f45347f45
347f45347f45347f45327f45327f45327f45327f45327f45327f45327f45327f45327f45327f45327f45327f45327f45327f45327f46317e46317e46317e4631
7e46317e46317e46317e46317e46317e46317e46317e46317e46317e46317e46317e46317e46317e46317e46317e46317e46317e46317e46307d46307d46307d
46307d46307d46307d46307d462f7c462f7c462f7c462f7c462f7c462f7c462f7c462f7c462f7c462f7c462f7c462f7c462f7c462f7c462f7c462d7c462d7c46
2d7c462d7c462d7c462d7c462d7c472c7b472c7b472c7b472c7b472c7b472c7b472c7b472b7a472b7a472b7a472b7a472b7a472b7a472b7a472b7a472a79472a
79472a79472a79472a79472a79472a79472878472878472878472878472878472878472878472777472777472777472777472777472777472777472777472676
47267647267647267647267647267647267647257547257547257547257547257547257547257548227348227348227348227348227348227348227348227348
2172482172482172482172482172482172482172481e70481e70481e70481e70481e70481e70481e704821724821724821724821724821724821724821724821
72482273482273482273482273482273482273482273482374482374482374482374482374482374482374472575472575472575472575472575472575472575
47257547267647267647267647267647267647267647267647277747277747277747277747277747277747277747287847287847287847287847287847287847
2878472878472878472878472878472878472878472878472878472a79472a79472a79472a79472a79472a79472a79472b7a472b7a472b7a472b7a472b7a472b
7a472b7a472b7a472b7a472b7a472b7a472b7a472b7a472b7a472b7a472c7b472c7b472c7b472c7b472c7b472c7b472c7b472c7b472c7b472c7b472c7b472c7b
472c7b472c7b462d7c462d7c462d7c462d7c462d7c462d7c462d7c462d7c462d7c462d7c462d7c462d7c462d7c462d7c462d7c462d7c462d7c462d7c462d7c46
2d7c462d7c462d7c462f7c462f7c462f7c462f7c462f7c462f7c462f7c462f7c462f7c462f7c462f7c462f7c462f7c462f7c462f7c462f7c462f7c462f7c462f
7c462f7c462f7c462f7c462f7c462f7c462f7c462f7c462f7c462f7c462f7c462f7c462f7c462f7c462f7c462f7c462f7c462f7c462f7c46307d46307d46307d
46307d46307d46307d46307d46307d46307d46307d46307d46307d46307d46307d46307d46307d46307d46307d46307d46307d46307d46307d46307d46307d46
307d46307d46307d46307d46307d46307d46307d46307d46307d46307d46307d46307d46307d46307d46307d46307d46307d46307d46307d46307d462f7c462f
7c462f7c462f7c462f7c462f7c462f7c462f7c462f7c462f7c462f7c462f7c462f7c462f7c462f7c462f7c462f7c462f7c462f7c462f7c462f7c462f7c462f7c
462f7c462f7c462f7c462f7c462f7c462f7c462f7c462f7c462f7c462f7c462f7c462f7c462f7c462d7c462d7c462d7c462d7c462d7c462d7c462d7c462d7c46
2d7c462d7c462d7c462d7c462d7c462d7c462d7c462d7c462d7c462d7c462d7c462d7c462d7c462d7c472c7b472c7b472c7b472c7b472c7b472c7b472c7b472c
7b472c7b472c7b472c7b472c7b472c7b472c7b472c7b472b7a472b7a472b7a472b7a472b7a472b7a472b7a472b7a472b7a472b7a472b7a472b7a472b7a472b7a
472b7a472a79472a79472a79472a79472a79472a79472a7947287847287847287847287847287847287847287847287847287847287847287847287847287847
28784727774727774727774727774727774727774727774727774726764726764726764726764726764726764726764725754725754725754725754725754725
75472575482374482374482374482374482374482374482374482374482273482273482273482273482273482273482273482172482172482172482172482172
482172482172481e70481e70481e70481e70481e70481e70481e70481e70481d6f481d6f481d6f481d6f481d6f481d6f481d6f481e70481e70481e70481e7048
1e70481e70481e704821724821724821724821724821724821724821724821724822734822734822734822734822734822734822734823744823744823744823
74482374482374482374472575472575472575472575472575472575472575472575472676472676472676472676472676472676472676472777472777472777
472777472777472777472777472878472878472878472878472878472878472878472878472878472878472878472878472878472878472878472a79472a7947
2a79472a79472a79472a79472a79472b7a472b7a472b7a472b7a472b7a472b7a472b7a472b7a472b7a472b7a472b7a472b7a472b7a472b7a472b7a472c7b472c
7b472c7b472c7b472c7b472c7b472c7b472c7b472c7b472c7b472c7b472c7b472c7b472c7b462d7c462d7c462d7c462d7c462d7c462d7c462d7c462d7c462d7c
462d7c462d7c462d7c462d7c462d7c462d7c462d7c462d7c462d7c462d7c462d7c462d7c462d7c462f7c462f7c462f7c462f7c462f7c462f7c462f7c462f7c46
2f7c462f7c462f7c462f7c462f7c462f7c462f7c462f7c462f7c462f7c462f7c462f7c462f7c462f7c462f7c462f7c462f7c462f7c462f7c462f7c462f7c462f
7c462f7c462f7c462f7c462f7c462f7c462f7c462f7c46307d46307d46307d46307d46307d46307d46307d46307d46307d46307d46307d46307d46307d46307d
46307d46307d46307d46307d46307d46307d46307d46307d46307d46307d46307d46307d46307d46307d46307d46307d46307d46307d46307d46307d46307d46
307d46307d46307d46307d46307d46307d46307d46307d46307d462f7c462f7c462f7c462f7c462f7c462f7c462f7c462f7c462f7c462f7c462f7c462f7c462f
7c462f7c462f7c462f7c462f7c462f7c462f7c462f7c462f7c462f7c462f7c462f7c462f7c462f7c462f7c462f7c462f7c462f7c462f7c462f7c462f7c462f7c
462f7c462f7c462d7c462d7c462d7c462d7c462d7c462d7c462d7c462d7c462d7c462d7c462d7c462d7c462d7c462d7c462d7c462d7c462d7c462d7c462d7c46
2d7c462d7c462d7c472c7b472c7b472c7b472c7b472c7b472c7b472c7b472c7b472c7b472c7b472c7b472c7b472c7b472c7b472c7b472b7a472b7a472b7a472b
7a472b7a472b7a472b7a472b7a472b7a472b7a472b7a472b7a472b7a472b7a472b7a472a79472a79472a79472a79472a79472a79472a79472878472878472878
47287847287847287847287847287847287847287847287847287847287847287847277747277747277747277747277747277747277747277747267647267647
26764726764726764726764726764725754725754725754725754725754725754725754823744823744823744823744823744823744823744823744822734822
73482273482273482273482273482273482172482172482172482172482172482172482172481e70481e70481e70481e70481e70481e70481e70481e70481d6f
481d6f481d6f481d6f481d6f481d6f481d6f481e70481e70481e70481e70481e70481e70481e7048217248217248217248217248217248217248217248217248
22734822734822734822734822734822734822734823744823744823744823744823744823744823744725754725754725754725754725754725754725754725
75472676472676472676472676472676472676472676472777472777472777472777472777472777472777472878472878472878472878472878472878472878
472878472878472878472878472878472878472878472878472a79472a79472a79472a79472a79472a79472a79472b7a472b7a472b7a472b7a472b7a472b7a47
2b7a472b7a472b7a472b7a472b7a472b7a472b7a472b7a472b7a472c7b472c7b472c7b472c7b472c7b472c7b472c7b472c7b472c7b472c7b472c7b472c7b472c
7b472c7b462d7c462d7c462d7c462d7c462d7c462d7c462d7c462d7c462d7c462d7c462d7c462d7c462d7c462d7c462d7c462d7c462d7c462d7c462d7c462d7c
462d7c462d7c462f7c462f7c462f7c462f7c462f7c462f7c462f7c462f7c462f7c462f7c462f7c462f7c462f7c462f7c462f7c462f7c462f7c462f7c462f7c46
2f7c462f7c462f7c462f7c462f7c462f7c462f7c462f7c462f7c462f7c462f7c462f7c462f7c462f7c462f7c462f7c462f7c462f7c46307d46307d46307d4630
7d46307d46307d46307d46307d46307d46307d46307d46307d46307d46307d46307d46307d46307d46307d46307d46307d46307d46307d46307d46307d46307d
46307d46307d46307d46307d46307d46307d46307d46307d46307d46307d46307d46307d46307d46307d46307d46307d46307d46307d46307d462f7c462f7c46
2f7c462f7c462f7c462f7c462f7c462f7c462f7c462f7c462f7c462f7c462f7c462f7c462f7c462f7c462f7c462f7c462f7c462f7c462f7c462f7c462f7c462f
7c462f7c462f7c462f7c462f7c462f7c462f7c462f7c462f7c462f7c462f7c462f7c462f7c462d7c462d7c462d7c462d7c462d7c462d7c462d7c462d7c462d7c
462d7c462d7c462d7c462d7c462d7c462d7c462d7c462d7c462d7c462d7c462d7c462d7c462d7c472c7b472c7b472c7b472c7b472c7b472c7b472c7b472c7b47
2c7b472c7b472c7b472c7b472c7b472c7b472c7b472b7a472b7a472b7a472b7a472b7a472b7a472b7a472b7a472b7a472b7a472b7a472b7a472b7a472b7a472b
7a472a79472a79472a79472a79472a79472a79472a79472878472878472878472878472878472878472878472878472878472878472878472878472878472878
47277747277747277747277747277747277747277747277747267647267647267647267647267647267647267647257547257547257547257547257547257547
25754823744823744823744823744823744823744823744823744822734822734822734822734822734822734822734821724821724821724821724821724821
72482172481e70481e70481e70481e70481e70481e70481e70481e70481d6f481d6f481d6f481d6f481d6f481d6f481d6f481e70481e70481e70481e70481e70
481e70481e7048217248217248217248217248217248217248217248217248227348227348227348227348227348227348227348237448237448237448237448
23744823744823744725754725754725754725754725754725754725754725754726764726764726764726764726764726764726764727774727774727774727
77472777472777472777472878472878472878472878472878472878472878472878472878472878472878472878472878472878472878472a79472a79472a79
472a79472a79472a79472a79472b7a472b7a472b7a472b7a472b7a472b7a472b7a472b7a472b7a472b7a472b7a472b7a472b7a472b7a472b7a472c7b472c7b47
2c7b472c7b472c7b472c7b472c7b472c7b472c7b472c7b472c7b472c7b472c7b472c7b462d7c462d7c462d7c462d7c462d7c462d7c462d7c462d7c462d7c462d
7c462d7c462d7c462d7c462d7c462d7c462d7c462d7c462d7c462d7c462d7c462d7c462d7c462f7c462f7c462f7c462f7c462f7c462f7c462f7c462f7c462f7c
462f7c462f7c462f7c462f7c462f7c462f7c462f7c462f7c462f7c462f7c462f7c462f7c462f7c462f7c462f7c462f7c462f7c462f7c462f7c462f7c462f7c46
2f7c462f7c462f7c462f7c462f7c462f7c462f7c46307d46307d46307d46307d46307d46307d46307d46307d46307d46307d46307d46307d46307d46307d4630
7d46307d46307d46307d46307d46307d46307d46307d46307d46307d46307d46307d46307d46307d46307d46307d46307d46307d46307d46307d46307d46307d
46307d46307d46307d46307d46307d46307d46307d46307d462f7c462f7c462f7c462f7c462f7c462f7c462f7c462f7c462f7c462f7c462f7c462f7c462f7c46
2f7c462f7c462f7c462f7c462f7c462f7c462f7c462f7c462f7c462f7c462f7c462f7c462f7c462f7c462f7c462f7c462f7c462f7c462f7c462f7c462f7c462f
7c462f7c462d7c462d7c462d7c462d7c462d7c462d7c462d7c462d7c462d7c462d7c462d7c462d7c462d7c462d7c462d7c462d7c462d7c462d7c462d7c462d7c
462d7c462d7c472c7b472c7b472c7b472c7b472c7b472c7b472c7b472c7b472c7b472c7b472c7b472c7b472c7b472c7b472c7b472b7a472b7a472b7a472b7a47
2b7a472b7a472b7a472b7a472b7a472b7a472b7a472b7a472b7a472b7a472b7a472a79472a79472a79472a79472a79472a79472a794728784728784728784728
78472878472878472878472878472878472878472878472878472878472878472777472777472777472777472777472777472777472777472676472676472676
47267647267647267647267647257547257547257547257547257547257547257548237448237448237448237448237448237448237448237448227348227348
2273482273482273482273482273482172482172482172482172482172482172482172481e70481e70481e70481e70481e70481e70481e70481e70481d6f481d
6f481d6f481d6f481d6f481d6f481d6f481e70481e70481e70481e70481e70481e70481e70482172482172482172482172482172482172482172482172482273
48227348227348227348227348227348227348237448237448237448237448237448237448237447257547257547257547257547257547257547257547257547
26764726764726764726764726764726764726764727774727774727774727774727774727774727774728784728784728784728784728784728784728784728
78472878472878472878472878472878472878472878472a79472a79472a79472a79472a79472a79472a79472b7a472b7a472b7a472b7a472b7a472b7a472b7a
472b7a472b7a472b7a472b7a472b7a472b7a472b7a472b7a472c7b472c7b472c7b472c7b472c7b472c7b472c7b472c7b472c7b472c7b472c7b472c7b472c7b47
2c7b462d7c462d7c462d7c462d7c462d7c462d7c462d7c462d7c462d7c462d7c462d7c462d7c462d7c462d7c462d7c462d7c462d7c462d7c462d7c462d7c462d
7c462d7c462f7c462f7c462f7c462f7c462f7c462f7c462f7c462f7c462f7c462f7c462f7c462f7c462f7c462f7c462f7c462f7c462f7c462f7c462f7c462f7c
462f7c462f7c462f7c462f7c462f7c462f7c462f7c462f7c462f7c462f7c462f7c462f7c462f7c462f7c462f7c462f7c462f7c46307d46307d46307d46307d46
307d46307d46307d46307d46307d46307d46307d46307d46307d46307d46307d46307d46307d46307d46307d46307d46307d46307d46307d46307d46307d4630
7d46307d46307d46307d46307d46307d46307d46307d46307d46307d46307d46307d46307d46307d46307d46307d46307d46307d46307d462f7c462f7c462f7c
462f7c462f7c462f7c462f7c462f7c462f7c462f7c462f7c462f7c462f7c462f7c462f7c462f7c462f7c462f7c462f7c462f7c462f7c462f7c462f7c462f7c46
2f7c462f7c462f7c462f7c462f7c462f7c462f7c462f7c462f7c462f7c462f7c462f7c462d7c462d7c462d7c462d7c462d7c462d7c462d7c462d7c462d7c462d
7c462d7c462d7c462d7c462d7c462d7c462d7c462d7c462d7c462d7c462d7c462d7c462d7c472c7b472c7b472c7b472c7b472c7b472c7b472c7b472c7b472c7b
472c7b472c7b472c7b472c7b472c7b472c7b472b7a472b7a472b7a472b7a472b7a472b7a472b7a472b7a472b7a472b7a472b7a472b7a472b7a472b7a472b7a47
2a79472a79472a79472a79472a79472a79472a794728784728784728784728784728784728784728784728784728784728784728784728784728784728784727
77472777472777472777472777472777472777472777472676472676472676472676472676472676472676472575472575472575472575472575472575472575
48237448237448237448237448237448237448237448237448227348227348227348227348227348227348227348217248217248217248217248217248217248
2172481e70481e70481e70481e70481e70481e70481e70481e70481d6f481d6f481d6f481d6f481d6f481d6f481d6f481e70481e70481e70481e70481e70481e
70481e70482172482172482172482172482172482172482172482172482273482273482273482273482273482273482273482374482374482374482374482374
48237448237447257547257547257547257547257547257547257547257547267647267647267647267647267647267647267647277747277747277747277747
2777472777472777472878472878472878472878472878472878472878472878472878472878472878472878472878472878472878472a79472a79472a79472a
79472a79472a79472a79472b7a472b7a472b7a472b7a472b7a472b7a472b7a472b7a472b7a472b7a472b7a472b7a472b7a472b7a472b7a472c7b472c7b472c7b
472c7b472c7b472c7b472c7b472c7b472c7b472c7b472c7b472c7b472c7b472c7b462d7c462d7c462d7c462d7c462d7c462d7c462d7c462d7c462d7c462d7c46
2d7c462d7c462d7c462d7c462d7c462d7c462d7c462d7c462d7c462d7c462d7c462d7c462f7c462f7c462f7c462f7c462f7c462f7c462f7c462f7c462f7c462f
7c462f7c462f7c462f7c462f7c462f7c462f7c462f7c462f7c462f7c462f7c462f7c462f7c462f7c462f7c462f7c462f7c462f7c462f7c462f7c462f7c462f7c
462f7c462f7c462f7c462f7c462f7c462f7c46307d46307d46307d46307d46307d46307d46307d46307d46307d46307d46307d46307d46307d46307d46307d46
307d46307d46307d46307d46307d46307d46307d46307d46307d46307d46307d46307d46307d46307d46307d46307d46307d46307d46307d46307d46307d4630
7d46307d46307d46307d46307d46307d46307d46307d462f7c462f7c462f7c462f7c462f7c462f7c462f7c462f7c462f7c462f7c462f7c462f7c462f7c462f7c
462f7c462f7c462f7c462f7c462f7c462f7c462f7c462f7c462f7c462f7c462f7c462f7c462f7c462f7c462f7c462f7c462f7c462f7c462f7c462f7c462f7c46
2f7c462d7c462d7c462d7c462d7c462d7c462d7c462d7c462d7c462d7c462d7c462d7c462d7c462d7c462d7c462d7c462d7c462d7c462d7c462d7c462d7c462d
7c462d7c472c7b472c7b472c7b472c7b472c7b472c7b472c7b472c7b472c7b472c7b472c7b472c7b472c7b472c7b472c7b472b7a472b7a472b7a472b7a472b7a
472b7a472b7a472b7a472b7a472b7a472b7a472b7a472b7a472b7a472b7a472a79472a79472a79472a79472a79472a79472a7947287847287847287847287847
28784728784728784728784728784728784728784728784728784728784727774727774727774727774727774727774727774727774726764726764726764726
76472676472676472676472575472575472575472575472575472575472575482374482374482374482374482374482374482374482374482273482273482273
482273482273482273482273482172482172482172482172482172482172482172481e70481e70481e70481e70481e70481e70481e70481e70481d6f481d6f48
1d6f481d6f481d6f481d6f481d6f481e70481e70481e70481e70481e70481e70481e704821724821724821724821724821724821724821724821724822734822
73482273482273482273482273482273482374482374482374482374482374482374482374472575472575472575472575472575472575472575472575472676
47267647267647267647267647267647267647277747277747277747277747277747277747277747287847287847287847287847287847287847287847287847
2878472878472878472878472878472878472878472a79472a79472a79472a79472a79472a79472a79472b7a472b7a472b7a472b7a472b7a472b7a472b7a472b
7a472b7a472b7a472b7a472b7a472b7a472b7a472b7a472c7b472c7b472c7b472c7b472c7b472c7b472c7b472c7b472c7b472c7b472c7b472c7b472c7b472c7b
462d7c462d7c462d7c462d7c462d7c462d7c462d7c462d7c462d7c462d7c462d7c462d7c462d7c462d7c462d7c462d7c462d7c462d7c462d7c462d7c462d7c46
2d7c462f7c462f7c462f7c462f7c462f7c462f7c462f7c462f7c462f7c462f7c462f7c462f7c462f7c462f7c462f7c462f7c462f7c462f7c462f7c462f7c462f
7c462f7c462f7c462f7c462f7c462f7c462f7c462f7c462f7c462f7c462f7c462f7c462f7c462f7c462f7c462f7c462f7c46307d46307d46307d46307d46307d
46307d46307d46307d46307d46307d46307d46307d46307d46307d46307d46307d46307d46307d46307d46307d46307d46307d46307d46307d46307d46307d46
307d46307d46307d46307d46307d46307d46307d46307d46307d46307d46307d46307d46307d46307d46307d46307d46307d46307d462f7c462f7c462f7c462f
7c462f7c462f7c462f7c462f7c462f7c462f7c462f7c462f7c462f7c462f7c462f7c462f7c462f7c462f7c462f7c462f7c462f7c462f7c462f7c462f7c462f7c
462f7c462f7c462f7c462f7c462f7c462f7c462f7c462f7c462f7c462f7c462f7c462d7c462d7c462d7c462d7c462d7c462d7c462d7c462d7c462d7c462d7c46
2d7c462d7c462d7c462d7c462d7c462d7c462d7c462d7c462d7c462d7c462d7c462d7c472c7b472c7b472c7b472c7b472c7b472c7b472c7b472c7b472c7b472c
7b472c7b472c7b472c7b472c7b472c7b472b7a472b7a472b7a472b7a472b7a472b7a472b7a472b7a472b7a472b7a472b7a472b7a472b7a472b7a472b7a472a79
472a79472a79472a79472a79472a79472a7947287847287847287847287847287847287847287847287847287847287847287847287847287847287847277747
27774727774727774727774727774727774727774726764726764726764726764726764726764726764725754725754725754725754725754725754725754823
74482374482374482374482374482374482374482374482273482273482273482273482273482273482273482172482172482172482172482172482172482172
481e70481e70481e70481e70481e70481e70481e70481e70481d6f481d6f481d6f481d6f481d6f481d6f481d6f481a6c481a6c481a6c481a6c481a6c481a6c48
1a6c481c6e481c6e481c6e481c6e481c6e481c6e481c6e481c6e481e70481e70481e70481e70481e70481e70481e704820714820714820714820714820714820
71482071482172482172482172482172482172482172482172482172482273482273482273482273482273482273482273482273482273482273482273482273
48227348227348237448237448237448237448237448237448237447257547257547257547257547257547257547257547257547257547257547257547257547
25754725754725754726764726764726764726764726764726764726764727774727774727774727774727774727774727774727774727774727774727774727
77472777472777472777472777472777472777472777472777472777472777472878472878472878472878472878472878472878472878472878472878472878
472878472878472878472878472878472878472878472878472878472878472878472a79472a79472a79472a79472a79472a79472a79472a79472a79472a7947
2a79472a79472a79472a79472a79472a79472a79472a79472a79472a79472a79472a79472a79472a79472a79472a79472a79472a79472a79472a79472a79472a
79472a79472a79472a79472a79472a79472b7a472b7a472b7a472b7a472b7a472b7a472b7a472b7a472b7a472b7a472b7a472b7a472b7a472b7a472b7a472b7a
472b7a472b7a472b7a472b7a472b7a472b7a472b7a472b7a472b7a472b7a472b7a472b7a472b7a472b7a472b7a472b7a472b7a472b7a472b7a472b7a472b7a47
2b7a472b7a472b7a472b7a472b7a472b7a472b7a472a79472a79472a79472a79472a79472a79472a79472a79472a79472a79472a79472a79472a79472a79472a
79472a79472a79472a79472a79472a79472a79472a79472a79472a79472a79472a79472a79472a79472a79472a79472a79472a79472a79472a79472a79472a79
47287847287847287847287847287847287847287847287847287847287847287847287847287847287847287847287847287847287847287847287847287847
28784727774727774727774727774727774727774727774727774727774727774727774727774727774727774727774727774727774727774727774727774727
77472777472676472676472676472676472676472676472676472676472575472575472575472575472575472575472575472575472575472575472575472575
47257547257548237448237448237448237448237448237448237448227348227348227348227348227348227348227348227348227348227348227348227348
2273482273482273482172482172482172482172482172482172482172482071482071482071482071482071482071482071482071481e70481e70481e70481e
70481e70481e70481e70481c6e481c6e481c6e481c6e481c6e481c6e481c6e481a6c481a6c481a6c481a6c481a6c481a6c481a6c481a6c48196b48196b48196b
48196b48196b48196b48196b481a6c481a6c481a6c481a6c481a6c481a6c481a6c481c6e481c6e481c6e481c6e481c6e481c6e481c6e481c6e481e70481e7048
1e70481e70481e70481e70481e704820714820714820714820714820714820714820714821724821724821724821724821724821724821724821724822734822
73482273482273482273482273482273482273482273482273482273482273482273482273482374482374482374482374482374482374482374472575472575
47257547257547257547257547257547257547257547257547257547257547257547257547257547267647267647267647267647267647267647267647277747
27774727774727774727774727774727774727774727774727774727774727774727774727774727774727774727774727774727774727774727774727774728
78472878472878472878472878472878472878472878472878472878472878472878472878472878472878472878472878472878472878472878472878472878
472a79472a79472a79472a79472a79472a79472a79472a79472a79472a79472a79472a79472a79472a79472a79472a79472a79472a79472a79472a79472a7947
2a79472a79472a79472a79472a79472a79472a79472a79472a79472a79472a79472a79472a79472a79472a79472a79472b7a472b7a472b7a472b7a472b7a472b
7a472b7a472b7a472b7a472b7a472b7a472b7a472b7a472b7a472b7a472b7a472b7a472b7a472b7a472b7a472b7a472b7a472b7a472b7a472b7a472b7a472b7a
472b7a472b7a472b7a472b7a472b7a472b7a472b7a472b7a472b7a472b7a472b7a472b7a472b7a472b7a472b7a472b7a472b7a472a79472a79472a79472a7947
2a79472a79472a79472a79472a79472a79472a79472a79472a79472a79472a79472a79472a79472a79472a79472a79472a79472a79472a79472a79472a79472a
79472a79472a79472a79472a79472a79472a79472a79472a79472a79472a79472878472878472878472878472878472878472878472878472878472878472878
47287847287847287847287847287847287847287847287847287847287847287847277747277747277747277747277747277747277747277747277747277747
27774727774727774727774727774727774727774727774727774727774727774727774726764726764726764726764726764726764726764726764725754725
75472575472575472575472575472575472575472575472575472575472575472575472575482374482374482374482374482374482374482374482273482273
48227348227348227348227348227348227348227348227348227348227348227348227348227348217248217248217248217248217248217248217248207148
2071482071482071482071482071482071482071481e70481e70481e70481e70481e70481e70481e70481c6e481c6e481c6e481c6e481c6e481c6e481c6e481a
6c481a6c481a6c481a6c481a6c481a6c481a6c481a6c48196b48196b48196b48196b48196b48196b48196b481a6c481a6c481a6c481a6c481a6c481a6c481a6c
481c6e481c6e481c6e481c6e481c6e481c6e481c6e481c6e481e70481e70481e70481e70481e70481e70481e7048207148207148207148207148207148207148
20714821724821724821724821724821724821724821724821724822734822734822734822734822734822734822734822734822734822734822734822734822
73482273482374482374482374482374482374482374482374472575472575472575472575472575472575472575472575472575472575472575472575472575
47257547257547267647267647267647267647267647267647267647277747277747277747277747277747277747277747277747277747277747277747277747
27774727774727774727774727774727774727774727774727774727774728784728784728784728784728784728784728784728784728784728784728784728
78472878472878472878472878472878472878472878472878472878472878472a79472a79472a79472a79472a79472a79472a79472a79472a79472a79472a79
472a79472a79472a79472a79472a79472a79472a79472a79472a79472a79472a79472a79472a79472a79472a79472a79472a79472a79472a79472a79472a7947
2a79472a79472a79472a79472a79472b7a472b7a472b7a472b7a472b7a472b7a472b7a472b7a472b7a472b7a472b7a472b7a472b7a472b7a472b7a472b7a472b
7a472b7a472b7a472b7a472b7a472b7a472b7a472b7a472b7a472b7a472b7a472b7a472b7a472b7a472b7a472b7a472b7a472b7a472b7a472b7a472b7a472b7a
472b7a472b7a472b7a472b7a472b7a472b7a472a79472a79472a79472a79472a79472a79472a79472a79472a79472a79472a79472a79472a79472a79472a7947
2a79472a79472a79472a79472a79472a79472a79472a79472a79472a79472a79472a79472a79472a79472a79472a79472a79472a79472a79472a79472a794728
78472878472878472878472878472878472878472878472878472878472878472878472878472878472878472878472878472878472878472878472878472878
47277747277747277747277747277747277747277747277747277747277747277747277747277747277747277747277747277747277747277747277747277747
27774726764726764726764726764726764726764726764726764725754725754725754725754725754725754725754725754725754725754725754725754725
75472575482374482374482374482374482374482374482374482273482273482273482273482273482273482273482273482273482273482273482273482273
482273482273482172482172482172482172482172482172482172482071482071482071482071482071482071482071482071481e70481e70481e70481e7048
1e70481e70481e70481c6e481c6e481c6e481c6e481c6e481c6e481c6e481a6c481a6c481a6c481a6c481a6c481a6c481a6c481a6c48196b48196b48196b4819
6b48196b48196b48196b481a6c481a6c481a6c481a6c481a6c481a6c481a6c481c6e481c6e481c6e481c6e481c6e481c6e481c6e481c6e481e70481e70481e70
481e70481e70481e70481e7048207148207148207148207148207148207148207148217248217248217248217248217248217248217248217248227348227348
22734822734822734822734822734822734822734822734822734822734822734822734823744823744823744823744823744823744823744725754725754725
75472575472575472575472575472575472575472575472575472575472575472575472575472676472676472676472676472676472676472676472777472777
47277747277747277747277747277747277747277747277747277747277747277747277747277747277747277747277747277747277747277747277747287847
2878472878472878472878472878472878472878472878472878472878472878472878472878472878472878472878472878472878472878472878472878472a
79472a79472a79472a79472a79472a79472a79472a79472a79472a79472a79472a79472a79472a79472a79472a79472a79472a79472a79472a79472a79472a79
472a79472a79472a79472a79472a79472a79472a79472a79472a79472a79472a79472a79472a79472a79472a79472b7a472b7a472b7a472b7a472b7a472b7a47
2b7a472b7a472b7a472b7a472b7a472b7a472b7a472b7a472b7a472b7a472b7a472b7a472b7a472b7a472b7a472b7a472b7a472b7a472b7a472b7a472b7a472b
7a472b7a472b7a472b7a472b7a472b7a472b7a472b7a472b7a472b7a472b7a472b7a472b7a472b7a472b7a472b7a472b7a472a79472a79472a79472a79472a79
472a79472a79472a79472a79472a79472a79472a79472a79472a79472a79472a79472a79472a79472a79472a79472a79472a79472a79472a79472a79472a7947
2a79472a79472a79472a79472a79472a79472a79472a79472a79472a794728784728784728784728784728784728784728784728784728784728784728784728
78472878472878472878472878472878472878472878472878472878472878472777472777472777472777472777472777472777472777472777472777472777
47277747277747277747277747277747277747277747277747277747277747277747267647267647267647267647267647267647267647267647257547257547
25754725754725754725754725754725754725754725754725754725754725754725754823744823744823744823744823744823744823744822734822734822
73482273482273482273482273482273482273482273482273482273482273482273482273482172482172482172482172482172482172482172482071482071
482071482071482071482071482071482071481e70481e70481e70481e70481e70481e70481e70481c6e481c6e481c6e481c6e481c6e481c6e481c6e481a6c48
1a6c481a6c481a6c481a6c481a6c481a6c481a6c48196b48196b48196b48196b48196b48196b48196b481a6c481a6c481a6c481a6c481a6c481a6c481a6c481c
6e481c6e481c6e481c6e481c6e481c6e481c6e481c6e481e70481e70481e70481e70481e70481e70481e70482071482071482071482071482071482071482071
48217248217248217248217248217248217248217248217248227348227348227348227348227348227348227348227348227348227348227348227348227348
22734823744823744823744823744823744823744823744725754725754725754725754725754725754725754725754725754725754725754725754725754725
75472575472676472676472676472676472676472676472676472777472777472777472777472777472777472777472777472777472777472777472777472777
47277747277747277747277747277747277747277747277747277747287847287847287847287847287847287847287847287847287847287847287847287847
2878472878472878472878472878472878472878472878472878472878472a79472a79472a79472a79472a79472a79472a79472a79472a79472a79472a79472a
79472a79472a79472a79472a79472a79472a79472a79472a79472a79472a79472a79472a79472a79472a79472a79472a79472a79472a79472a79472a79472a79
472a79472a79472a79472a79472b7a472b7a472b7a472b7a472b7a472b7a472b7a472b7a472b7a472b7a472b7a472b7a472b7a472b7a472b7a472b7a472b7a47
2b7a472b7a472b7a472b7a472b7a472b7a472b7a472b7a472b7a472b7a472b7a472b7a472b7a472b7a472b7a472b7a472b7a472b7a472b7a472b7a472b7a472b
7a472b7a472b7a472b7a472b7a472b7a472a79472a79472a79472a79472a79472a79472a79472a79472a79472a79472a79472a79472a79472a79472a79472a79
472a79472a79472a79472a79472a79472a79472a79472a79472a79472a79472a79472a79472a79472a79472a79472a79472a79472a79472a79472a7947287847
28784728784728784728784728784728784728784728784728784728784728784728784728784728784728784728784728784728784728784728784728784727
77472777472777472777472777472777472777472777472777472777472777472777472777472777472777472777472777472777472777472777472777472777
47267647267647267647267647267647267647267647267647257547257547257547257547257547257547257547257547257547257547257547257547257547
25754823744823744823744823744823744823744823744822734822734822734822734822734822734822734822734822734822734822734822734822734822
73482273482172482172482172482172482172482172482172482071482071482071482071482071482071482071482071481e70481e70481e70481e70481e70
481e70481e70481c6e481c6e481c6e481c6e481c6e481c6e481c6e481a6c481a6c481a6c481a6c481a6c481a6c481a6c481a6c48196b48196b48196b48196b48
196b48196b48196b481a6c481a6c481a6c481a6c481a6c481a6c481a6c481c6e481c6e481c6e481c6e481c6e481c6e481c6e481c6e481e70481e70481e70481e
70481e70481e70481e70482071482071482071482071482071482071482071482172482172482172482172482172482172482172482172482273482273482273
48227348227348227348227348227348227348227348227348227348227348227348237448237448237448237448237448237448237447257547257547257547
25754725754725754725754725754725754725754725754725754725754725754725754726764726764726764726764726764726764726764727774727774727
77472777472777472777472777472777472777472777472777472777472777472777472777472777472777472777472777472777472777472777472878472878
472878472878472878472878472878472878472878472878472878472878472878472878472878472878472878472878472878472878472878472878472a7947
2a79472a79472a79472a79472a79472a79472a79472a79472a79472a79472a79472a79472a79472a79472a79472a79472a79472a79472a79472a79472a79472a
79472a79472a79472a79472a79472a79472a79472a79472a79472a79472a79472a79472a79472a79472a79472b7a472b7a472b7a472b7a472b7a472b7a472b7a
472b7a472b7a472b7a472b7a472b7a472b7a472b7a472b7a472b7a472b7a472b7a472b7a472b7a472b7a472b7a472b7a472b7a472b7a472b7a472b7a472b7a47
2b7a472b7a472b7a472b7a472b7a472b7a472b7a472b7a472b7a472b7a472b7a472b7a472b7a472b7a472b7a472b7a472a79472a79472a79472a79472a79472a
79472a79472a79472a79472a79472a79472a79472a79472a79472a79472a79472a79472a79472a79472a79472a79472a79472a79472a79472a79472a79472a79
472a79472a79472a79472a79472a79472a79472a79472a79472a7947287847287847287847287847287847287847287847287847287847287847287847287847
28784728784728784728784728784728784728784728784728784728784727774727774727774727774727774727774727774727774727774727774727774727
77472777472777472777472777472777472777472777472777472777472777472676472676472676472676472676472676472676472676472575472575472575
47257547257547257547257547257547257547257547257547257547257547257548237448237448237448237448237448237448237448227348227348227348
22734822734822734822734822734822734822734822734822734822734822734822734821724821724821724821724821724821724821724820714820714820
71482071482071482071482071482071481e70481e70481e70481e70481e70481e70481e70481c6e481c6e481c6e481c6e481c6e481c6e481c6e481a6c481a6c
481a6c481a6c481a6c481a6c481a6c481a6c48196b48196b48196b48196b48196b48196b48196b481a6c481a6c481a6c481a6c481a6c481a6c481a6c481c6e48
1c6e481c6e481c6e481c6e481c6e481c6e481c6e481e70481e70481e70481e70481e70481e70481e704820714820714820714820714820714820714820714821
72482172482172482172482172482172482172482172482273482273482273482273482273482273482273482273482273482273482273482273482273482273
48237448237448237448237448237448237448237447257547257547257547257547257547257547257547257547257547257547257547257547257547257547
25754726764726764726764726764726764726764726764727774727774727774727774727774727774727774727774727774727774727774727774727774727
77472777472777472777472777472777472777472777472777472878472878472878472878472878472878472878472878472878472878472878472878472878
472878472878472878472878472878472878472878472878472878472a79472a79472a79472a79472a79472a79472a79472a79472a79472a79472a79472a7947
2a79472a79472a79472a79472a79472a79472a79472a79472a79472a79472a79472a79472a79472a79472a79472a79472a79472a79472a79472a79472a79472a
79472a79472a79472a79472b7a472b7a472b7a472b7a472b7a472b7a472b7a472b7a472b7a472b7a472b7a472b7a472b7a472b7a472b7a472b7a472b7a472b7a
472b7a472b7a472b7a472b7a472b7a472b7a472b7a472b7a472b7a472b7a472b7a472b7a472b7a472b7a472b7a472b7a472b7a472b7a472b7a472b7a472b7a47
2b7a472b7a472b7a472b7a472b7a472a79472a79472a79472a79472a79472a79472a79472a79472a79472a79472a79472a79472a79472a79472a79472a79472a
79472a79472a79472a79472a79472a79472a79472a79472a79472a79472a79472a79472a79472a79472a79472a79472a79472a79472a79472a79472878472878
47287847287847287847287847287847287847287847287847287847287847287847287847287847287847287847287847287847287847287847287847277747
27774727774727774727774727774727774727774727774727774727774727774727774727774727774727774727774727774727774727774727774727774726
76472676472676472676472676472676472676472676472575472575472575472575472575472575472575472575472575472575472575472575472575472575
48237448237448237448237448237448237448237448227348227348227348227348227348227348227348227348227348227348227348227348227348227348
2273482172482172482172482172482172482172482172482071482071482071482071482071482071482071482071481e70481e70481e70481e70481e70481e
70481e70481c6e481c6e481c6e481c6e481c6e481c6e481c6e481a6c481a6c481a6c481a6c481a6c481a6c481a6c481a6c48196b48196b48196b48196b48196b
48196b48196b47166947166947166947166947166947166947166948196b48196b48196b48196b48196b48196b48196b48196b481a6c481a6c481a6c481a6c48
1a6c481a6c481a6c481c6e481c6e481c6e481c6e481c6e481c6e481c6e481d6f481d6f481d6f481d6f481d6f481d6f481d6f481d6f481d6f481d6f481d6f481d
6f481d6f481d6f481d6f481e70481e70481e70481e70481e70481e70481e70482071482071482071482071482071482071482071482071482071482071482071
48207148207148207148207148217248217248217248217248217248217248217248217248217248217248217248217248217248217248227348227348227348
22734822734822734822734822734822734822734822734822734822734822734822734823744823744823744823744823744823744823744823744823744823
74482374482374482374482374482374482374482374482374482374482374482374482374472575472575472575472575472575472575472575472575472575
47257547257547257547257547257547257547257547257547257547257547257547257547257547257547257547257547257547257547257547257547257547
25754725754725754725754725754725754725754726764726764726764726764726764726764726764726764726764726764726764726764726764726764726
76472676472676472676472676472676472676472676472676472676472676472676472676472676472676472676472676472676472676472676472676472676
47267647267647267647267647267647267647267647267647267647267647267647267647267647267647267647267647267647267647267647267647267647
26764725754725754725754725754725754725754725754725754725754725754725754725754725754725754725754725754725754725754725754725754725
75472575472575472575472575472575472575472575472575472575472575472575472575472575472575472575472575482374482374482374482374482374
48237448237448237448237448237448237448237448237448237448237448237448237448237448237448237448237448237448227348227348227348227348
22734822734822734822734822734822734822734822734822734822734821724821724821724821724821724821724821724821724821724821724821724821
72482172482172482172482071482071482071482071482071482071482071482071482071482071482071482071482071482071481e70481e70481e70481e70
481e70481e70481e70481e70481d6f481d6f481d6f481d6f481d6f481d6f481d6f481d6f481d6f481d6f481d6f481d6f481d6f481d6f481c6e481c6e481c6e48
1c6e481c6e481c6e481c6e481c6e481a6c481a6c481a6c481a6c481a6c481a6c481a6c48196b48196b48196b48196b48196b48196b48196b4716694716694716
6947166947166947166947166947166947156747156747156747156747156747156747156747166947166947166947166947166947166947166948196b48196b
48196b48196b48196b48196b48196b48196b481a6c481a6c481a6c481a6c481a6c481a6c481a6c481c6e481c6e481c6e481c6e481c6e481c6e481c6e481d6f48
1d6f481d6f481d6f481d6f481d6f481d6f481d6f481d6f481d6f481d6f481d6f481d6f481d6f481d6f481e70481e70481e70481e70481e70481e70481e704820
71482071482071482071482071482071482071482071482071482071482071482071482071482071482071482172482172482172482172482172482172482172
48217248217248217248217248217248217248217248227348227348227348227348227348227348227348227348227348227348227348227348227348227348
22734823744823744823744823744823744823744823744823744823744823744823744823744823744823744823744823744823744823744823744823744823
74482374472575472575472575472575472575472575472575472575472575472575472575472575472575472575472575472575472575472575472575472575
47257547257547257547257547257547257547257547257547257547257547257547257547257547257547257547257547257547267647267647267647267647
26764726764726764726764726764726764726764726764726764726764726764726764726764726764726764726764726764726764726764726764726764726
76472676472676472676472676472676472676472676472676472676472676472676472676472676472676472676472676472676472676472676472676472676
47267647267647267647267647267647267647267647267647267647267647267647257547257547257547257547257547257547257547257547257547257547
25754725754725754725754725754725754725754725754725754725754725754725754725754725754725754725754725754725754725754725754725754725
75472575472575472575472575472575482374482374482374482374482374482374482374482374482374482374482374482374482374482374482374482374
48237448237448237448237448237448237448227348227348227348227348227348227348227348227348227348227348227348227348227348227348217248
21724821724821724821724821724821724821724821724821724821724821724821724821724821724820714820714820714820714820714820714820714820
71482071482071482071482071482071482071481e70481e70481e70481e70481e70481e70481e70481e70481d6f481d6f481d6f481d6f481d6f481d6f481d6f
481d6f481d6f481d6f481d6f481d6f481d6f481d6f481c6e481c6e481c6e481c6e481c6e481c6e481c6e481c6e481a6c481a6c481a6c481a6c481a6c481a6c48
1a6c48196b48196b48196b48196b48196b48196b48196b4716694716694716694716694716694716694716694716694715674715674715674715674715674715
6747156747166947166947166947166947166947166947166948196b48196b48196b48196b48196b48196b48196b48196b481a6c481a6c481a6c481a6c481a6c
481a6c481a6c481c6e481c6e481c6e481c6e481c6e481c6e481c6e481d6f481d6f481d6f481d6f481d6f481d6f481d6f481d6f481d6f481d6f481d6f481d6f48
1d6f481d6f481d6f481e70481e70481e70481e70481e70481e70481e704820714820714820714820714820714820714820714820714820714820714820714820
71482071482071482071482172482172482172482172482172482172482172482172482172482172482172482172482172482172482273482273482273482273
48227348227348227348227348227348227348227348227348227348227348227348237448237448237448237448237448237448237448237448237448237448
23744823744823744823744823744823744823744823744823744823744823744823744725754725754725754725754725754725754725754725754725754725
75472575472575472575472575472575472575472575472575472575472575472575472575472575472575472575472575472575472575472575472575472575
47257547257547257547257547257547257547267647267647267647267647267647267647267647267647267647267647267647267647267647267647267647
26764726764726764726764726764726764726764726764726764726764726764726764726764726764726764726764726764726764726764726764726764726
76472676472676472676472676472676472676472676472676472676472676472676472676472676472676472676472676472676472676472676472676472676
47257547257547257547257547257547257547257547257547257547257547257547257547257547257547257547257547257547257547257547257547257547
25754725754725754725754725754725754725754725754725754725754725754725754725754725754725754725754823744823744823744823744823744823
74482374482374482374482374482374482374482374482374482374482374482374482374482374482374482374482374482273482273482273482273482273
48227348227348227348227348227348227348227348227348227348217248217248217248217248217248217248217248217248217248217248217248217248
2172482172482172482071482071482071482071482071482071482071482071482071482071482071482071482071482071481e70481e70481e70481e70481e
70481e70481e70481e70481d6f481d6f481d6f481d6f481d6f481d6f481d6f481d6f481d6f481d6f481d6f481d6f481d6f481d6f481c6e481c6e481c6e481c6e
481c6e481c6e481c6e481c6e481a6c481a6c481a6c481a6c481a6c481a6c481a6c48196b48196b48196b48196b48196b48196b48196b47166947166947166947
166947166947166947166947166947156747156747156747156747156747156747156747166947166947166947166947166947166947166948196b48196b4819
6b48196b48196b48196b48196b48196b481a6c481a6c481a6c481a6c481a6c481a6c481a6c481c6e481c6e481c6e481c6e481c6e481c6e481c6e481d6f481d6f
481d6f481d6f481d6f481d6f481d6f481d6f481d6f481d6f481d6f481d6f481d6f481d6f481d6f481e70481e70481e70481e70481e70481e70481e7048207148
20714820714820714820714820714820714820714820714820714820714820714820714820714820714821724821724821724821724821724821724821724821
72482172482172482172482172482172482172482273482273482273482273482273482273482273482273482273482273482273482273482273482273482273
48237448237448237448237448237448237448237448237448237448237448237448237448237448237448237448237448237448237448237448237448237448
23744725754725754725754725754725754725754725754725754725754725754725754725754725754725754725754725754725754725754725754725754725
75472575472575472575472575472575472575472575472575472575472575472575472575472575472575472575472575472676472676472676472676472676
47267647267647267647267647267647267647267647267647267647267647267647267647267647267647267647267647267647267647267647267647267647
26764726764726764726764726764726764726764726764726764726764726764726764726764726764726764726764726764726764726764726764726764726
76472676472676472676472676472676472676472676472676472676472676472575472575472575472575472575472575472575472575472575472575472575
47257547257547257547257547257547257547257547257547257547257547257547257547257547257547257547257547257547257547257547257547257547
25754725754725754725754725754823744823744823744823744823744823744823744823744823744823744823744823744823744823744823744823744823
74482374482374482374482374482374482273482273482273482273482273482273482273482273482273482273482273482273482273482273482172482172
48217248217248217248217248217248217248217248217248217248217248217248217248217248207148207148207148207148207148207148207148207148
2071482071482071482071482071482071481e70481e70481e70481e70481e70481e70481e70481e70481d6f481d6f481d6f481d6f481d6f481d6f481d6f481d
6f481d6f481d6f481d6f481d6f481d6f481d6f481c6e481c6e481c6e481c6e481c6e481c6e481c6e481c6e481a6c481a6c481a6c481a6c481a6c481a6c481a6c
48196b48196b48196b48196b48196b48196b48196b47166947166947166947166947166947166947166947166947156747156747156747156747156747156747
156747166947166947166947166947166947166947166948196b48196b48196b48196b48196b48196b48196b48196b481a6c481a6c481a6c481a6c481a6c481a
6c481a6c481c6e481c6e481c6e481c6e481c6e481c6e481c6e481d6f481d6f481d6f481d6f481d6f481d6f481d6f481d6f481d6f481d6f481d6f481d6f481d6f
481d6f481d6f481e70481e70481e70481e70481e70481e70481e7048207148207148207148207148207148207148207148207148207148207148207148207148
20714820714820714821724821724821724821724821724821724821724821724821724821724821724821724821724821724822734822734822734822734822
73482273482273482273482273482273482273482273482273482273482273482374482374482374482374482374482374482374482374482374482374482374
48237448237448237448237448237448237448237448237448237448237448237447257547257547257547257547257547257547257547257547257547257547
25754725754725754725754725754725754725754725754725754725754725754725754725754725754725754725754725754725754725754725754725754725
75472575472575472575472575472575472676472676472676472676472676472676472676472676472676472676472676472676472676472676472676472676
47267647267647267647267647267647267647267647267647267647267647267647267647267647267647267647267647267647267647267647267647267647
26764726764726764726764726764726764726764726764726764726764726764726764726764726764726764726764726764726764726764726764726764725
75472575472575472575472575472575472575472575472575472575472575472575472575472575472575472575472575472575472575472575472575472575
47257547257547257547257547257547257547257547257547257547257547257547257547257547257547257548237448237448237448237448237448237448
23744823744823744823744823744823744823744823744823744823744823744823744823744823744823744823744822734822734822734822734822734822
73482273482273482273482273482273482273482273482273482172482172482172482172482172482172482172482172482172482172482172482172482172
482172482172482071482071482071482071482071482071482071482071482071482071482071482071482071482071481e70481e70481e70481e70481e7048
1e70481e70481e70481d6f481d6f481d6f481d6f481d6f481d6f481d6f481d6f481d6f481d6f481d6f481d6f481d6f481d6f481c6e481c6e481c6e481c6e481c
6e481c6e481c6e481c6e481a6c481a6c481a6c481a6c481a6c481a6c481a6c48196b48196b48196b48196b48196b48196b48196b471669471669471669471669
47166947166947166947166947156747156747156747156747156747156747156747166947166947166947166947166947166947166948196b48196b48196b48
196b48196b48196b48196b48196b481a6c481a6c481a6c481a6c481a6c481a6c481a6c481c6e481c6e481c6e481c6e481c6e481c6e481c6e481d6f481d6f481d
6f481d6f481d6f481d6f481d6f481d6f481d6f481d6f481d6f481d6f481d6f481d6f481d6f481e70481e70481e70481e70481e70481e70481e70482071482071
48207148207148207148207148207148207148207148207148207148207148207148207148207148217248217248217248217248217248217248217248217248
21724821724821724821724821724821724822734822734822734822734822734822734822734822734822734822734822734822734822734822734822734823
74482374482374482374482374482374482374482374482374482374482374482374482374482374482374482374482374482374482374482374482374482374
47257547257547257547257547257547257547257547257547257547257547257547257547257547257547257547257547257547257547257547257547257547
25754725754725754725754725754725754725754725754725754725754725754725754725754725754725754725754726764726764726764726764726764726
76472676472676472676472676472676472676472676472676472676472676472676472676472676472676472676472676472676472676472676472676472676
47267647267647267647267647267647267647267647267647267647267647267647267647267647267647267647267647267647267647267647267647267647
26764726764726764726764726764726764726764726764726764726764725754725754725754725754725754725754725754725754725754725754725754725
75472575472575472575472575472575472575472575472575472575472575472575472575472575472575472575472575472575472575472575472575472575
47257547257547257547257548237448237448237448237448237448237448237448237448237448237448237448237448237448237448237448237448237448
23744823744823744823744823744822734822734822734822734822734822734822734822734822734822734822734822734822734822734821724821724821
72482172482172482172482172482172482172482172482172482172482172482172482172482071482071482071482071482071482071482071482071482071
482071482071482071482071482071481e70481e70481e70481e70481e70481e70481e70481e70481d6f481d6f481d6f481d6f481d6f481d6f481d6f481d6f48
1d6f481d6f481d6f481d6f481d6f481d6f481c6e481c6e481c6e481c6e481c6e481c6e481c6e481c6e481a6c481a6c481a6c481a6c481a6c481a6c481a6c4819
6b48196b48196b48196b48196b48196b48196b471669471669471669471669471669471669471669471669471567471567471567471567471567471567471567
47166947166947166947166947166947166947166948196b48196b48196b48196b48196b48196b48196b48196b481a6c481a6c481a6c481a6c481a6c481a6c48
1a6c481c6e481c6e481c6e481c6e481c6e481c6e481c6e481d6f481d6f481d6f481d6f481d6f481d6f481d6f481d6f481d6f481d6f481d6f481d6f481d6f481d
6f481d6f481e70481e70481e70481e70481e70481e70481e70482071482071482071482071482071482071482071482071482071482071482071482071482071
48207148207148217248217248217248217248217248217248217248217248217248217248217248217248217248217248227348227348227348227348227348
22734822734822734822734822734822734822734822734822734822734823744823744823744823744823744823744823744823744823744823744823744823
74482374482374482374482374482374482374482374482374482374482374472575472575472575472575472575472575472575472575472575472575472575
47257547257547257547257547257547257547257547257547257547257547257547257547257547257547257547257547257547257547257547257547257547
25754725754725754725754725754726764726764726764726764726764726764726764726764726764726764726764726764726764726764726764726764726
76472676472676472676472676472676472676472676472676472676472676472676472676472676472676472676472676472676472676472676472676472676
47267647267647267647267647267647267647267647267647267647267647267647267647267647267647267647267647267647267647267647267647257547
25754725754725754725754725754725754725754725754725754725754725754725754725754725754725754725754725754725754725754725754725754725
75472575472575472575472575472575472575472575472575472575472575472575472575472575472575482374482374482374482374482374482374482374
48237448237448237448237448237448237448237448237448237448237448237448237448237448237448237448227348227348227348227348227348227348
22734822734822734822734822734822734822734822734821724821724821724821724821724821724821724821724821724821724821724821724821724821
72482172482071482071482071482071482071482071482071482071482071482071482071482071482071482071481e70481e70481e70481e70481e70481e70
481e70481e70481d6f481d6f481d6f481d6f481d6f481d6f481d6f481d6f481d6f481d6f481d6f481d6f481d6f481d6f481c6e481c6e481c6e481c6e481c6e48
1c6e481c6e481c6e481a6c481a6c481a6c481a6c481a6c481a6c481a6c48196b48196b48196b48196b48196b48196b48196b4716694716694716694716694716
6947166947166947166947156747156747156747156747156747156747156747166947166947166947166947166947166947166948196b48196b48196b48196b
48196b48196b48196b48196b481a6c481a6c481a6c481a6c481a6c481a6c481a6c481c6e481c6e481c6e481c6e481c6e481c6e481c6e481d6f481d6f481d6f48
1d6f481d6f481d6f481d6f481d6f481d6f481d6f481d6f481d6f481d6f481d6f481d6f481e70481e70481e70481e70481e70481e70481e704820714820714820
71482071482071482071482071482071482071482071482071482071482071482071482071482172482172482172482172482172482172482172482172482172
48217248217248217248217248217248227348227348227348227348227348227348227348227348227348227348227348227348227348227348227348237448
23744823744823744823744823744823744823744823744823744823744823744823744823744823744823744823744823744823744823744823744823744725
75472575472575472575472575472575472575472575472575472575472575472575472575472575472575472575472575472575472575472575472575472575
47257547257547257547257547257547257547257547257547257547257547257547257547257547257547257547267647267647267647267647267647267647
26764726764726764726764726764726764726764726764726764726764726764726764726764726764726764726764726764726764726764726764726764726
76472676472676472676472676472676472676472676472676472676472676472676472676472676472676472676472676472676472676472676472676472676
47267647267647267647267647267647267647267647267647267647257547257547257547257547257547257547257547257547257547257547257547257547
25754725754725754725754725754725754725754725754725754725754725754725754725754725754725754725754725754725754725754725754725754725
75472575472575472575482374482374482374482374482374482374482374482374482374482374482374482374482374482374482374482374482374482374
48237448237448237448237448227348227348227348227348227348227348227348227348227348227348227348227348227348227348217248217248217248
21724821724821724821724821724821724821724821724821724821724821724821724820714820714820714820714820714820714820714820714820714820
71482071482071482071482071481e70481e70481e70481e70481e70481e70481e70481e70481d6f481d6f481d6f481d6f481d6f481d6f481d6f481d6f481d6f
481d6f481d6f481d6f481d6f481d6f481c6e481c6e481c6e481c6e481c6e481c6e481c6e481c6e481a6c481a6c481a6c481a6c481a6c481a6c481a6c48196b48
196b48196b48196b48196b48196b48196b4716694716694716694716694716694716694716694716694715674715674715674715674715674715674715674714
66471466471466471466471466471466471466471567471567471567471567471567471567471567471567471669471669471669471669471669471669471669
47186a47186a47186a47186a47186a47186a47186a47186a47186a47186a47186a47186a47186a47186a47186a48196b48196b48196b48196b48196b48196b48
196b481a6c481a6c481a6c481a6c481a6c481a6c481a6c481a6c481a6c481a6c481a6c481a6c481a6c481a6c481c6e481c6e481c6e481c6e481c6e481c6e481c
6e481c6e481c6e481c6e481c6e481c6e481c6e481c6e481c6e481d6f481d6f481d6f481d6f481d6f481d6f481d6f481d6f481d6f481d6f481d6f481d6f481d6f
481d6f481d6f481e70481e70481e70481e70481e70481e70481e70481e70481e70481e70481e70481e70481e70481e70481e70481e70481e70481e70481e7048
1e70481e70481e704820714820714820714820714820714820714820714820714820714820714820714820714820714820714820714820714820714820714820
71482071482071482071482071482071482071482071482071482071482071482071482071482071482071482071482071482071482172482172482172482172
48217248217248217248217248217248217248217248217248217248217248217248217248217248217248217248217248217248217248217248217248217248
21724821724821724821724821724821724821724821724821724821724821724821724821724821724821724821724821724821724821724821724821724821
72482172482172482172482172482172482172482172482172482172482172482172482172482172482172482172482172482172482172482172482172482172
48217248217248217248217248217248207148207148207148207148207148207148207148207148207148207148207148207148207148207148207148207148
2071482071482071482071482071482071482071482071482071482071482071482071482071482071482071482071482071482071482071482071482071481e
70481e70481e70481e70481e70481e70481e70481e70481e70481e70481e70481e70481e70481e70481e70481e70481e70481e70481e70481e70481e70481e70
481d6f481d6f481d6f481d6f481d6f481d6f481d6f481d6f481d6f481d6f481d6f481d6f481d6f481d6f481d6f481c6e481c6e481c6e481c6e481c6e481c6e48
1c6e481c6e481c6e481c6e481c6e481c6e481c6e481c6e481a6c481a6c481a6c481a6c481a6c481a6c481a6c481a6c481a6c481a6c481a6c481a6c481a6c481a
6c481a6c48196b48196b48196b48196b48196b48196b48196b47186a47186a47186a47186a47186a47186a47186a47186a47186a47186a47186a47186a47186a
47186a47186a47166947166947166947166947166947166947166947156747156747156747156747156747156747156747146647146647146647146647146647
14664714664714664711634711634711634711634711634711634711634714664714664714664714664714664714664714664715674715674715674715674715
6747156747156747156747166947166947166947166947166947166947166947186a47186a47186a47186a47186a47186a47186a47186a47186a47186a47186a
47186a47186a47186a47186a48196b48196b48196b48196b48196b48196b48196b481a6c481a6c481a6c481a6c481a6c481a6c481a6c481a6c481a6c481a6c48
1a6c481a6c481a6c481a6c481c6e481c6e481c6e481c6e481c6e481c6e481c6e481c6e481c6e481c6e481c6e481c6e481c6e481c6e481c6e481d6f481d6f481d
6f481d6f481d6f481d6f481d6f481d6f481d6f481d6f481d6f481d6f481d6f481d6f481d6f481e70481e70481e70481e70481e70481e70481e70481e70481e70
481e70481e70481e70481e70481e70481e70481e70481e70481e70481e70481e70481e70481e7048207148207148207148207148207148207148207148207148
20714820714820714820714820714820714820714820714820714820714820714820714820714820714820714820714820714820714820714820714820714820
71482071482071482071482071482071482071482172482172482172482172482172482172482172482172482172482172482172482172482172482172482172
48217248217248217248217248217248217248217248217248217248217248217248217248217248217248217248217248217248217248217248217248217248
21724821724821724821724821724821724821724821724821724821724821724821724821724821724821724821724821724821724821724821724821724821
72482172482172482172482172482172482172482172482172482172482172482172482172482172482172482172482071482071482071482071482071482071
48207148207148207148207148207148207148207148207148207148207148207148207148207148207148207148207148207148207148207148207148207148
2071482071482071482071482071482071482071482071482071482071481e70481e70481e70481e70481e70481e70481e70481e70481e70481e70481e70481e
70481e70481e70481e70481e70481e70481e70481e70481e70481e70481e70481d6f481d6f481d6f481d6f481d6f481d6f481d6f481d6f481d6f481d6f481d6f
481d6f481d6f481d6f481d6f481c6e481c6e481c6e481c6e481c6e481c6e481c6e481c6e481c6e481c6e481c6e481c6e481c6e481c6e481a6c481a6c481a6c48
1a6c481a6c481a6c481a6c481a6c481a6c481a6c481a6c481a6c481a6c481a6c481a6c48196b48196b48196b48196b48196b48196b48196b47186a47186a4718
6a47186a47186a47186a47186a47186a47186a47186a47186a47186a47186a47186a47186a471669471669471669471669471669471669471669471567471567
47156747156747156747156747156747146647146647146647146647146647146647146647146647116347116347116347116347116347116347116347146647
14664714664714664714664714664714664715674715674715674715674715674715674715674715674716694716694716694716694716694716694716694718
6a47186a47186a47186a47186a47186a47186a47186a47186a47186a47186a47186a47186a47186a47186a48196b48196b48196b48196b48196b48196b48196b
481a6c481a6c481a6c481a6c481a6c481a6c481a6c481a6c481a6c481a6c481a6c481a6c481a6c481a6c481c6e481c6e481c6e481c6e481c6e481c6e481c6e48
1c6e481c6e481c6e481c6e481c6e481c6e481c6e481c6e481d6f481d6f481d6f481d6f481d6f481d6f481d6f481d6f481d6f481d6f481d6f481d6f481d6f481d
6f481d6f481e70481e70481e70481e70481e70481e70481e70481e70481e70481e70481e70481e70481e70481e70481e70481e70481e70481e70481e70481e70
481e70481e7048207148207148207148207148207148207148207148207148207148207148207148207148207148207148207148207148207148207148207148
20714820714820714820714820714820714820714820714820714820714820714820714820714820714820714820714820714821724821724821724821724821
72482172482172482172482172482172482172482172482172482172482172482172482172482172482172482172482172482172482172482172482172482172
48217248217248217248217248217248217248217248217248217248217248217248217248217248217248217248217248217248217248217248217248217248
21724821724821724821724821724821724821724821724821724821724821724821724821724821724821724821724821724821724821724821724821724821
72482172482172482172482172482071482071482071482071482071482071482071482071482071482071482071482071482071482071482071482071482071
482071482071482071482071482071482071482071482071482071482071482071482071482071482071482071482071482071482071482071482071481e7048
1e70481e70481e70481e70481e70481e70481e70481e70481e70481e70481e70481e70481e70481e70481e70481e70481e70481e70481e70481e70481e70481d
6f481d6f481d6f481d6f481d6f481d6f481d6f481d6f481d6f481d6f481d6f481d6f481d6f481d6f481d6f481c6e481c6e481c6e481c6e481c6e481c6e481c6e
481c6e481c6e481c6e481c6e481c6e481c6e481c6e481a6c481a6c481a6c481a6c481a6c481a6c481a6c481a6c481a6c481a6c481a6c481a6c481a6c481a6c48
1a6c48196b48196b48196b48196b48196b48196b48196b47186a47186a47186a47186a47186a47186a47186a47186a47186a47186a47186a47186a47186a4718
6a47186a471669471669471669471669471669471669471669471567471567471567471567471567471567471567471466471466471466471466471466471466
47146647146647116347116347116347116347116347116347116347146647146647146647146647146647146647146647156747156747156747156747156747
156747156747156747166947166947166947166947166947166947166947186a47186a47186a47186a47186a47186a47186a47186a47186a47186a47186a4718
6a47186a47186a47186a48196b48196b48196b48196b48196b48196b48196b481a6c481a6c481a6c481a6c481a6c481a6c481a6c481a6c481a6c481a6c481a6c
481a6c481a6c481a6c481c6e481c6e481c6e481c6e481c6e481c6e481c6e481c6e481c6e481c6e481c6e481c6e481c6e481c6e481c6e481d6f481d6f481d6f48
1d6f481d6f481d6f481d6f481d6f481d6f481d6f481d6f481d6f481d6f481d6f481d6f481e70481e70481e70481e70481e70481e70481e70481e70481e70481e
70481e70481e70481e70481e70481e70481e70481e70481e70481e70481e70481e70481e70482071482071482071482071482071482071482071482071482071
48207148207148207148207148207148207148207148207148207148207148207148207148207148207148207148207148207148207148207148207148207148
20714820714820714820714820714820714821724821724821724821724821724821724821724821724821724821724821724821724821724821724821724821
72482172482172482172482172482172482172482172482172482172482172482172482172482172482172482172482172482172482172482172482172482172
48217248217248217248217248217248217248217248217248217248217248217248217248217248217248217248217248217248217248217248217248217248
21724821724821724821724821724821724821724821724821724821724821724821724821724821724821724820714820714820714820714820714820714820
71482071482071482071482071482071482071482071482071482071482071482071482071482071482071482071482071482071482071482071482071482071
482071482071482071482071482071482071482071482071482071481e70481e70481e70481e70481e70481e70481e70481e70481e70481e70481e70481e7048
1e70481e70481e70481e70481e70481e70481e70481e70481e70481e70481d6f481d6f481d6f481d6f481d6f481d6f481d6f481d6f481d6f481d6f481d6f481d
6f481d6f481d6f481d6f481c6e481c6e481c6e481c6e481c6e481c6e481c6e481c6e481c6e481c6e481c6e481c6e481c6e481c6e481a6c481a6c481a6c481a6c
481a6c481a6c481a6c481a6c481a6c481a6c481a6c481a6c481a6c481a6c481a6c48196b48196b48196b48196b48196b48196b48196b47186a47186a47186a47
186a47186a47186a47186a47186a47186a47186a47186a47186a47186a47186a47186a4716694716694716694716694716694716694716694715674715674715
67471567471567471567471567471466471466471466471466471466471466471466471466471163471163471163471163471163471163471163471466471466
47146647146647146647146647146647156747156747156747156747156747156747156747156747166947166947166947166947166947166947166947186a47
186a47186a47186a47186a47186a47186a47186a47186a47186a47186a47186a47186a47186a47186a48196b48196b48196b48196b48196b48196b48196b481a
6c481a6c481a6c481a6c481a6c481a6c481a6c481a6c481a6c481a6c481a6c481a6c481a6c481a6c481c6e481c6e481c6e481c6e481c6e481c6e481c6e481c6e
481c6e481c6e481c6e481c6e481c6e481c6e481c6e481d6f481d6f481d6f481d6f481d6f481d6f481d6f481d6f481d6f481d6f481d6f481d6f481d6f481d6f48
1d6f481e70481e70481e70481e70481e70481e70481e70481e70481e70481e70481e70481e70481e70481e70481e70481e70481e70481e70481e70481e70481e
70481e70482071482071482071482071482071482071482071482071482071482071482071482071482071482071482071482071482071482071482071482071
48207148207148207148207148207148207148207148207148207148207148207148207148207148207148207148207148217248217248217248217248217248
21724821724821724821724821724821724821724821724821724821724821724821724821724821724821724821724821724821724821724821724821724821
72482172482172482172482172482172482172482172482172482172482172482172482172482172482172482172482172482172482172482172482172482172
48217248217248217248217248217248217248217248217248217248217248217248217248217248217248217248217248217248217248217248217248217248
21724821724821724821724820714820714820714820714820714820714820714820714820714820714820714820714820714820714820714820714820714820
71482071482071482071482071482071482071482071482071482071482071482071482071482071482071482071482071482071482071482071481e70481e70
481e70481e70481e70481e70481e70481e70481e70481e70481e70481e70481e70481e70481e70481e70481e70481e70481e70481e70481e70481e70481d6f48
1d6f481d6f481d6f481d6f481d6f481d6f481d6f481d6f481d6f481d6f481d6f481d6f481d6f481d6f481c6e481c6e481c6e481c6e481c6e481c6e481c6e481c
6e481c6e481c6e481c6e481c6e481c6e481c6e481a6c481a6c481a6c481a6c481a6c481a6c481a6c481a6c481a6c481a6c481a6c481a6c481a6c481a6c481a6c
48196b48196b48196b48196b48196b48196b48196b47186a47186a47186a47186a47186a47186a47186a47186a47186a47186a47186a47186a47186a47186a47
186a4716694716694716694716694716694716694716694715674715674715674715674715674715674715674714664714664714664714664714664714664714
66471466471163471163471163471163471163471163471163471466471466471466471466471466471466471466471567471567471567471567471567471567
47156747156747166947166947166947166947166947166947166947186a47186a47186a47186a47186a47186a47186a47186a47186a47186a47186a47186a47
186a47186a47186a48196b48196b48196b48196b48196b48196b48196b481a6c481a6c481a6c481a6c481a6c481a6c481a6c481a6c481a6c481a6c481a6c481a
6c481a6c481a6c481c6e481c6e481c6e481c6e481c6e481c6e481c6e481c6e481c6e481c6e481c6e481c6e481c6e481c6e481c6e481d6f481d6f481d6f481d6f
481d6f481d6f481d6f481d6f481d6f481d6f481d6f481d6f481d6f481d6f481d6f481e70481e70481e70481e70481e70481e70481e70481e70481e70481e7048
1e70481e70481e70481e70481e70481e70481e70481e70481e70481e70481e70481e704820714820714820714820714820714820714820714820714820714820
71482071482071482071482071482071482071482071482071482071482071482071482071482071482071482071482071482071482071482071482071482071
48207148207148207148207148207148217248217248217248217248217248217248217248217248217248217248217248217248217248217248217248217248
21724821724821724821724821724821724821724821724821724821724821724821724821724821724821724821724821724821724821724821724821724821
72482172482172482172482172482172482172482172482172482172482172482172482172482172482172482172482172482172482172482172482172482172
48217248217248217248217248217248217248217248217248217248217248217248217248217248217248207148207148207148207148207148207148207148
20714820714820714820714820714820714820714820714820714820714820714820714820714820714820714820714820714820714820714820714820714820
71482071482071482071482071482071482071482071482071481e70481e70481e70481e70481e70481e70481e70481e70481e70481e70481e70481e70481e70
481e70481e70481e70481e70481e70481e70481e70481e70481e70481d6f481d6f481d6f481d6f481d6f481d6f481d6f481d6f481d6f481d6f481d6f481d6f48
1d6f481d6f481d6f481c6e481c6e481c6e481c6e481c6e481c6e481c6e481c6e481c6e481c6e481c6e481c6e481c6e481c6e481a6c481a6c481a6c481a6c481a
6c481a6c481a6c481a6c481a6c481a6c481a6c481a6c481a6c481a6c481a6c48196b48196b48196b48196b48196b48196b48196b47186a47186a47186a47186a
47186a47186a47186a47186a47186a47186a47186a47186a47186a47186a47186a47166947166947166947166947166947166947166947156747156747156747
15674715674715674715674714664714664714664714664714664714664714664714664711634711634711634711634711634711634711634714664714664714
6647146647146647146647146647156747156747156747156747156747156747156747156747166947166947166947166947166947166947166947186a47186a
47186a47186a47186a47186a47186a47186a47186a47186a47186a47186a47186a47186a47186a48196b48196b48196b48196b48196b48196b48196b481a6c48
1a6c481a6c481a6c481a6c481a6c481a6c481a6c481a6c481a6c481a6c481a6c481a6c481a6c481c6e481c6e481c6e481c6e481c6e481c6e481c6e481c6e481c
6e481c6e481c6e481c6e481c6e481c6e481c6e481d6f481d6f481d6f481d6f481d6f481d6f481d6f481d6f481d6f481d6f481d6f481d6f481d6f481d6f481d6f
481e70481e70481e70481e70481e70481e70481e70481e70481e70481e70481e70481e70481e70481e70481e70481e70481e70481e70481e70481e70481e7048
1e704820714820714820714820714820714820714820714820714820714820714820714820714820714820714820714820714820714820714820714820714820
71482071482071482071482071482071482071482071482071482071482071482071482071482071482071482071482172482172482172482172482172482172
48217248217248217248217248217248217248217248217248217248217248217248217248217248217248217248217248217248217248217248217248217248
21724821724821724821724821724821724821724821724821724821724821724821724821724821724821724821724821724821724821724821724821724821
72482172482172482172482172482172482172482172482172482172482172482172482172482172482172482172482172482172482172482172482172482172
48217248217248217248207148207148207148207148207148207148207148207148207148207148207148207148207148207148207148207148207148207148
2071482071482071482071482071482071482071482071482071482071482071482071482071482071482071482071482071482071482071481e70481e70481e
70481e70481e70481e70481e70481e70481e70481e70481e70481e70481e70481e70481e70481e70481e70481e70481e70481e70481e70481e70481d6f481d6f
481d6f481d6f481d6f481d6f481d6f481d6f481d6f481d6f481d6f481d6f481d6f481d6f481d6f481c6e481c6e481c6e481c6e481c6e481c6e481c6e481c6e48
1c6e481c6e481c6e481c6e481c6e481c6e481a6c481a6c481a6c481a6c481a6c481a6c481a6c481a6c481a6c481a6c481a6c481a6c481a6c481a6c481a6c4819
6b48196b48196b48196b48196b48196b48196b47186a47186a47186a47186a47186a47186a47186a47186a47186a47186a47186a47186a47186a47186a47186a
47166947166947166947166947166947166947166947156747156747156747156747156747156747156747146647146647146647146647146647146647146647
1466471163471163471163471163471163471163471163470f62470f62470f62470f62470f62470f62470f624711634711634711634711634711634711634711
63471163471265471265471265471265471265471265471265471466471466471466471466471466471466471466471466471466471466471466471466471466
47146647146647156747156747156747156747156747156747156747166947166947166947166947166947166947166947166947166947166947166947166947
166947166947186a47186a47186a47186a47186a47186a47186a47186a47186a47186a47186a47186a47186a47186a47186a47186a47186a47186a47186a4718
6a47186a47186a48196b48196b48196b48196b48196b48196b48196b48196b48196b48196b48196b48196b48196b48196b48196b48196b48196b48196b48196b
48196b48196b48196b481a6c481a6c481a6c481a6c481a6c481a6c481a6c481a6c481a6c481a6c481a6c481a6c481a6c481a6c481a6c481a6c481a6c481a6c48
1a6c481a6c481a6c481a6c481a6c481a6c481a6c481a6c481a6c481a6c481a6c481a6c481a6c481a6c481a6c481a6c481a6c481a6c481a6c481c6e481c6e481c
6e481c6e481c6e481c6e481c6e481c6e481c6e481c6e481c6e481c6e481c6e481c6e481c6e481c6e481c6e481c6e481c6e481c6e481c6e481c6e481c6e481c6e
481c6e481c6e481c6e481c6e481c6e481c6e481c6e481c6e481c6e481c6e481c6e481c6e481c6e481c6e481c6e481c6e481c6e481c6e481c6e481c6e481c6e48
1c6e481c6e481c6e481c6e481c6e481c6e481c6e481c6e481c6e481c6e481c6e481c6e481c6e481c6e481c6e481c6e481c6e481c6e481c6e481c6e481c6e481c
6e481c6e481c6e481c6e481c6e481c6e481c6e481c6e481c6e481c6e481c6e481c6e481c6e481c6e481c6e481c6e481c6e481c6e481c6e481c6e481c6e481c6e
481a6c481a6c481a6c481a6c481a6c481a6c481a6c481a6c481a6c481a6c481a6c481a6c481a6c481a6c481a6c481a6c481a6c481a6c481a6c481a6c481a6c48
1a6c481a6c481a6c481a6c481a6c481a6c481a6c481a6c481a6c481a6c481a6c481a6c481a6c481a6c481a6c48196b48196b48196b48196b48196b48196b4819
6b48196b48196b48196b48196b48196b48196b48196b48196b48196b48196b48196b48196b48196b48196b48196b47186a47186a47186a47186a47186a47186a
47186a47186a47186a47186a47186a47186a47186a47186a47186a47186a47186a47186a47186a47186a47186a47186a47166947166947166947166947166947
16694716694716694716694716694716694716694716694716694716694715674715674715674715674715674715674715674714664714664714664714664714
66471466471466471466471466471466471466471466471466471466471466471265471265471265471265471265471265471265471163471163471163471163
471163471163471163470f62470f62470f62470f62470f62470f62470f62470f62460e61460e61460e61460e61460e61460e61460e61470f62470f62470f6247
0f62470f62470f62470f624711634711634711634711634711634711634711634711634712654712654712654712654712654712654712654714664714664714
66471466471466471466471466471466471466471466471466471466471466471466471466471567471567471567471567471567471567471567471669471669
47166947166947166947166947166947166947166947166947166947166947166947166947186a47186a47186a47186a47186a47186a47186a47186a47186a47
186a47186a47186a47186a47186a47186a47186a47186a47186a47186a47186a47186a47186a48196b48196b48196b48196b48196b48196b48196b48196b4819
6b48196b48196b48196b48196b48196b48196b48196b48196b48196b48196b48196b48196b48196b481a6c481a6c481a6c481a6c481a6c481a6c481a6c481a6c
481a6c481a6c481a6c481a6c481a6c481a6c481a6c481a6c481a6c481a6c481a6c481a6c481a6c481a6c481a6c481a6c481a6c481a6c481a6c481a6c481a6c48
1a6c481a6c481a6c481a6c481a6c481a6c481a6c481a6c481c6e481c6e481c6e481c6e481c6e481c6e481c6e481c6e481c6e481c6e481c6e481c6e481c6e481c
6e481c6e481c6e481c6e481c6e481c6e481c6e481c6e481c6e481c6e481c6e481c6e481c6e481c6e481c6e481c6e481c6e481c6e481c6e481c6e481c6e481c6e
481c6e481c6e481c6e481c6e481c6e481c6e481c6e481c6e481c6e481c6e481c6e481c6e481c6e481c6e481c6e481c6e481c6e481c6e481c6e481c6e481c6e48
1c6e481c6e481c6e481c6e481c6e481c6e481c6e481c6e481c6e481c6e481c6e481c6e481c6e481c6e481c6e481c6e481c6e481c6e481c6e481c6e481c6e481c
6e481c6e481c6e481c6e481c6e481c6e481c6e481c6e481c6e481c6e481c6e481a6c481a6c481a6c481a6c481a6c481a6c481a6c481a6c481a6c481a6c481a6c
481a6c481a6c481a6c481a6c481a6c481a6c481a6c481a6c481a6c481a6c481a6c481a6c481a6c481a6c481a6c481a6c481a6c481a6c481a6c481a6c481a6c48
1a6c481a6c481a6c481a6c48196b48196b48196b48196b48196b48196b48196b48196b48196b48196b48196b48196b48196b48196b48196b48196b48196b4819
6b48196b48196b48196b48196b47186a47186a47186a47186a47186a47186a47186a47186a47186a47186a47186a47186a47186a47186a47186a47186a47186a
47186a47186a47186a47186a47186a47166947166947166947166947166947166947166947166947166947166947166947166947166947166947166947156747
15674715674715674715674715674715674714664714664714664714664714664714664714664714664714664714664714664714664714664714664714664712
65471265471265471265471265471265471265471163471163471163471163471163471163471163470f62470f62470f62470f62470f62470f62470f62470f62
460e61460e61460e61460e61460e61460e61460e61470f62470f62470f62470f62470f62470f62470f6247116347116347116347116347116347116347116347
11634712654712654712654712654712654712654712654714664714664714664714664714664714664714664714664714664714664714664714664714664714
66471466471567471567471567471567471567471567471567471669471669471669471669471669471669471669471669471669471669471669471669471669
47166947186a47186a47186a47186a47186a47186a47186a47186a47186a47186a47186a47186a47186a47186a47186a47186a47186a47186a47186a47186a47
186a47186a48196b48196b48196b48196b48196b48196b48196b48196b48196b48196b48196b48196b48196b48196b48196b48196b48196b48196b48196b4819
6b48196b48196b481a6c481a6c481a6c481a6c481a6c481a6c481a6c481a6c481a6c481a6c481a6c481a6c481a6c481a6c481a6c481a6c481a6c481a6c481a6c
481a6c481a6c481a6c481a6c481a6c481a6c481a6c481a6c481a6c481a6c481a6c481a6c481a6c481a6c481a6c481a6c481a6c481a6c481c6e481c6e481c6e48
1c6e481c6e481c6e481c6e481c6e481c6e481c6e481c6e481c6e481c6e481c6e481c6e481c6e481c6e481c6e481c6e481c6e481c6e481c6e481c6e481c6e481c
6e481c6e481c6e481c6e481c6e481c6e481c6e481c6e481c6e481c6e481c6e481c6e481c6e481c6e481c6e481c6e481c6e481c6e481c6e481c6e481c6e481c6e
481c6e481c6e481c6e481c6e481c6e481c6e481c6e481c6e481c6e481c6e481c6e481c6e481c6e481c6e481c6e481c6e481c6e481c6e481c6e481c6e481c6e48
1c6e481c6e481c6e481c6e481c6e481c6e481c6e481c6e481c6e481c6e481c6e481c6e481c6e481c6e481c6e481c6e481c6e481c6e481c6e481c6e481c6e481a
6c481a6c481a6c481a6c481a6c481a6c481a6c481a6c481a6c481a6c481a6c481a6c481a6c481a6c481a6c481a6c481a6c481a6c481a6c481a6c481a6c481a6c
481a6c481a6c481a6c481a6c481a6c481a6c481a6c481a6c481a6c481a6c481a6c481a6c481a6c481a6c48196b48196b48196b48196b48196b48196b48196b48
196b48196b48196b48196b48196b48196b48196b48196b48196b48196b48196b48196b48196b48196b48196b47186a47186a47186a47186a47186a47186a4718
6a47186a47186a47186a47186a47186a47186a47186a47186a47186a47186a47186a47186a47186a47186a47186a471669471669471669471669471669471669
47166947166947166947166947166947166947166947166947166947156747156747156747156747156747156747156747146647146647146647146647146647
14664714664714664714664714664714664714664714664714664714664712654712654712654712654712654712654712654711634711634711634711634711
63471163471163470f62470f62470f62470f62470f62470f62470f62470f62460e61460e61460e61460e61460e61460e61460e61470f62470f62470f62470f62
470f62470f62470f6247116347116347116347116347116347116347116347116347126547126547126547126547126547126547126547146647146647146647
14664714664714664714664714664714664714664714664714664714664714664714664715674715674715674715674715674715674715674716694716694716
6947166947166947166947166947166947166947166947166947166947166947166947186a47186a47186a47186a47186a47186a47186a47186a47186a47186a
47186a47186a47186a47186a47186a47186a47186a47186a47186a47186a47186a47186a48196b48196b48196b48196b48196b48196b48196b48196b48196b48
196b48196b48196b48196b48196b48196b48196b48196b48196b48196b48196b48196b48196b481a6c481a6c481a6c481a6c481a6c481a6c481a6c481a6c481a
6c481a6c481a6c481a6c481a6c481a6c481a6c481a6c481a6c481a6c481a6c481a6c481a6c481a6c481a6c481a6c481a6c481a6c481a6c481a6c481a6c481a6c
481a6c481a6c481a6c481a6c481a6c481a6c481a6c481c6e481c6e481c6e481c6e481c6e481c6e481c6e481c6e481c6e481c6e481c6e481c6e481c6e481c6e48
1c6e481c6e481c6e481c6e481c6e481c6e481c6e481c6e481c6e481c6e481c6e481c6e481c6e481c6e481c6e481c6e481c6e481c6e481c6e481c6e481c6e481c
6e481c6e481c6e481c6e481c6e481c6e481c6e481c6e481c6e481c6e481c6e481c6e481c6e481c6e481c6e481c6e481c6e481c6e481c6e481c6e481c6e481c6e
481c6e481c6e481c6e481c6e481c6e481c6e481c6e481c6e481c6e481c6e481c6e481c6e481c6e481c6e481c6e481c6e481c6e481c6e481c6e481c6e481c6e48
1c6e481c6e481c6e481c6e481c6e481c6e481c6e481c6e481c6e481c6e481a6c481a6c481a6c481a6c481a6c481a6c481a6c481a6c481a6c481a6c481a6c481a
6c481a6c481a6c481a6c481a6c481a6c481a6c481a6c481a6c481a6c481a6c481a6c481a6c481a6c481a6c481a6c481a6c481a6c481a6c481a6c481a6c481a6c
481a6c481a6c481a6c48196b48196b48196b48196b48196b48196b48196b48196b48196b48196b48196b48196b48196b48196b48196b48196b48196b48196b48
196b48196b48196b48196b47186a47186a47186a47186a47186a47186a47186a47186a47186a47186a47186a47186a47186a47186a47186a47186a47186a4718
6a47186a47186a47186a47186a471669471669471669471669471669471669471669471669471669471669471669471669471669471669471669471567471567
47156747156747156747156747156747146647146647146647146647146647146647146647146647146647146647146647146647146647146647146647126547
1265471265471265471265471265471265471163471163471163471163471163471163471163470f62470f62470f62470f62470f62470f62470f62470f62460e
61460e61460e61460e61460e61460e61460e61470f62470f62470f62470f62470f62470f62470f62471163471163471163471163471163471163471163471163
47126547126547126547126547126547126547126547146647146647146647146647146647146647146647146647146647146647146647146647146647146647
14664715674715674715674715674715674715674715674716694716694716694716694716694716694716694716694716694716694716694716694716694716
6947186a47186a47186a47186a47186a47186a47186a47186a47186a47186a47186a47186a47186a47186a47186a47186a47186a47186a47186a47186a47186a
47186a48196b48196b48196b48196b48196b48196b48196b48196b48196b48196b48196b48196b48196b48196b48196b48196b48196b48196b48196b48196b48
196b48196b481a6c481a6c481a6c481a6c481a6c481a6c481a6c481a6c481a6c481a6c481a6c481a6c481a6c481a6c481a6c481a6c481a6c481a6c481a6c481a
6c481a6c481a6c481a6c481a6c481a6c481a6c481a6c481a6c481a6c481a6c481a6c481a6c481a6c481a6c481a6c481a6c481a6c481c6e481c6e481c6e481c6e
481c6e481c6e481c6e481c6e481c6e481c6e481c6e481c6e481c6e481c6e481c6e481c6e481c6e481c6e481c6e481c6e481c6e481c6e481c6e481c6e481c6e48
1c6e481c6e481c6e481c6e481c6e481c6e481c6e481c6e481c6e481c6e481c6e481c6e481c6e481c6e481c6e481c6e481c6e481c6e481c6e481c6e481c6e481c
6e481c6e481c6e481c6e481c6e481c6e481c6e481c6e481c6e481c6e481c6e481c6e481c6e481c6e481c6e481c6e481c6e481c6e481c6e481c6e481c6e481c6e
481c6e481c6e481c6e481c6e481c6e481c6e481c6e481c6e481c6e481c6e481c6e481c6e481c6e481c6e481c6e481c6e481c6e481c6e481c6e481c6e481a6c48
1a6c481a6c481a6c481a6c481a6c481a6c481a6c481a6c481a6c481a6c481a6c481a6c481a6c481a6c481a6c481a6c481a6c481a6c481a6c481a6c481a6c481a
6c481a6c481a6c481a6c481a6c481a6c481a6c481a6c481a6c481a6c481a6c481a6c481a6c481a6c48196b48196b48196b48196b48196b48196b48196b48196b
48196b48196b48196b48196b48196b48196b48196b48196b48196b48196b48196b48196b48196b48196b47186a47186a47186a47186a47186a47186a47186a47
186a47186a47186a47186a47186a47186a47186a47186a47186a47186a47186a47186a47186a47186a47186a4716694716694716694716694716694716694716
69471669471669471669471669471669471669471669471669471567471567471567471567471567471567471567471466471466471466471466471466471466
47146647146647146647146647146647146647146647146647146647126547126547126547126547126547126547126547116347116347116347116347116347
1163471163470f62470f62470f62470f62470f62470f62470f62470f62460e61460e61460e61460e61460e61460e61460e61470f62470f62470f62470f62470f
62470f62470f62471163471163471163471163471163471163471163471163471265471265471265471265471265471265471265471466471466471466471466
47146647146647146647146647146647146647146647146647146647146647146647156747156747156747156747156747156747156747166947166947166947
166947166947166947166947166947166947166947166947166947166947166947186a47186a47186a47186a47186a47186a47186a47186a47186a47186a4718
6a47186a47186a47186a47186a47186a47186a47186a47186a47186a47186a47186a48196b48196b48196b48196b48196b48196b48196b48196b48196b48196b
48196b48196b48196b48196b48196b48196b48196b48196b48196b48196b48196b48196b481a6c481a6c481a6c481a6c481a6c481a6c481a6c481a6c481a6c48
1a6c481a6c481a6c481a6c481a6c481a6c481a6c481a6c481a6c481a6c481a6c481a6c481a6c481a6c481a6c481a6c481a6c481a6c481a6c481a6c481a6c481a
6c481a6c481a6c481a6c481a6c481a6c481a6c481c6e481c6e481c6e481c6e481c6e481c6e481c6e481c6e481c6e481c6e481c6e481c6e481c6e481c6e481c6e
481c6e481c6e481c6e481c6e481c6e481c6e481c6e481c6e481c6e481c6e481c6e481c6e481c6e481c6e481c6e481c6e481c6e481c6e481c6e481c6e481c6e48
1c6e481c6e481c6e481c6e481c6e481c6e481c6e481c6e481c6e481c6e481c6e481c6e481c6e481c6e481c6e481c6e481c6e481c6e481c6e481c6e481c6e481c
6e481c6e481c6e481c6e481c6e481c6e481c6e481c6e481c6e481c6e481c6e481c6e481c6e481c6e481c6e481c6e481c6e481c6e481c6e481c6e481c6e481c6e
481c6e481c6e481c6e481c6e481c6e481c6e481c6e481c6e481c6e481a6c481a6c481a6c481a6c481a6c481a6c481a6c481a6c481a6c481a6c481a6c481a6c48
1a6c481a6c481a6c481a6c481a6c481a6c481a6c481a6c481a6c481a6c481a6c481a6c481a6c481a6c481a6c481a6c481a6c481a6c481a6c481a6c481a6c481a
6c481a6c481a6c48196b48196b48196b48196b48196b48196b48196b48196b48196b48196b48196b48196b48196b48196b48196b48196b48196b48196b48196b
48196b48196b48196b47186a47186a47186a47186a47186a47186a47186a47186a47186a47186a47186a47186a47186a47186a47186a47186a47186a47186a47
186a47186a47186a47186a4716694716694716694716694716694716694716694716694716694716694716694716694716694716694716694715674715674715
67471567471567471567471567471466471466471466471466471466471466471466471466471466471466471466471466471466471466471466471265471265
471265471265471265471265471265471163471163471163471163471163471163471163470f62470f62470f62470f62470f62470f62470f62470f62460e6146
0e61460e61460e61460e61460e61460e61470f62470f62470f62470f62470f62470f62470f624711634711634711634711634711634711634711634711634712
65471265471265471265471265471265471265471466471466471466471466471466471466471466471466471466471466471466471466471466471466471466
47156747156747156747156747156747156747156747166947166947166947166947166947166947166947166947166947166947166947166947166947166947
186a47186a47186a47186a47186a47186a47186a47186a47186a47186a47186a47186a47186a47186a47186a47186a47186a47186a47186a47186a47186a4718
6a48196b48196b48196b48196b48196b48196b48196b48196b48196b48196b48196b48196b48196b48196b48196b48196b48196b48196b48196b48196b48196b
48196b481a6c481a6c481a6c481a6c481a6c481a6c481a6c481a6c481a6c481a6c481a6c481a6c481a6c481a6c481a6c481a6c481a6c481a6c481a6c481a6c48
1a6c481a6c481a6c481a6c481a6c481a6c481a6c481a6c481a6c481a6c481a6c481a6c481a6c481a6c481a6c481a6c481a6c481c6e481c6e481c6e481c6e481c
6e481c6e481c6e481c6e481c6e481c6e481c6e481c6e481c6e481c6e481c6e481c6e481c6e481c6e481c6e481c6e481c6e481c6e481c6e481c6e481c6e481c6e
481c6e481c6e481c6e481c6e481c6e481c6e481c6e481c6e481c6e481c6e481c6e481c6e481c6e481c6e481c6e481c6e481c6e481c6e481c6e481c6e481c6e48
1c6e481c6e481c6e481c6e481c6e481c6e481c6e481c6e481c6e481c6e481c6e481c6e481c6e481c6e481c6e481c6e481c6e481c6e481c6e481c6e481c6e481c
6e481c6e481c6e481c6e481c6e481c6e481c6e481c6e481c6e481c6e481c6e481c6e481c6e481c6e481c6e481c6e481c6e481c6e481c6e481c6e481a6c481a6c
481a6c481a6c481a6c481a6c481a6c481a6c481a6c481a6c481a6c481a6c481a6c481a6c481a6c481a6c481a6c481a6c481a6c481a6c481a6c481a6c481a6c48
1a6c481a6c481a6c481a6c481a6c481a6c481a6c481a6c481a6c481a6c481a6c481a6c481a6c48196b48196b48196b48196b48196b48196b48196b48196b4819
6b48196b48196b48196b48196b48196b48196b48196b48196b48196b48196b48196b48196b48196b47186a47186a47186a47186a47186a47186a47186a47186a
47186a47186a47186a47186a47186a47186a47186a47186a47186a47186a47186a47186a47186a47186a47166947166947166947166947166947166947166947
16694716694716694716694716694716694716694716694715674715674715674715674715674715674715674714664714664714664714664714664714664714
66471466471466471466471466471466471466471466471466471265471265471265471265471265471265471265471163471163471163471163471163471163
471163470f62470f62470f62470f62470f62470f62470f62470f62460e61460e61460e61460e61460e61460e61460e61460c5f460c5f460c5f460c5f460c5f46
0c5f460c5f460c5f460c5f460c5f460c5f460c5f460c5f460c5f460c5f460e61460e61460e61460e61460e61460e61460e61470f62470f62470f62470f62470f
62470f62470f62471163471163471163471163471163471163471163471163471163471163471163471163471163471163471163471265471265471265471265
47126547126547126547126547126547126547126547126547126547126547126547126547126547126547126547126547126547126547146647146647146647
14664714664714664714664714664714664714664714664714664714664714664714664714664714664714664714664714664714664714664715674715674715
67471567471567471567471567471567471567471567471567471567471567471567471567471567471567471567471567471567471567471567471567471567
47156747156747156747156747156747156747156747156747156747156747156747156747156747156747156747156747156747156747156747156747166947
16694716694716694716694716694716694716694716694716694716694716694716694716694716694716694716694716694716694716694716694716694716
69471669471669471669471669471669471669471669471669471669471669471669471669471669471669471669471669471669471669471669471669471669
47166947166947166947166947166947166947166947166947166947166947166947166947166947166947166947166947166947166947166947166947166947
16694716694716694716694716694716694716694716694716694716694716694716694716694716694716694716694716694716694716694716694716694716
69471669471669471669471669471669471669471669471669471669471669471669471669471669471669471669471567471567471567471567471567471567
47156747156747156747156747156747156747156747156747156747156747156747156747156747156747156747156747156747156747156747156747156747
15674715674715674715674715674715674715674715674715674715674715674715674715674715674715674715674715674714664714664714664714664714
66471466471466471466471466471466471466471466471466471466471466471466471466471466471466471466471466471466471265471265471265471265
47126547126547126547126547126547126547126547126547126547126547126547126547126547126547126547126547126547126547116347116347116347
1163471163471163471163471163471163471163471163471163471163471163470f62470f62470f62470f62470f62470f62470f62470f62460e61460e61460e
61460e61460e61460e61460e61460c5f460c5f460c5f460c5f460c5f460c5f460c5f460c5f460c5f460c5f460c5f460c5f460c5f460c5f460c5f460b5e460b5e
460b5e460b5e460b5e460b5e460b5e460c5f460c5f460c5f460c5f460c5f460c5f460c5f460c5f460c5f460c5f460c5f460c5f460c5f460c5f460c5f460e6146
0e61460e61460e61460e61460e61460e61470f62470f62470f62470f62470f62470f62470f624711634711634711634711634711634711634711634711634711
63471163471163471163471163471163471163471265471265471265471265471265471265471265471265471265471265471265471265471265471265471265
47126547126547126547126547126547126547126547146647146647146647146647146647146647146647146647146647146647146647146647146647146647
14664714664714664714664714664714664714664714664715674715674715674715674715674715674715674715674715674715674715674715674715674715
67471567471567471567471567471567471567471567471567471567471567471567471567471567471567471567471567471567471567471567471567471567
47156747156747156747156747156747156747156747156747156747166947166947166947166947166947166947166947166947166947166947166947166947
16694716694716694716694716694716694716694716694716694716694716694716694716694716694716694716694716694716694716694716694716694716
69471669471669471669471669471669471669471669471669471669471669471669471669471669471669471669471669471669471669471669471669471669
47166947166947166947166947166947166947166947166947166947166947166947166947166947166947166947166947166947166947166947166947166947
16694716694716694716694716694716694716694716694716694716694716694716694716694716694716694716694716694716694716694716694716694716
69471669471669471669471669471567471567471567471567471567471567471567471567471567471567471567471567471567471567471567471567471567
47156747156747156747156747156747156747156747156747156747156747156747156747156747156747156747156747156747156747156747156747156747
15674715674715674715674715674715674714664714664714664714664714664714664714664714664714664714664714664714664714664714664714664714
66471466471466471466471466471466471466471265471265471265471265471265471265471265471265471265471265471265471265471265471265471265
47126547126547126547126547126547126547126547116347116347116347116347116347116347116347116347116347116347116347116347116347116347
0f62470f62470f62470f62470f62470f62470f62470f62460e61460e61460e61460e61460e61460e61460e61460c5f460c5f460c5f460c5f460c5f460c5f460c
5f460c5f460c5f460c5f460c5f460c5f460c5f460c5f460c5f460b5e460b5e460b5e460b5e460b5e460b5e460b5e460c5f460c5f460c5f460c5f460c5f460c5f
460c5f460c5f460c5f460c5f460c5f460c5f460c5f460c5f460c5f460e61460e61460e61460e61460e61460e61460e61470f62470f62470f62470f62470f6247
0f62470f624711634711634711634711634711634711634711634711634711634711634711634711634711634711634711634712654712654712654712654712
65471265471265471265471265471265471265471265471265471265471265471265471265471265471265471265471265471265471466471466471466471466
47146647146647146647146647146647146647146647146647146647146647146647146647146647146647146647146647146647146647156747156747156747
15674715674715674715674715674715674715674715674715674715674715674715674715674715674715674715674715674715674715674715674715674715
67471567471567471567471567471567471567471567471567471567471567471567471567471567471567471567471567471567471567471567471669471669
47166947166947166947166947166947166947166947166947166947166947166947166947166947166947166947166947166947166947166947166947166947
16694716694716694716694716694716694716694716694716694716694716694716694716694716694716694716694716694716694716694716694716694716
69471669471669471669471669471669471669471669471669471669471669471669471669471669471669471669471669471669471669471669471669471669
47166947166947166947166947166947166947166947166947166947166947166947166947166947166947166947166947166947166947166947166947166947
16694716694716694716694716694716694716694716694716694716694716694716694716694716694716694715674715674715674715674715674715674715
67471567471567471567471567471567471567471567471567471567471567471567471567471567471567471567471567471567471567471567471567471567
47156747156747156747156747156747156747156747156747156747156747156747156747156747156747156747156747146647146647146647146647146647
14664714664714664714664714664714664714664714664714664714664714664714664714664714664714664714664714664712654712654712654712654712
65471265471265471265471265471265471265471265471265471265471265471265471265471265471265471265471265471265471163471163471163471163
471163471163471163471163471163471163471163471163471163471163470f62470f62470f62470f62470f62470f62470f62470f62460e61460e61460e6146
0e61460e61460e61460e61460c5f460c5f460c5f460c5f460c5f460c5f460c5f460c5f460c5f460c5f460c5f460c5f460c5f460c5f460c5f460b5e460b5e460b
5e460b5e460b5e460b5e460b5e460c5f460c5f460c5f460c5f460c5f460c5f460c5f460c5f460c5f460c5f460c5f460c5f460c5f460c5f460c5f460e61460e61
460e61460e61460e61460e61460e61470f62470f62470f62470f62470f62470f62470f6247116347116347116347116347116347116347116347116347116347
11634711634711634711634711634711634712654712654712654712654712654712654712654712654712654712654712654712654712654712654712654712
65471265471265471265471265471265471265471466471466471466471466471466471466471466471466471466471466471466471466471466471466471466
47146647146647146647146647146647146647146647156747156747156747156747156747156747156747156747156747156747156747156747156747156747
15674715674715674715674715674715674715674715674715674715674715674715674715674715674715674715674715674715674715674715674715674715
67471567471567471567471567471567471567471567471567471669471669471669471669471669471669471669471669471669471669471669471669471669
47166947166947166947166947166947166947166947166947166947166947166947166947166947166947166947166947166947166947166947166947166947
16694716694716694716694716694716694716694716694716694716694716694716694716694716694716694716694716694716694716694716694716694716
69471669471669471669471669471669471669471669471669471669471669471669471669471669471669471669471669471669471669471669471669471669
47166947166947166947166947166947166947166947166947166947166947166947166947166947166947166947166947166947166947166947166947166947
16694716694716694716694715674715674715674715674715674715674715674715674715674715674715674715674715674715674715674715674715674715
67471567471567471567471567471567471567471567471567471567471567471567471567471567471567471567471567471567471567471567471567471567
47156747156747156747156747156747146647146647146647146647146647146647146647146647146647146647146647146647146647146647146647146647
14664714664714664714664714664714664712654712654712654712654712654712654712654712654712654712654712654712654712654712654712654712
65471265471265471265471265471265471265471163471163471163471163471163471163471163471163471163471163471163471163471163471163470f62
470f62470f62470f62470f62470f62470f62470f62460e61460e61460e61460e61460e61460e61460e61460c5f460c5f460c5f460c5f460c5f460c5f460c5f46
0c5f460c5f460c5f460c5f460c5f460c5f460c5f460c5f460b5e460b5e460b5e460b5e460b5e460b5e460b5e460c5f460c5f460c5f460c5f460c5f460c5f460c
5f460c5f460c5f460c5f460c5f460c5f460c5f460c5f460c5f460e61460e61460e61460e61460e61460e61460e61470f62470f62470f62470f62470f62470f62
470f6247116347116347116347116347116347116347116347116347116347116347116347116347116347116347116347126547126547126547126547126547
12654712654712654712654712654712654712654712654712654712654712654712654712654712654712654712654712654714664714664714664714664714
66471466471466471466471466471466471466471466471466471466471466471466471466471466471466471466471466471466471567471567471567471567
47156747156747156747156747156747156747156747156747156747156747156747156747156747156747156747156747156747156747156747156747156747
15674715674715674715674715674715674715674715674715674715674715674715674715674715674715674715674715674715674715674716694716694716
69471669471669471669471669471669471669471669471669471669471669471669471669471669471669471669471669471669471669471669471669471669
47166947166947166947166947166947166947166947166947166947166947166947166947166947166947166947166947166947166947166947166947166947
16694716694716694716694716694716694716694716694716694716694716694716694716694716694716694716694716694716694716694716694716694716
69471669471669471669471669471669471669471669471669471669471669471669471669471669471669471669471669471669471669471669471669471669
47166947166947166947166947166947166947166947166947166947166947166947166947166947166947156747156747156747156747156747156747156747
15674715674715674715674715674715674715674715674715674715674715674715674715674715674715674715674715674715674715674715674715674715
67471567471567471567471567471567471567471567471567471567471567471567471567471567471567471567471466471466471466471466471466471466
47146647146647146647146647146647146647146647146647146647146647146647146647146647146647146647146647126547126547126547126547126547
12654712654712654712654712654712654712654712654712654712654712654712654712654712654712654712654712654711634711634711634711634711
63471163471163471163471163471163471163471163471163471163470f62470f62470f62470f62470f62470f62470f62470f62460e61460e61460e61460e61
460e61460e61460e61460c5f460c5f460c5f460c5f460c5f460c5f460c5f460c5f460c5f460c5f460c5f460c5f460c5f460c5f460c5f460b5e460b5e460b5e46
0b5e460b5e460b5e460b5e460c5f460c5f460c5f460c5f460c5f460c5f460c5f460c5f460c5f460c5f460c5f460c5f460c5f460c5f460c5f460e61460e61460e
61460e61460e61460e61460e61470f62470f62470f62470f62470f62470f62470f62471163471163471163471163471163471163471163471163471163471163
47116347116347116347116347116347126547126547126547126547126547126547126547126547126547126547126547126547126547126547126547126547
12654712654712654712654712654712654714664714664714664714664714664714664714664714664714664714664714664714664714664714664714664714
66471466471466471466471466471466471466471567471567471567471567471567471567471567471567471567471567471567471567471567471567471567
47156747156747156747156747156747156747156747156747156747156747156747156747156747156747156747156747156747156747156747156747156747
15674715674715674715674715674715674715674715674716694716694716694716694716694716694716694716694716694716694716694716694716694716
69471669471669471669471669471669471669471669471669471669471669471669471669471669471669471669471669471669471669471669471669471669
47166947166947166947166947166947166947166947166947166947166947166947166947166947166947166947166947166947166947166947166947166947
16694716694716694716694716694716694716694716694716694716694716694716694716694716694716694716694716694716694716694716694716694716
69471669471669471669471669471669471669471669471669471669471669471669471669471669471669471669471669471669471669471669471669471669
47166947166947166947156747156747156747156747156747156747156747156747156747156747156747156747156747156747156747156747156747156747
15674715674715674715674715674715674715674715674715674715674715674715674715674715674715674715674715674715674715674715674715674715
67471567471567471567471567471466471466471466471466471466471466471466471466471466471466471466471466471466471466471466471466471466
47146647146647146647146647146647126547126547126547126547126547126547126547126547126547126547126547126547126547126547126547126547
1265471265471265471265471265471265471163471163471163471163471163471163471163471163471163471163471163471163471163471163470f62470f
62470f62470f62470f62470f62470f62470f62460e61460e61460e61460e61460e61460e61460e61460c5f460c5f460c5f460c5f460c5f460c5f460c5f460c5f
460c5f460c5f460c5f460c5f460c5f460c5f460c5f460b5e460b5e460b5e460b5e460b5e460b5e460b5e460c5f460c5f460c5f460c5f460c5f460c5f460c5f46
0c5f460c5f460c5f460c5f460c5f460c5f460c5f460c5f460e61460e61460e61460e61460e61460e61460e61470f62470f62470f62470f62470f62470f62470f
62471163471163471163471163471163471163471163471163471163471163471163471163471163471163471163471265471265471265471265471265471265
47126547126547126547126547126547126547126547126547126547126547126547126547126547126547126547126547146647146647146647146647146647
14664714664714664714664714664714664714664714664714664714664714664714664714664714664714664714664714664715674715674715674715674715
67471567471567471567471567471567471567471567471567471567471567471567471567471567471567471567471567471567471567471567471567471567
47156747156747156747156747156747156747156747156747156747156747156747156747156747156747156747156747156747156747166947166947166947
16694716694716694716694716694716694716694716694716694716694716694716694716694716694716694716694716694716694716694716694716694716
69471669471669471669471669471669471669471669471669471669471669471669471669471669471669471669471669471669471669471669471669471669
47166947166947166947166947166947166947166947166947166947166947166947166947166947166947166947166947166947166947166947166947166947
16694716694716694716694716694716694716694716694716694716694716694716694716694716694716694716694716694716694716694716694716694716
69471669471669471669471669471669471669471669471669471669471669471669471669471669471567471567471567471567471567471567471567471567
47156747156747156747156747156747156747156747156747156747156747156747156747156747156747156747156747156747156747156747156747156747
15674715674715674715674715674715674715674715674715674715674715674715674715674715674715674714664714664714664714664714664714664714
66471466471466471466471466471466471466471466471466471466471466471466471466471466471466471466471265471265471265471265471265471265
47126547126547126547126547126547126547126547126547126547126547126547126547126547126547126547126547116347116347116347116347116347
1163471163471163471163471163471163471163471163471163470f62470f62470f62470f62470f62470f62470f62470f62460e61460e61460e61460e61460e
61460e61460e61460c5f460c5f460c5f460c5f460c5f460c5f460c5f460c5f460c5f460c5f460c5f460c5f460c5f460c5f460c5f460b5e460b5e460b5e460b5e
460b5e460b5e460b5e460c5f460c5f460c5f460c5f460c5f460c5f460c5f460c5f460c5f460c5f460c5f460c5f460c5f460c5f460c5f460e61460e61460e6146
0e61460e61460e61460e61470f62470f62470f62470f62470f62470f62470f624711634711634711634711634711634711634711634711634711634711634711
63471163471163471163471163471265471265471265471265471265471265471265471265471265471265471265471265471265471265471265471265471265
47126547126547126547126547126547146647146647146647146647146647146647146647146647146647146647146647146647146647146647146647146647
14664714664714664714664714664714664715674715674715674715674715674715674715674715674715674715674715674715674715674715674715674715
67471567471567471567471567471567471567471567471567471567471567471567471567471567471567471567471567471567471567471567471567471567
47156747156747156747156747156747156747156747166947166947166947166947166947166947166947166947166947166947166947166947166947166947
16694716694716694716694716694716694716694716694716694716694716694716694716694716694716694716694716694716694716694716694716694716
69471669471669471669471669471669471669471669471669471669471669471669471669471669471669471669471669471669471669471669471669471669
47166947166947166947166947166947166947166947166947166947166947166947166947166947166947166947166947166947166947166947166947166947
16694716694716694716694716694716694716694716694716694716694716694716694716694716694716694716694716694716694716694716694716694716
69471669471669471567471567471567471567471567471567471567471567471567471567471567471567471567471567471567471567471567471567471567
47156747156747156747156747156747156747156747156747156747156747156747156747156747156747156747156747156747156747156747156747156747
15674715674715674715674714664714664714664714664714664714664714664714664714664714664714664714664714664714664714664714664714664714
66471466471466471466471466471265471265471265471265471265471265471265471265471265471265471265471265471265471265471265471265471265
471265471265471265471265471265471163471163471163471163471163471163471163471163471163471163471163471163471163471163470f62470f6247
0f62470f62470f62470f62470f62470f62460e61460e61460e61460e61460e61460e61460e61460c5f460c5f460c5f460c5f460c5f460c5f460c5f460c5f460c
5f460c5f460c5f460c5f460c5f460c5f460c5f460b5e460b5e460b5e460b5e460b5e460b5e460b5e45085b45085b45085b45085b45085b45085b45085b46095c
46095c46095c46095c46095c46095c46095c46095c460b5e460b5e460b5e460b5e460b5e460b5e460b5e460b5e460b5e460b5e460b5e460b5e460b5e460b5e46
0c5f460c5f460c5f460c5f460c5f460c5f460c5f460c5f460c5f460c5f460c5f460c5f460c5f460c5f460c5f460c5f460c5f460c5f460c5f460c5f460c5f460c
5f460e61460e61460e61460e61460e61460e61460e61460e61460e61460e61460e61460e61460e61460e61460e61460e61460e61460e61460e61460e61460e61
460e61470f62470f62470f62470f62470f62470f62470f62470f62470f62470f62470f62470f62470f62470f62470f62470f62470f62470f62470f62470f6247
0f62470f62470f62470f62470f62470f62470f62470f62470f62470f62470f62470f62470f62470f62470f62470f62470f62470f62470f62470f62470f62470f
62470f62470f62471163471163471163471163471163471163471163471163471163471163471163471163471163471163471163471163471163471163471163
47116347116347116347116347116347116347116347116347116347116347116347116347116347116347116347116347116347116347116347116347116347
11634711634711634711634711634711634711634711634711634711634711634711634711634711634711634711634711634711634711634711634711634711
63471163471163471163471163471163471163471163471163471163471163471163471163471163471163471163471163471163471163471163471163471163
47116347116347116347116347116347116347116347116347116347116347116347116347116347116347116347116347116347116347116347116347116347
11634711634711634711634711634711634711634711634711634711634711634711634711634711634711634711634711634711634711634711634711634711
63471163471163471163471163471163471163470f62470f62470f62470f62470f62470f62470f62470f62470f62470f62470f62470f62470f62470f62470f62
470f62470f62470f62470f62470f62470f62470f62470f62470f62470f62470f62470f62470f62470f62470f62470f62470f62470f62470f62470f62470f6247
0f62470f62470f62470f62470f62470f62470f62470f62460e61460e61460e61460e61460e61460e61460e61460e61460e61460e61460e61460e61460e61460e
61460e61460e61460e61460e61460e61460e61460e61460c5f460c5f460c5f460c5f460c5f460c5f460c5f460c5f460c5f460c5f460c5f460c5f460c5f460c5f
460c5f460c5f460c5f460c5f460c5f460c5f460c5f460c5f460b5e460b5e460b5e460b5e460b5e460b5e460b5e460b5e460b5e460b5e460b5e460b5e460b5e46
0b5e460b5e46095c46095c46095c46095c46095c46095c46095c45085b45085b45085b45085b45085b45085b45085b45085b45065a45065a45065a45065a4506
5a45065a45065a45085b45085b45085b45085b45085b45085b45085b46095c46095c46095c46095c46095c46095c46095c46095c460b5e460b5e460b5e460b5e
460b5e460b5e460b5e460b5e460b5e460b5e460b5e460b5e460b5e460b5e460c5f460c5f460c5f460c5f460c5f460c5f460c5f460c5f460c5f460c5f460c5f46
0c5f460c5f460c5f460c5f460c5f460c5f460c5f460c5f460c5f460c5f460c5f460e61460e61460e61460e61460e61460e61460e61460e61460e61460e61460e
61460e61460e61460e61460e61460e61460e61460e61460e61460e61460e61460e61470f62470f62470f62470f62470f62470f62470f62470f62470f62470f62
470f62470f62470f62470f62470f62470f62470f62470f62470f62470f62470f62470f62470f62470f62470f62470f62470f62470f62470f62470f62470f6247
0f62470f62470f62470f62470f62470f62470f62470f62470f62470f62470f62470f62470f624711634711634711634711634711634711634711634711634711
63471163471163471163471163471163471163471163471163471163471163471163471163471163471163471163471163471163471163471163471163471163
47116347116347116347116347116347116347116347116347116347116347116347116347116347116347116347116347116347116347116347116347116347
11634711634711634711634711634711634711634711634711634711634711634711634711634711634711634711634711634711634711634711634711634711
63471163471163471163471163471163471163471163471163471163471163471163471163471163471163471163471163471163471163471163471163471163
47116347116347116347116347116347116347116347116347116347116347116347116347116347116347116347116347116347116347116347116347116347
1163471163471163471163471163471163471163471163471163471163471163471163471163471163471163471163471163470f62470f62470f62470f62470f
62470f62470f62470f62470f62470f62470f62470f62470f62470f62470f62470f62470f62470f62470f62470f62470f62470f62470f62470f62470f62470f62
470f62470f62470f62470f62470f62470f62470f62470f62470f62470f62470f62470f62470f62470f62470f62470f62470f62470f62460e61460e61460e6146
0e61460e61460e61460e61460e61460e61460e61460e61460e61460e61460e61460e61460e61460e61460e61460e61460e61460e61460c5f460c5f460c5f460c
5f460c5f460c5f460c5f460c5f460c5f460c5f460c5f460c5f460c5f460c5f460c5f460c5f460c5f460c5f460c5f460c5f460c5f460c5f460b5e460b5e460b5e
460b5e460b5e460b5e460b5e460b5e460b5e460b5e460b5e460b5e460b5e460b5e460b5e46095c46095c46095c46095c46095c46095c46095c45085b45085b45
085b45085b45085b45085b45085b45085b45065a45065a45065a45065a45065a45065a45065a45085b45085b45085b45085b45085b45085b45085b46095c4609
5c46095c46095c46095c46095c46095c46095c460b5e460b5e460b5e460b5e460b5e460b5e460b5e460b5e460b5e460b5e460b5e460b5e460b5e460b5e460c5f
460c5f460c5f460c5f460c5f460c5f460c5f460c5f460c5f460c5f460c5f460c5f460c5f460c5f460c5f460c5f460c5f460c5f460c5f460c5f460c5f460c5f46
0e61460e61460e61460e61460e61460e61460e61460e61460e61460e61460e61460e61460e61460e61460e61460e61460e61460e61460e61460e61460e61460e
61470f62470f62470f62470f62470f62470f62470f62470f62470f62470f62470f62470f62470f62470f62470f62470f62470f62470f62470f62470f62470f62
470f62470f62470f62470f62470f62470f62470f62470f62470f62470f62470f62470f62470f62470f62470f62470f62470f62470f62470f62470f62470f6247
0f62470f624711634711634711634711634711634711634711634711634711634711634711634711634711634711634711634711634711634711634711634711
63471163471163471163471163471163471163471163471163471163471163471163471163471163471163471163471163471163471163471163471163471163
47116347116347116347116347116347116347116347116347116347116347116347116347116347116347116347116347116347116347116347116347116347
11634711634711634711634711634711634711634711634711634711634711634711634711634711634711634711634711634711634711634711634711634711
63471163471163471163471163471163471163471163471163471163471163471163471163471163471163471163471163471163471163471163471163471163
47116347116347116347116347116347116347116347116347116347116347116347116347116347116347116347116347116347116347116347116347116347
1163471163471163471163471163471163470f62470f62470f62470f62470f62470f62470f62470f62470f62470f62470f62470f62470f62470f62470f62470f
62470f62470f62470f62470f62470f62470f62470f62470f62470f62470f62470f62470f62470f62470f62470f62470f62470f62470f62470f62470f62470f62
470f62470f62470f62470f62470f62470f62470f62460e61460e61460e61460e61460e61460e61460e61460e61460e61460e61460e61460e61460e61460e6146
0e61460e61460e61460e61460e61460e61460e61460c5f460c5f460c5f460c5f460c5f460c5f460c5f460c5f460c5f460c5f460c5f460c5f460c5f460c5f460c
5f460c5f460c5f460c5f460c5f460c5f460c5f460c5f460b5e460b5e460b5e460b5e460b5e460b5e460b5e460b5e460b5e460b5e460b5e460b5e460b5e460b5e
460b5e46095c46095c46095c46095c46095c46095c46095c45085b45085b45085b45085b45085b45085b45085b45085b45065a45065a45065a45065a45065a45
065a45065a45085b45085b45085b45085b45085b45085b45085b46095c46095c46095c46095c46095c46095c46095c46095c460b5e460b5e460b5e460b5e460b
5e460b5e460b5e460b5e460b5e460b5e460b5e460b5e460b5e460b5e460c5f460c5f460c5f460c5f460c5f460c5f460c5f460c5f460c5f460c5f460c5f460c5f
460c5f460c5f460c5f460c5f460c5f460c5f460c5f460c5f460c5f460c5f460e61460e61460e61460e61460e61460e61460e61460e61460e61460e61460e6146
0e61460e61460e61460e61460e61460e61460e61460e61460e61460e61460e61470f62470f62470f62470f62470f62470f62470f62470f62470f62470f62470f
62470f62470f62470f62470f62470f62470f62470f62470f62470f62470f62470f62470f62470f62470f62470f62470f62470f62470f62470f62470f62470f62
470f62470f62470f62470f62470f62470f62470f62470f62470f62470f62470f62470f6247116347116347116347116347116347116347116347116347116347
11634711634711634711634711634711634711634711634711634711634711634711634711634711634711634711634711634711634711634711634711634711
63471163471163471163471163471163471163471163471163471163471163471163471163471163471163471163471163471163471163471163471163471163
47116347116347116347116347116347116347116347116347116347116347116347116347116347116347116347116347116347116347116347116347116347
11634711634711634711634711634711634711634711634711634711634711634711634711634711634711634711634711634711634711634711634711634711
63471163471163471163471163471163471163471163471163471163471163471163471163471163471163471163471163471163471163471163471163471163
471163471163471163471163471163471163471163471163471163471163471163471163471163471163471163471163470f62470f62470f62470f62470f6247
0f62470f62470f62470f62470f62470f62470f62470f62470f62470f62470f62470f62470f62470f62470f62470f62470f62470f62470f62470f62470f62470f
62470f62470f62470f62470f62470f62470f62470f62470f62470f62470f62470f62470f62470f62470f62470f62470f62470f62460e61460e61460e61460e61
460e61460e61460e61460e61460e61460e61460e61460e61460e61460e61460e61460e61460e61460e61460e61460e61460e61460c5f460c5f460c5f460c5f46
0c5f460c5f460c5f460c5f460c5f460c5f460c5f460c5f460c5f460c5f460c5f460c5f460c5f460c5f460c5f460c5f460c5f460c5f460b5e460b5e460b5e460b
5e460b5e460b5e460b5e460b5e460b5e460b5e460b5e460b5e460b5e460b5e460b5e46095c46095c46095c46095c46095c46095c46095c45085b45085b45085b
45085b45085b45085b45085b45085b45065a45065a45065a45065a45065a45065a45065a45085b45085b45085b45085b45085b45085b45085b46095c46095c46
095c46095c46095c46095c46095c46095c460b5e460b5e460b5e460b5e460b5e460b5e460b5e460b5e460b5e460b5e460b5e460b5e460b5e460b5e460c5f460c
5f460c5f460c5f460c5f460c5f460c5f460c5f460c5f460c5f460c5f460c5f460c5f460c5f460c5f460c5f460c5f460c5f460c5f460c5f460c5f460c5f460e61
460e61460e61460e61460e61460e61460e61460e61460e61460e61460e61460e61460e61460e61460e61460e61460e61460e61460e61460e61460e61460e6147
0f62470f62470f62470f62470f62470f62470f62470f62470f62470f62470f62470f62470f62470f62470f62470f62470f62470f62470f62470f62470f62470f
62470f62470f62470f62470f62470f62470f62470f62470f62470f62470f62470f62470f62470f62470f62470f62470f62470f62470f62470f62470f62470f62
470f6247116347116347116347116347116347116347116347116347116347116347116347116347116347116347116347116347116347116347116347116347
11634711634711634711634711634711634711634711634711634711634711634711634711634711634711634711634711634711634711634711634711634711
63471163471163471163471163471163471163471163471163471163471163471163471163471163471163471163471163471163471163471163471163471163
47116347116347116347116347116347116347116347116347116347116347116347116347116347116347116347116347116347116347116347116347116347
11634711634711634711634711634711634711634711634711634711634711634711634711634711634711634711634711634711634711634711634711634711
63471163471163471163471163471163471163471163471163471163471163471163471163471163471163471163471163471163471163471163471163471163
471163471163471163471163471163470f62470f62470f62470f62470f62470f62470f62470f62470f62470f62470f62470f62470f62470f62470f62470f6247
0f62470f62470f62470f62470f62470f62470f62470f62470f62470f62470f62470f62470f62470f62470f62470f62470f62470f62470f62470f62470f62470f
62470f62470f62470f62470f62470f62470f62460e61460e61460e61460e61460e61460e61460e61460e61460e61460e61460e61460e61460e61460e61460e61
460e61460e61460e61460e61460e61460e61460c5f460c5f460c5f460c5f460c5f460c5f460c5f460c5f460c5f460c5f460c5f460c5f460c5f460c5f460c5f46
0c5f460c5f460c5f460c5f460c5f460c5f460c5f460b5e460b5e460b5e460b5e460b5e460b5e460b5e460b5e460b5e460b5e460b5e460b5e460b5e460b5e460b
5e46095c46095c46095c46095c46095c46095c46095c45085b45085b45085b45085b45085b45085b45085b45085b45065a45065a45065a45065a45065a45065a
45065a45085b45085b45085b45085b45085b45085b45085b46095c46095c46095c46095c46095c46095c46095c46095c460b5e460b5e460b5e460b5e460b5e46
0b5e460b5e460b5e460b5e460b5e460b5e460b5e460b5e460b5e460c5f460c5f460c5f460c5f460c5f460c5f460c5f460c5f460c5f460c5f460c5f460c5f460c
5f460c5f460c5f460c5f460c5f460c5f460c5f460c5f460c5f460c5f460e61460e61460e61460e61460e61460e61460e61460e61460e61460e61460e61460e61
460e61460e61460e61460e61460e61460e61460e61460e61460e61460e61470f62470f62470f62470f62470f62470f62470f62470f62470f62470f62470f6247
0f62470f62470f62470f62470f62470f62470f62470f62470f62470f62470f62470f62470f62470f62470f62470f62470f62470f62470f62470f62470f62470f
62470f62470f62470f62470f62470f62470f62470f62470f62470f62470f62470f62471163471163471163471163471163471163471163471163471163471163
47116347116347116347116347116347116347116347116347116347116347116347116347116347116347116347116347116347116347116347116347116347
11634711634711634711634711634711634711634711634711634711634711634711634711634711634711634711634711634711634711634711634711634711
63471163471163471163471163471163471163471163471163471163471163471163471163471163471163471163471163471163471163471163471163471163
47116347116347116347116347116347116347116347116347116347116347116347116347116347116347116347116347116347116347116347116347116347
11634711634711634711634711634711634711634711634711634711634711634711634711634711634711634711634711634711634711634711634711634711
63471163471163471163471163471163471163471163471163471163471163471163471163471163471163471163470f62470f62470f62470f62470f62470f62
470f62470f62470f62470f62470f62470f62470f62470f62470f62470f62470f62470f62470f62470f62470f62470f62470f62470f62470f62470f62470f6247
0f62470f62470f62470f62470f62470f62470f62470f62470f62470f62470f62470f62470f62470f62470f62470f62470f62460e61460e61460e61460e61460e
61460e61460e61460e61460e61460e61460e61460e61460e61460e61460e61460e61460e61460e61460e61460e61460e61460c5f460c5f460c5f460c5f460c5f
460c5f460c5f460c5f460c5f460c5f460c5f460c5f460c5f460c5f460c5f460c5f460c5f460c5f460c5f460c5f460c5f460c5f460b5e460b5e460b5e460b5e46
0b5e460b5e460b5e460b5e460b5e460b5e460b5e460b5e460b5e460b5e460b5e46095c46095c46095c46095c46095c46095c46095c45085b45085b45085b4508
5b45085b45085b45085b45085b45065a45065a45065a45065a45065a45065a45065a45085b45085b45085b45085b45085b45085b45085b46095c46095c46095c
46095c46095c46095c46095c46095c460b5e460b5e460b5e460b5e460b5e460b5e460b5e460b5e460b5e460b5e460b5e460b5e460b5e460b5e460c5f460c5f46
0c5f460c5f460c5f460c5f460c5f460c5f460c5f460c5f460c5f460c5f460c5f460c5f460c5f460c5f460c5f460c5f460c5f460c5f460c5f460c5f460e61460e
61460e61460e61460e61460e61460e61460e61460e61460e61460e61460e61460e61460e61460e61460e61460e61460e61460e61460e61460e61460e61470f62
470f62470f62470f62470f62470f62470f62470f62470f62470f62470f62470f62470f62470f62470f62470f62470f62470f62470f62470f62470f62470f6247
0f62470f62470f62470f62470f62470f62470f62470f62470f62470f62470f62470f62470f62470f62470f62470f62470f62470f62470f62470f62470f62470f
62471163471163471163471163471163471163471163471163471163471163471163471163471163471163471163471163471163471163471163471163471163
47116347116347116347116347116347116347116347116347116347116347116347116347116347116347116347116347116347116347116347116347116347
11634711634711634711634711634711634711634711634711634711634711634711634711634711634711634711634711634711634711634711634711634711
63471163471163471163471163471163471163471163471163471163471163471163471163471163471163471163471163471163471163471163471163471163
47116347116347116347116347116347116347116347116347116347116347116347116347116347116347116347116347116347116347116347116347116347
11634711634711634711634711634711634711634711634711634711634711634711634711634711634711634711634711634711634711634711634711634711
63471163471163471163471163470f62470f62470f62470f62470f62470f62470f62470f62470f62470f62470f62470f62470f62470f62470f62470f62470f62
470f62470f62470f62470f62470f62470f62470f62470f62470f62470f62470f62470f62470f62470f62470f62470f62470f62470f62470f62470f62470f6247
0f62470f62470f62470f62470f62470f62460e61460e61460e61460e61460e61460e61460e61460e61460e61460e61460e61460e61460e61460e61460e61460e
61460e61460e61460e61460e61460e61460c5f460c5f460c5f460c5f460c5f460c5f460c5f460c5f460c5f460c5f460c5f460c5f460c5f460c5f460c5f460c5f
460c5f460c5f460c5f460c5f460c5f460c5f460b5e460b5e460b5e460b5e460b5e460b5e460b5e460b5e460b5e460b5e460b5e460b5e460b5e460b5e460b5e46
095c46095c46095c46095c46095c46095c46095c45085b45085b45085b45085b45085b45085b45085b45085b45065a45065a45065a45065a45065a45065a4506
5a45055845055845055845055845055845055845055845065a45065a45065a45065a45065a45065a45065a45065a45065a45065a45065a45065a45065a45065a
45065a45085b45085b45085b45085b45085b45085b45085b45085b45085b45085b45085b45085b45085b45085b45085b45085b45085b45085b45085b45085b45
085b45085b45085b45085b45085b45085b45085b45085b45085b46095c46095c46095c46095c46095c46095c46095c46095c46095c46095c46095c46095c4609
5c46095c46095c46095c46095c46095c46095c46095c46095c46095c46095c46095c46095c46095c46095c46095c46095c46095c46095c46095c46095c46095c
46095c46095c46095c46095c46095c46095c46095c46095c46095c46095c460b5e460b5e460b5e460b5e460b5e460b5e460b5e460b5e460b5e460b5e460b5e46
0b5e460b5e460b5e460b5e460b5e460b5e460b5e460b5e460b5e460b5e460b5e460b5e460b5e460b5e460b5e460b5e460b5e460b5e460b5e460b5e460b5e460b
5e460b5e460b5e460b5e460b5e460b5e460b5e460b5e460b5e460b5e460b5e460b5e460b5e460b5e460b5e460b5e460b5e460b5e460b5e460b5e460b5e460b5e
460b5e460b5e460b5e460b5e460b5e460b5e460b5e460b5e460b5e460b5e460b5e460b5e460b5e460b5e460b5e460b5e460b5e460b5e460b5e460b5e460b5e46
0b5e460b5e460b5e460b5e460b5e460b5e460b5e460b5e460b5e460b5e460b5e460b5e460b5e460b5e460b5e460b5e460b5e460b5e460b5e460b5e460b5e460b
5e460b5e460b5e460b5e460b5e460b5e460b5e460b5e460b5e460b5e460b5e460b5e460b5e460b5e460b5e460b5e460b5e460b5e460b5e460b5e460b5e460b5e
460b5e460b5e460b5e460b5e460b5e460b5e460b5e460b5e460b5e460b5e460b5e460b5e460b5e460b5e460b5e460b5e460b5e460b5e460b5e460b5e460b5e46
0b5e460b5e460b5e460b5e460b5e460b5e460b5e460b5e460b5e460b5e460b5e460b5e460b5e460b5e460b5e460b5e460b5e460b5e460b5e460b5e460b5e460b
5e460b5e460b5e460b5e460b5e460b5e460b5e460b5e460b5e460b5e460b5e460b5e460b5e460b5e460b5e460b5e46095c46095c46095c46095c46095c46095c
46095c46095c46095c46095c46095c46095c46095c46095c46095c46095c46095c46095c46095c46095c46095c46095c46095c46095c46095c46095c46095c46
095c46095c46095c46095c46095c46095c46095c46095c46095c46095c46095c46095c46095c46095c46095c46095c45085b45085b45085b45085b45085b4508
5b45085b45085b45085b45085b45085b45085b45085b45085b45085b45085b45085b45085b45085b45085b45085b45085b45085b45085b45085b45085b45085b
45085b45085b45085b45065a45065a45065a45065a45065a45065a45065a45065a45065a45065a45065a45065a45065a45065a45055845055845055845055845
055845055845055845055844035744035744035744035744035744035744035745055845055845055845055845055845055845055845065a45065a45065a4506
5a45065a45065a45065a45065a45065a45065a45065a45065a45065a45065a45065a45085b45085b45085b45085b45085b45085b45085b45085b45085b45085b
45085b45085b45085b45085b45085b45085b45085b45085b45085b45085b45085b45085b45085b45085b45085b45085b45085b45085b45085b46095c46095c46
095c46095c46095c46095c46095c46095c46095c46095c46095c46095c46095c46095c46095c46095c46095c46095c46095c46095c46095c46095c46095c4609
5c46095c46095c46095c46095c46095c46095c46095c46095c46095c46095c46095c46095c46095c46095c46095c46095c46095c46095c46095c46095c460b5e
460b5e460b5e460b5e460b5e460b5e460b5e460b5e460b5e460b5e460b5e460b5e460b5e460b5e460b5e460b5e460b5e460b5e460b5e460b5e460b5e460b5e46
0b5e460b5e460b5e460b5e460b5e460b5e460b5e460b5e460b5e460b5e460b5e460b5e460b5e460b5e460b5e460b5e460b5e460b5e460b5e460b5e460b5e460b
5e460b5e460b5e460b5e460b5e460b5e460b5e460b5e460b5e460b5e460b5e460b5e460b5e460b5e460b5e460b5e460b5e460b5e460b5e460b5e460b5e460b5e
460b5e460b5e460b5e460b5e460b5e460b5e460b5e460b5e460b5e460b5e460b5e460b5e460b5e460b5e460b5e460b5e460b5e460b5e460b5e460b5e460b5e46
0b5e460b5e460b5e460b5e460b5e460b5e460b5e460b5e460b5e460b5e460b5e460b5e460b5e460b5e460b5e460b5e460b5e460b5e460b5e460b5e460b5e460b
5e460b5e460b5e460b5e460b5e460b5e460b5e460b5e460b5e460b5e460b5e460b5e460b5e460b5e460b5e460b5e460b5e460b5e460b5e460b5e460b5e460b5e
460b5e460b5e460b5e460b5e460b5e460b5e460b5e460b5e460b5e460b5e460b5e460b5e460b5e460b5e460b5e460b5e460b5e460b5e460b5e460b5e460b5e46
0b5e460b5e460b5e460b5e460b5e460b5e460b5e460b5e460b5e460b5e460b5e460b5e460b5e460b5e460b5e460b5e460b5e460b5e460b5e460b5e460b5e460b
5e460b5e460b5e460b5e460b5e46095c46095c46095c46095c46095c46095c46095c46095c46095c46095c46095c46095c46095c46095c46095c46095c46095c
46095c46095c46095c46095c46095c46095c46095c46095c46095c46095c46095c46095c46095c46095c46095c46095c46095c46095c46095c46095c46095c46
095c46095c46095c46095c46095c45085b45085b45085b45085b45085b45085b45085b45085b45085b45085b45085b45085b45085b45085b45085b45085b4508
5b45085b45085b45085b45085b45085b45085b45085b45085b45085b45085b45085b45085b45085b45065a45065a45065a45065a45065a45065a45065a45065a
45065a45065a45065a45065a45065a45065a45055845055845055845055845055845055845055845055844035744035744035744035744035744035744035745
055845055845055845055845055845055845055845065a45065a45065a45065a45065a45065a45065a45065a45065a45065a45065a45065a45065a45065a4506
5a45085b45085b45085b45085b45085b45085b45085b45085b45085b45085b45085b45085b45085b45085b45085b45085b45085b45085b45085b45085b45085b
45085b45085b45085b45085b45085b45085b45085b45085b46095c46095c46095c46095c46095c46095c46095c46095c46095c46095c46095c46095c46095c46
095c46095c46095c46095c46095c46095c46095c46095c46095c46095c46095c46095c46095c46095c46095c46095c46095c46095c46095c46095c46095c4609
5c46095c46095c46095c46095c46095c46095c46095c46095c46095c460b5e460b5e460b5e460b5e460b5e460b5e460b5e460b5e460b5e460b5e460b5e460b5e
460b5e460b5e460b5e460b5e460b5e460b5e460b5e460b5e460b5e460b5e460b5e460b5e460b5e460b5e460b5e460b5e460b5e460b5e460b5e460b5e460b5e46
0b5e460b5e460b5e460b5e460b5e460b5e460b5e460b5e460b5e460b5e460b5e460b5e460b5e460b5e460b5e460b5e460b5e460b5e460b5e460b5e460b5e460b
5e460b5e460b5e460b5e460b5e460b5e460b5e460b5e460b5e460b5e460b5e460b5e460b5e460b5e460b5e460b5e460b5e460b5e460b5e460b5e460b5e460b5e
460b5e460b5e460b5e460b5e460b5e460b5e460b5e460b5e460b5e460b5e460b5e460b5e460b5e460b5e460b5e460b5e460b5e460b5e460b5e460b5e460b5e46
0b5e460b5e460b5e460b5e460b5e460b5e460b5e460b5e460b5e460b5e460b5e460b5e460b5e460b5e460b5e460b5e460b5e460b5e460b5e460b5e460b5e460b
5e460b5e460b5e460b5e460b5e460b5e460b5e460b5e460b5e460b5e460b5e460b5e460b5e460b5e460b5e460b5e460b5e460b5e460b5e460b5e460b5e460b5e
460b5e460b5e460b5e460b5e460b5e460b5e460b5e460b5e460b5e460b5e460b5e460b5e460b5e460b5e460b5e460b5e460b5e460b5e460b5e460b5e460b5e46
0b5e460b5e460b5e460b5e460b5e460b5e460b5e460b5e460b5e460b5e460b5e460b5e460b5e460b5e460b5e46095c46095c46095c46095c46095c46095c4609
5c46095c46095c46095c46095c46095c46095c46095c46095c46095c46095c46095c46095c46095c46095c46095c46095c46095c46095c46095c46095c46095c
46095c46095c46095c46095c46095c46095c46095c46095c46095c46095c46095c46095c46095c46095c46095c45085b45085b45085b45085b45085b45085b45
085b45085b45085b45085b45085b45085b45085b45085b45085b45085b45085b45085b45085b45085b45085b45085b45085b45085b45085b45085b45085b4508
5b45085b45085b45065a45065a45065a45065a45065a45065a45065a45065a45065a45065a45065a45065a45065a45065a450558450558450558450558450558
45055845055845055844035744035744035744035744035744035744035745055845055845055845055845055845055845055845065a45065a45065a45065a45
065a45065a45065a45065a45065a45065a45065a45065a45065a45065a45065a45085b45085b45085b45085b45085b45085b45085b45085b45085b45085b4508
5b45085b45085b45085b45085b45085b45085b45085b45085b45085b45085b45085b45085b45085b45085b45085b45085b45085b45085b46095c46095c46095c
46095c46095c46095c46095c46095c46095c46095c46095c46095c46095c46095c46095c46095c46095c46095c46095c46095c46095c46095c46095c46095c46
095c46095c46095c46095c46095c46095c46095c46095c46095c46095c46095c46095c46095c46095c46095c46095c46095c46095c46095c46095c460b5e460b
5e460b5e460b5e460b5e460b5e460b5e460b5e460b5e460b5e460b5e460b5e460b5e460b5e460b5e460b5e460b5e460b5e460b5e460b5e460b5e460b5e460b5e
460b5e460b5e460b5e460b5e460b5e460b5e460b5e460b5e460b5e460b5e460b5e460b5e460b5e460b5e460b5e460b5e460b5e460b5e460b5e460b5e460b5e46
0b5e460b5e460b5e460b5e460b5e460b5e460b5e460b5e460b5e460b5e460b5e460b5e460b5e460b5e460b5e460b5e460b5e460b5e460b5e460b5e460b5e460b
5e460b5e460b5e460b5e460b5e460b5e460b5e460b5e460b5e460b5e460b5e460b5e460b5e460b5e460b5e460b5e460b5e460b5e460b5e460b5e460b5e460b5e
460b5e460b5e460b5e460b5e460b5e460b5e460b5e460b5e460b5e460b5e460b5e460b5e460b5e460b5e460b5e460b5e460b5e460b5e460b5e460b5e460b5e46
0b5e460b5e460b5e460b5e460b5e460b5e460b5e460b5e460b5e460b5e460b5e460b5e460b5e460b5e460b5e460b5e460b5e460b5e460b5e460b5e460b5e460b
5e460b5e460b5e460b5e460b5e460b5e460b5e460b5e460b5e460b5e460b5e460b5e460b5e460b5e460b5e460b5e460b5e460b5e460b5e460b5e460b5e460b5e
460b5e460b5e460b5e460b5e460b5e460b5e460b5e460b5e460b5e460b5e460b5e460b5e460b5e460b5e460b5e460b5e460b5e460b5e460b5e460b5e460b5e46
0b5e460b5e460b5e460b5e46095c46095c46095c46095c46095c46095c46095c46095c46095c46095c46095c46095c46095c46095c46095c46095c46095c4609
5c46095c46095c46095c46095c46095c46095c46095c46095c46095c46095c46095c46095c46095c46095c46095c46095c46095c46095c46095c46095c46095c
46095c46095c46095c46095c45085b45085b45085b45085b45085b45085b45085b45085b45085b45085b45085b45085b45085b45085b45085b45085b45085b45
085b45085b45085b45085b45085b45085b45085b45085b45085b45085b45085b45085b45085b45065a45065a45065a45065a45065a45065a45065a45065a4506
5a45065a45065a45065a45065a45065a450558450558450558450558450558450558450558450558440357440357440357440357440357440357440357450558
45055845055845055845055845055845055845065a45065a45065a45065a45065a45065a45065a45065a45065a45065a45065a45065a45065a45065a45065a45
085b45085b45085b45085b45085b45085b45085b45085b45085b45085b45085b45085b45085b45085b45085b45085b45085b45085b45085b45085b45085b4508
5b45085b45085b45085b45085b45085b45085b45085b46095c46095c46095c46095c46095c46095c46095c46095c46095c46095c46095c46095c46095c46095c
46095c46095c46095c46095c46095c46095c46095c46095c46095c46095c46095c46095c46095c46095c46095c46095c46095c46095c46095c46095c46095c46
095c46095c46095c46095c46095c46095c46095c46095c46095c460b5e460b5e460b5e460b5e460b5e460b5e460b5e460b5e460b5e460b5e460b5e460b5e460b
5e460b5e460b5e460b5e460b5e460b5e460b5e460b5e460b5e460b5e460b5e460b5e460b5e460b5e460b5e460b5e460b5e460b5e460b5e460b5e460b5e460b5e
460b5e460b5e460b5e460b5e460b5e460b5e460b5e460b5e460b5e460b5e460b5e460b5e460b5e460b5e460b5e460b5e460b5e460b5e460b5e460b5e460b5e46
0b5e460b5e460b5e460b5e460b5e460b5e460b5e460b5e460b5e460b5e460b5e460b5e460b5e460b5e460b5e460b5e460b5e460b5e460b5e460b5e460b5e460b
5e460b5e460b5e460b5e460b5e460b5e460b5e460b5e460b5e460b5e460b5e460b5e460b5e460b5e460b5e460b5e460b5e460b5e460b5e460b5e460b5e460b5e
460b5e460b5e460b5e460b5e460b5e460b5e460b5e460b5e460b5e460b5e460b5e460b5e460b5e460b5e460b5e460b5e460b5e460b5e460b5e460b5e460b5e46
0b5e460b5e460b5e460b5e460b5e460b5e460b5e460b5e460b5e460b5e460b5e460b5e460b5e460b5e460b5e460b5e460b5e460b5e460b5e460b5e460b5e460b
5e460b5e460b5e460b5e460b5e460b5e460b5e460b5e460b5e460b5e460b5e460b5e460b5e460b5e460b5e460b5e460b5e460b5e460b5e460b5e460b5e460b5e
460b5e460b5e460b5e460b5e460b5e460b5e460b5e460b5e460b5e460b5e460b5e460b5e460b5e460b5e46095c46095c46095c46095c46095c46095c46095c46
095c46095c46095c46095c46095c46095c46095c46095c46095c46095c46095c46095c46095c46095c46095c46095c46095c46095c46095c46095c46095c4609
5c46095c46095c46095c46095c46095c46095c46095c46095c46095c46095c46095c46095c46095c46095c45085b45085b45085b45085b45085b45085b45085b
45085b45085b45085b45085b45085b45085b45085b45085b45085b45085b45085b45085b45085b45085b45085b45085b45085b45085b45085b45085b45085b45
085b45085b45065a45065a45065a45065a45065a45065a45065a45065a45065a45065a45065a45065a45065a45065a4505584505584505584505584505584505
5845055845055844035744035744035744035744035744035744035745055845055845055845055845055845055845055845065a45065a45065a45065a45065a
45065a45065a45065a45065a45065a45065a45065a45065a45065a45065a45085b45085b45085b45085b45085b45085b45085b45085b45085b45085b45085b45
085b45085b45085b45085b45085b45085b45085b45085b45085b45085b45085b45085b45085b45085b45085b45085b45085b45085b46095c46095c46095c4609
5c46095c46095c46095c46095c46095c46095c46095c46095c46095c46095c46095c46095c46095c46095c46095c46095c46095c46095c46095c46095c46095c
46095c46095c46095c46095c46095c46095c46095c46095c46095c46095c46095c46095c46095c46095c46095c46095c46095c46095c46095c460b5e460b5e46
0b5e460b5e460b5e460b5e460b5e460b5e460b5e460b5e460b5e460b5e460b5e460b5e460b5e460b5e460b5e460b5e460b5e460b5e460b5e460b5e460b5e460b
5e460b5e460b5e460b5e460b5e460b5e460b5e460b5e460b5e460b5e460b5e460b5e460b5e460b5e460b5e460b5e460b5e460b5e460b5e460b5e460b5e460b5e
460b5e460b5e460b5e460b5e460b5e460b5e460b5e460b5e460b5e460b5e460b5e460b5e460b5e460b5e460b5e460b5e460b5e460b5e460b5e460b5e460b5e46
0b5e460b5e460b5e460b5e460b5e460b5e460b5e460b5e460b5e460b5e460b5e460b5e460b5e460b5e460b5e460b5e460b5e460b5e460b5e460b5e460b5e460b
5e460b5e460b5e460b5e460b5e460b5e460b5e460b5e460b5e460b5e460b5e460b5e460b5e460b5e460b5e460b5e460b5e460b5e460b5e460b5e460b5e460b5e
460b5e460b5e460b5e460b5e460b5e460b5e460b5e460b5e460b5e460b5e460b5e460b5e460b5e460b5e460b5e460b5e460b5e460b5e460b5e460b5e460b5e46
0b5e460b5e460b5e460b5e460b5e460b5e460b5e460b5e460b5e460b5e460b5e460b5e460b5e460b5e460b5e460b5e460b5e460b5e460b5e460b5e460b5e460b
5e460b5e460b5e460b5e460b5e460b5e460b5e460b5e460b5e460b5e460b5e460b5e460b5e460b5e460b5e460b5e460b5e460b5e460b5e460b5e460b5e460b5e
460b5e460b5e460b5e46095c46095c46095c46095c46095c46095c46095c46095c46095c46095c46095c46095c46095c46095c46095c46095c46095c46095c46
095c46095c46095c46095c46095c46095c46095c46095c46095c46095c46095c46095c46095c46095c46095c46095c46095c46095c46095c46095c46095c4609
5c46095c46095c46095c45085b45085b45085b45085b45085b45085b45085b45085b45085b45085b45085b45085b45085b45085b45085b45085b45085b45085b
45085b45085b45085b45085b45085b45085b45085b45085b45085b45085b45085b45085b45065a45065a45065a45065a45065a45065a45065a45065a45065a45
065a45065a45065a45065a45065a4505584505584505584505584505584505584505584505584403574403574403574403574403574403574403574505584505
5845055845055845055845055845055845065a45065a45065a45065a45065a45065a45065a45065a45065a45065a45065a45065a45065a45065a45065a45085b
45085b45085b45085b45085b45085b45085b45085b45085b45085b45085b45085b45085b45085b45085b45085b45085b45085b45085b45085b45085b45085b45
085b45085b45085b45085b45085b45085b45085b46095c46095c46095c46095c46095c46095c46095c46095c46095c46095c46095c46095c46095c46095c4609
5c46095c46095c46095c46095c46095c46095c46095c46095c46095c46095c46095c46095c46095c46095c46095c46095c46095c46095c46095c46095c46095c
46095c46095c46095c46095c46095c46095c46095c46095c460b5e460b5e460b5e460b5e460b5e460b5e460b5e460b5e460b5e460b5e460b5e460b5e460b5e46
0b5e460b5e460b5e460b5e460b5e460b5e460b5e460b5e460b5e460b5e460b5e460b5e460b5e460b5e460b5e460b5e460b5e460b5e460b5e460b5e460b5e460b
5e460b5e460b5e460b5e460b5e460b5e460b5e460b5e460b5e460b5e460b5e460b5e460b5e460b5e460b5e460b5e460b5e460b5e460b5e460b5e460b5e460b5e
460b5e460b5e460b5e460b5e460b5e460b5e460b5e460b5e460b5e460b5e460b5e460b5e460b5e460b5e460b5e460b5e460b5e460b5e460b5e460b5e460b5e46
0b5e460b5e460b5e460b5e460b5e460b5e460b5e460b5e460b5e460b5e460b5e460b5e460b5e460b5e460b5e460b5e460b5e460b5e460b5e460b5e460b5e460b
5e460b5e460b5e460b5e460b5e460b5e460b5e460b5e460b5e460b5e460b5e460b5e460b5e460b5e460b5e460b5e460b5e460b5e460b5e460b5e460b5e460b5e
460b5e460b5e460b5e460b5e460b5e460b5e460b5e460b5e460b5e460b5e460b5e460b5e460b5e460b5e460b5e460b5e460b5e460b5e460b5e460b5e460b5e46
0b5e460b5e460b5e460b5e460b5e460b5e460b5e460b5e460b5e460b5e460b5e460b5e460b5e460b5e460b5e460b5e460b5e460b5e460b5e460b5e460b5e460b
5e460b5e460b5e460b5e460b5e460b5e460b5e460b5e460b5e460b5e460b5e460b5e460b5e460b5e46095c46095c46095c46095c46095c46095c46095c46095c
46095c46095c46095c46095c46095c46095c46095c46095c46095c46095c46095c46095c46095c46095c46095c46095c46095c46095c46095c46095c46095c46
095c46095c46095c46095c46095c46095c46095c46095c46095c46095c46095c46095c46095c46095c45085b45085b45085b45085b45085b45085b45085b4508
5b45085b45085b45085b45085b45085b45085b45085b45085b45085b45085b45085b45085b45085b45085b45085b45085b45085b45085b45085b45085b45085b
45085b45065a45065a45065a45065a45065a45065a45065a45065a45065a45065a45065a45065a45065a45065a45055845055845055845055845055845055845
05584505584403574403574403574403574403574403574403574402554402554402554402554402554402554402554403574403574403574403574403574403
57440357440357440357440357440357440357440357440357440357440357440357440357440357440357440357440357440357440357440357440357440357
44035744035744035744035744035744035744035744035744035744035744035744035744035744035744035744035744035745055845055845055845055845
05584505584505584505584505584505584505584505584505584505584505584505584505584505584505584505584505584505584505584505584505584505
58450558450558450558450558450558450558450558450558450558450558450558450558450558450558450558450558450558450558450558450558450558
45055845055845055845055845055845055845055845055845055845055845055845055845055845055845055845055845055845055845055845055845055845
05584505584505584505584505584505584505584505584505584505584505584505584505584505584505584505584505584505584505584505584505584505
58450558450558450558450558450558450558450558450558450558450558450558450558450558450558450558450558450558450558450558450558450558
45055845055845055845055845055845055845055845055845055845055845055845055845055845055845055845055845055845055845055845055845055845
05584505584505584505584505584505584505584505584505584505584505584505584505584505584505584505584505584505584505584505584505584505
58450558450558450558450558450558450558450558450558450558450558450558450558450558450558450558450558450558450558450558450558450558
45055845055845055845055845055845055845055845055845055845055845055845055845055845055845055845055845055845055845055845055845055845
05584505584505584505584505584505584505584505584505584505584505584505584505584505584505584505584505584505584505584505584505584505
58450558450558450558450558450558450558450558450558450558450558450558450558450558450558450558450558450558450558450558450558450558
45055845055845055845055845055845055845055845055845055845055845055845055845055845055845055845055845055845055845055845055845055845
05584505584505584403574403574403574403574403574403574403574403574403574403574403574403574403574403574403574403574403574403574403
57440357440357440357440357440357440357440357440357440357440357440357440357440357440357440357440357440357440357440357440357440357
44035744035744035744035744025544025544025544025544025544025544025544025544025544025544025544025544025544025544025544025544025544
02554402554402554402554402554403574403574403574403574403574403574403574403574403574403574403574403574403574403574403574403574403
57440357440357440357440357440357440357440357440357440357440357440357440357440357440357440357440357440357440357440357440357440357
44035744035744035744035744035744035745055845055845055845055845055845055845055845055845055845055845055845055845055845055845055845
05584505584505584505584505584505584505584505584505584505584505584505584505584505584505584505584505584505584505584505584505584505
58450558450558450558450558450558450558450558450558450558450558450558450558450558450558450558450558450558450558450558450558450558
45055845055845055845055845055845055845055845055845055845055845055845055845055845055845055845055845055845055845055845055845055845
05584505584505584505584505584505584505584505584505584505584505584505584505584505584505584505584505584505584505584505584505584505
58450558450558450558450558450558450558450558450558450558450558450558450558450558450558450558450558450558450558450558450558450558
45055845055845055845055845055845055845055845055845055845055845055845055845055845055845055845055845055845055845055845055845055845
05584505584505584505584505584505584505584505584505584505584505584505584505584505584505584505584505584505584505584505584505584505
58450558450558450558450558450558450558450558450558450558450558450558450558450558450558450558450558450558450558450558450558450558
45055845055845055845055845055845055845055845055845055845055845055845055845055845055845055845055845055845055845055845055845055845
05584505584505584505584505584505584505584505584505584505584505584505584505584505584505584505584505584505584505584505584505584505
58450558450558450558450558450558450558450558450558450558450558450558450558450558450558450558450558450558450558450558450558450558
45055845055845055845055845055845055845055845055845055845055845055845055845055844035744035744035744035744035744035744035744035744
03574403574403574403574403574403574403574403574403574403574403574403574403574403574403574403574403574403574403574403574403574403
57440357440357440357440357440357440357440357440357440357440357440357440357440357440357440255440255440255440255440255440255440255
44025544025544025544025544025544025544025544025544025544025544025544025544025544025544025544035744035744035744035744035744035744
03574403574403574403574403574403574403574403574403574403574403574403574403574403574403574403574403574403574403574403574403574403
57440357440357440357440357440357440357440357440357440357440357440357440357440357440357440357440357450558450558450558450558450558
45055845055845055845055845055845055845055845055845055845055845055845055845055845055845055845055845055845055845055845055845055845
05584505584505584505584505584505584505584505584505584505584505584505584505584505584505584505584505584505584505584505584505584505
58450558450558450558450558450558450558450558450558450558450558450558450558450558450558450558450558450558450558450558450558450558
45055845055845055845055845055845055845055845055845055845055845055845055845055845055845055845055845055845055845055845055845055845
05584505584505584505584505584505584505584505584505584505584505584505584505584505584505584505584505584505584505584505584505584505
58450558450558450558450558450558450558450558450558450558450558450558450558450558450558450558450558450558450558450558450558450558
45055845055845055845055845055845055845055845055845055845055845055845055845055845055845055845055845055845055845055845055845055845
05584505584505584505584505584505584505584505584505584505584505584505584505584505584505584505584505584505584505584505584505584505
58450558450558450558450558450558450558450558450558450558450558450558450558450558450558450558450558450558450558450558450558450558
45055845055845055845055845055845055845055845055845055845055845055845055845055845055845055845055845055845055845055845055845055845
05584505584505584505584505584505584505584505584505584505584505584505584505584505584505584505584505584505584505584505584505584505
58450558450558450558450558450558450558450558450558450558450558450558450558450558450558450558450558450558450558450558450558450558
45055845055844035744035744035744035744035744035744035744035744035744035744035744035744035744035744035744035744035744035744035744
03574403574403574403574403574403574403574403574403574403574403574403574403574403574403574403574403574403574403574403574403574403
57440357440357440357440255440255440255440255440255440255440255440255440255440255440255440255440255440255440255440255440255440255
44025544025544025544025544035744035744035744035744035744035744035744035744035744035744035744035744035744035744035744035744035744
03574403574403574403574403574403574403574403574403574403574403574403574403574403574403574403574403574403574403574403574403574403
57440357440357440357440357440357450558450558450558450558450558450558450558450558450558450558450558450558450558450558450558450558
45055845055845055845055845055845055845055845055845055845055845055845055845055845055845055845055845055845055845055845055845055845
05584505584505584505584505584505584505584505584505584505584505584505584505584505584505584505584505584505584505584505584505584505
58450558450558450558450558450558450558450558450558450558450558450558450558450558450558450558450558450558450558450558450558450558
45055845055845055845055845055845055845055845055845055845055845055845055845055845055845055845055845055845055845055845055845055845
05584505584505584505584505584505584505584505584505584505584505584505584505584505584505584505584505584505584505584505584505584505
58450558450558450558450558450558450558450558450558450558450558450558450558450558450558450558450558450558450558450558450558450558
45055845055845055845055845055845055845055845055845055845055845055845055845055845055845055845055845055845055845055845055845055845
05584505584505584505584505584505584505584505584505584505584505584505584505584505584505584505584505584505584505584505584505584505
58450558450558450558450558450558450558450558450558450558450558450558450558450558450558450558450558450558450558450558450558450558
45055845055845055845055845055845055845055845055845055845055845055845055845055845055845055845055845055845055845055845055845055845
05584505584505584505584505584505584505584505584505584505584505584505584505584505584505584505584505584505584505584505584505584505
58450558450558450558450558450558450558450558450558450558450558450558450558440357440357440357440357440357440357440357440357440357
44035744035744035744035744035744035744035744035744035744035744035744035744035744035744035744035744035744035744035744035744035744
03574403574403574403574403574403574403574403574403574403574403574403574403574403574402554402554402554402554402554402554402554402
55440255440255440255440255440255440255440255440255440255440255440255440255440255440255440357440357440357440357440357440357440357
44035744035744035744035744035744035744035744035744035744035744035744035744035744035744035744035744035744035744035744035744035744
03574403574403574403574403574403574403574403574403574403574403574403574403574403574403574403574505584505584505584505584505584505
58450558450558450558450558450558450558450558450558450558450558450558450558450558450558450558450558450558450558450558450558450558
45055845055845055845055845055845055845055845055845055845055845055845055845055845055845055845055845055845055845055845055845055845
05584505584505584505584505584505584505584505584505584505584505584505584505584505584505584505584505584505584505584505584505584505
58450558450558450558450558450558450558450558450558450558450558450558450558450558450558450558450558450558450558450558450558450558
45055845055845055845055845055845055845055845055845055845055845055845055845055845055845055845055845055845055845055845055845055845
05584505584505584505584505584505584505584505584505584505584505584505584505584505584505584505584505584505584505584505584505584505
58450558450558450558450558450558450558450558450558450558450558450558450558450558450558450558450558450558450558450558450558450558
45055845055845055845055845055845055845055845055845055845055845055845055845055845055845055845055845055845055845055845055845055845
05584505584505584505584505584505584505584505584505584505584505584505584505584505584505584505584505584505584505584505584505584505
58450558450558450558450558450558450558450558450558450558450558450558450558450558450558450558450558450558450558450558450558450558
45055845055845055845055845055845055845055845055845055845055845055845055845055845055845055845055845055845055845055845055845055845
05584505584505584505584505584505584505584505584505584505584505584505584505584505584505584505584505584505584505584505584505584505
58450558440357440357440357440357440357440357440357440357440357440357440357440357440357440357440357440357440357440357440357440357
44035744035744035744035744035744035744035744035744035744035744035744035744035744035744035744035744035744035744035744035744035744
03574403574403574402554402554402554402554402554402554402554402554402554402554402554402554402554402554402554402554402554402554402
55440255440255440255440357440357440357440357440357440357440357440357440357440357440357440357440357440357440357440357440357440357
44035744035744035744035744035744035744035744035744035744035744035744035744035744035744035744035744035744035744035744035744035744
03574403574403574403574403574505584505584505584505584505584505584505584505584505584505584505584505584505584505584505584505584505
58450558450558450558450558450558450558450558450558450558450558450558450558450558450558450558450558450558450558450558450558450558
45055845055845055845055845055845055845055845055845055845055845055845055845055845055845055845055845055845055845055845055845055845
05584505584505584505584505584505584505584505584505584505584505584505584505584505584505584505584505584505584505584505584505584505
58450558450558450558450558450558450558450558450558450558450558450558450558450558450558450558450558450558450558450558450558450558
45055845055845055845055845055845055845055845055845055845055845055845055845055845055845055845055845055845055845055845055845055845
05584505584505584505584505584505584505584505584505584505584505584505584505584505584505584505584505584505584505584505584505584505
58450558450558450558450558450558450558450558450558450558450558450558450558450558450558450558450558450558450558450558450558450558
45055845055845055845055845055845055845055845055845055845055845055845055845055845055845055845055845055845055845055845055845055845
05584505584505584505584505584505584505584505584505584505584505584505584505584505584505584505584505584505584505584505584505584505
58450558450558450558450558450558450558450558450558450558450558450558450558450558450558450558450558450558450558450558450558450558
45055845055845055845055845055845055845055845055845055845055845055845055845055845055845055845055845055845055845055845055845055845
05584505584505584505584505584505584505584505584505584505584505584505584403574403574403574403574403574403574403574403574403574403
57440357440357440357440357440357440357440357440357440357440357440357440357440357440357440357440357440357440357440357440357440357
44035744035744035744035744035744035744035744035744035744035744035744035744035744025544025544025544025544025544025544025544025544
02554402554402554402554402554402554402554402554402554402554402554402554402554402554403574403574403574403574403574403574403574403
57440357440357440357440357440357440357440357440357440357440357440357440357440357440357440357440357440357440357440357440357440357
44035744035744035744035744035744035744035744035744035744035744035744035744035744035744035745055845055845055845055845055845055845
05584505584505584505584505584505584505584505584505584505584505584505584505584505584505584505584505584505584505584505584505584505
58450558450558450558450558450558450558450558450558450558450558450558450558450558450558450558450558450558450558450558450558450558
45055845055845055845055845055845055845055845055845055845055845055845055845055845055845055845055845055845055845055845055845055845
05584505584505584505584505584505584505584505584505584505584505584505584505584505584505584505584505584505584505584505584505584505
58450558450558450558450558450558450558450558450558450558450558450558450558450558450558450558450558450558450558450558450558450558
45055845055845055845055845055845055845055845055845055845055845055845055845055845055845055845055845055845055845055845055845055845
05584505584505584505584505584505584505584505584505584505584505584505584505584505584505584505584505584505584505584505584505584505
58450558450558450558450558450558450558450558450558450558450558450558450558450558450558450558450558450558450558450558450558450558
45055845055845055845055845055845055845055845055845055845055845055845055845055845055845055845055845055845055845055845055845055845
05584505584505584505584505584505584505584505584505584505584505584505584505584505584505584505584505584505584505584505584505584505
58450558450558450558450558450558450558450558450558450558450558450558450558450558450558450558450558450558450558450558450558450558
45055845055845055845055845055845055845055845055845055845055845055845055845055845055845055845055845055845055845055845055845055845
05584403574403574403574403574403574403574403574403574403574403574403574403574403574403574403574403574403574403574403574403574403
57440357440357440357440357440357440357440357440357440357440357440357440357440357440357440357440357440357440357440357440357440357
44035744035744025544025544025544025544025544025544025544025544025544025544025544025544025544025544025544025544025544025544025544
02554402554402554403574403574403574403574403574403574403574403574403574403574403574403574403574403574403574403574403574403574403
57440357440357440357440357440357440357440357440357440357440357440357440357440357440357440357440357440357440357440357440357440357
44035744035744035744035745055845055845055845055845055845055845055845055845055845055845055845055845055845055845055845055845055845
05584505584505584505584505584505584505584505584505584505584505584505584505584505584505584505584505584505584505584505584505584505
58450558450558450558450558450558450558450558450558450558450558450558450558450558450558450558450558450558450558450558450558450558
45055845055845055845055845055845055845055845055845055845055845055845055845055845055845055845055845055845055845055845055845055845
05584505584505584505584505584505584505584505584505584505584505584505584505584505584505584505584505584505584505584505584505584505
58450558450558450558450558450558450558450558450558450558450558450558450558450558450558450558450558450558450558450558450558450558
45055845055845055845055845055845055845055845055845055845055845055845055845055845055845055845055845055845055845055845055845055845
05584505584505584505584505584505584505584505584505584505584505584505584505584505584505584505584505584505584505584505584505584505
58450558450558450558450558450558450558450558450558450558450558450558450558450558450558450558450558450558450558450558450558450558
45055845055845055845055845055845055845055845055845055845055845055845055845055845055845055845055845055845055845055845055845055845
05584505584505584505584505584505584505584505584505584505584505584505584505584505584505584505584505584505584505584505584505584505
58450558450558450558450558450558450558450558450558450558450558450558450558450558450558450558450558450558450558450558450558450558
45055845055845055845055845055845055845055845055845055845055845055844035744035744035744035744035744035744035744035744035744035744
03574403574403574403574403574403574403574403574403574403574403574403574403574403574403574403574403574403574403574403574403574403
57440357440357440357440357440357440357440357440357440357440357440357440357440255440255440255440255440255440255440255440255440255
44025544025544025544025544025544025544015444015444015444015444015444015444015444015444015444015444015444015444015444015444015444
01544401544401544401544401544401544401544401544401544401544401544401544401544401544401544401544401544401544401544401544401544401
54440154440154440154440154440154440154440154440154440154440154440154440154440154440154440154440154440154440154440154440154440154
44015444015444015444015444015444015444015444015444015444015444015444015444015444015444015444015444015444015444015444015444015444
01544401544401544401544401544401544401544401544401544401544401544401544401544401544401544401544401544401544401544401544401544401
54440154440154440154440154440154440154440154440154440154440154440154440154440154440154440154440154440154440154440154440154440154
44015444015444015444015444015444015444015444015444015444015444015444015444015444015444015444015444015444015444015444015444015444
01544401544401544401544401544401544401544401544401544401544401544401544401544401544401544401544401544401544401544401544401544401
54440154440154440154440154440154440154440154440154440154440154440154440154440154440154440154440154440154440154440154440154440154
44015444015444015444015444015444015444015444015444015444015444015444015444015444015444015444015444015444015444015444015444015444
01544401544401544401544401544401544401544401544401544401544401544401544401544401544401544401544401544401544401544401544401544401
54440154440154440154440154440154440154440154440154440154440154440154440154440154440154440154440154440154440154440154440154440154
44015444015444015444015444015444015444015444015444015444015444015444015444015444015444015444015444015444015444015444015444015444
01544401544401544401544401544401544401544401544401544401544401544401544401544401544401544401544401544401544401544401544401544401
54440154440154440154440154440154440154440154440154440154440154440154440154440154440154440154440154440154440154440154440154440154
44015444015444015444015444015444015444015444015444015444015444015444015444015444015444015444015444015444015444015444015444015444
01544401544401544401544401544401544401544401544401544401544401544401544401544401544401544401544401544401544401544401544401544401
54440154440154440154440154440154440154440154440154440154440154440154440154440154440154440154440154440154440154440154440154440154
44015444015444015444015444015444015444015444015444015444015444015444015444015444015444015444015444015444015444015444015444015444
01544401544401544401544401544401544401544401544401544401544401544401544401544401544401544401544401544401544401544401544401544401
54440154440154440154440154440154440154440154440154440154440154440154440154440154440154440154440154440154440154440154440154440154
44015444015444015444015444015444015444015444015444015444015444015444015444015444015444015444015444015444015444015444015444015444
01544401544401544401544401544401544401544401544401544401544401544401544401544401544401544401544401544401544401544401544401544401
54440154440154440154440154440154440154440154440154440154440154440154440154440154440154440154440154440154440154440154440154440154
44015444015444015444015444015444015444015444015444015444015444015444015444015444015444015444015444015444015444015444015444015444
01544401544401544401544401544401544401544401544401544401544401544401544401544401544401544401544401544401544401544401544401544401
54440154440154440154440154440154440154440154440154440154440154440154440154440154440154440154440154440154440154440154440154440154
44015444015444015444015444015444015444015444015444015444015444015444015444015444015444015444015444015444015444015444015444015444
01544401544401544401544401544401544401544401544401544401544401544401544401544401544401544401544401544401544401544401544401544401
54440154440154440154440154440154440154440154440154440154440154440154440154440154440154440154440154440154440154440154440154440154
44015444015444015444015444015444015444015444015444015444015444015444015444015444015444015444015444015444015444015444015444015444
01544401544401544401544401544401544401544401544401544401544401544401544401544401544401544401544401544401544401544401544401544401
54440154440154440154440154440154440154440154440154440154440154440154440154440154440154440154440154440154440154440154440154440154
44015444015444015444015444015444015444015444015444015444015444015444015444015444015444015444015444015444015444015444015444015444
01544401544401544401544401544401544401544401544401544401544401544401544401544401544401544401544401544401544401544401544401544401
54440154440154440154440154440154440154440154440154440154440154440154440154440154440154440154440154440154440154440154440154440154
44015444015444015444015444015444015444015444015444015444015444015444015444015444015444015444015444015444015444015444015444015444
01544401544401544401544401544401544401544401544401544401544401544401544401544401544401544401544401544401544401544401544401544401
54440154440154440154440154440154440154440154440154440154440154440154440154440154440154440154440154440154440154440154440154440154
44015444015444015444015444015444015444015444015444015444015444015444015444015444015444015444015444015444015444015444015444015444
01544401544401544401544401544401544401544401544401544401544401544401544401544401544401544401544401544401544401544401544401544401
54440154440154440154440154440154440154440154440154440154440154440154440154440154440154440154440154440154440154440154440154440154
44015444015444015444015444015444015444015444015444015444015444015444015444015444015444015444015444015444015444015444015444015444
01544401544401544401544401544401544401544401544401544401544401544401544401544401544401544401544401544401544401544401544401544401
54440154440154440154440154440154440154440154440154440154440154440154440154440154440154440154440154440154440154440154440154440154
44015444015444015444015444015444015444015444015444015444015444015444015444015444015444015444015444015444015444015444015444015444
01544401544401544401544401544401544401544401544401544401544401544401544401544401544401544401544401544401544401544401544401544401
54440154440154440154440154440154440154440154440154440154440154440154440154440154440154440154440154440154440154440154440154440154
44015444015444015444015444015444015444015444015444015444015444015444015444015444015444015444015444015444015444015444015444015444
01544401544401544401544401544401544401544401544401544401544401544401544401544401544401544401544401544401544401544401544401544401
54440154440154440154440154440154440154440154440154440154440154440154440154440154440154440154440154440154440154440154440154440154
44015444015444015444015444015444015444015444015444015444015444015444015444015444015444015444015444015444015444015444015444015444
01544401544401544401544401544401544401544401544401544401544401544401544401544401544401544401544401544401544401544401544401544401
54440154440154440154440154440154440154440154440154440154440154440154440154440154440154440154440154440154440154440154440154440154
44015444015444015444015444015444015444015444015444015444015444015444015444015444015444015444015444015444015444015444015444015444
01544401544401544401544401544401544401544401544401544401544401544401544401544401544401544401544401544401544401544401544401544401
54440154440154440154440154440154440154440154440154440154440154440154440154440154440154440154440154440154440154440154440154440154
44015444015444015444015444015444015444015444015444015444015444015444015444015444015444015444015444015444015444015444015444015444
01544401544401544401544401544401544401544401544401544401544401544401544401544401544401544401544401544401544401544401544401544401
54440154440154440154440154440154440154440154440154440154440154440154440154440154440154440154440154440154440154440154440154440154
44015444015444015444015444015444015444015444015444015444015444015444015444015444015444015444015444015444015444015444015444015444
01544401544401544401544401544401544401544401544401544401544401544401544401544401544401544401544401544401544401544401544401544401
54440154440154440154440154440154440154440154440154440154440154440154440154440154440154440154440154440154440154440154440154440154
44015444015444015444015444015444015444015444015444015444015444015444015444015444015444015444015444015444015444015444015444015444
01544401544401544401544401544401544401544401544401544401544401544401544401544401544401544401544401544401544401544401544401544401
54440154440154440154440154440154440154440154440154440154440154440154440154440154440154440154440154440154440154440154440154440154
44015444015444015444015444015444015444015444015444015444015444015444015444015444015444015444015444015444015444015444015444015444
01544401544401544401544401544401544401544401544401544401544401544401544401544401544401544401544401544401544401544401544401544401
54440154440154440154440154440154440154440154440154440154440154440154440154440154440154440154440154440154440154440154440154440154
44015444015444015444015444015444015444015444015444015444015444015444015444015444015444015444015444015444015444015444015444015444
01544401544401544401544401544401544401544401544401544401544401544401544401544401544401544401544401544401544401544401544401544401
54440154440154440154440154440154440154440154440154440154440154440154440154440154440154440154440154440154440154440154440154440154
44015444015444015444015444015444015444015444015444015444015444015444015444015444015444015444015444015444015444015444015444015444
01544401544401544401544401544401544401544401544401544401544401544401544401544401544401544401544401544401544401544401544401544401
54440154440154440154440154440154440154440154440154440154440154440154440154440154440154440154440154440154440154440154440154440154
44015444015444015444015444015444015444015444015444015444015444015444015444015444015444015444015444015444015444015444015444015444
01544401544401544401544401544401544401544401544401544401544401544401544401544401544401544401544401544401544401544401544401544401
54440154440154440154440154440154440154440154440154440154440154440154440154440154440154440154440154440154440154440154440154440154
44015444015444015444015444015444015444015444015444015444015444015444015444015444015444015444015444015444015444015444015444015444
01544401544401544401544401544401544401544401544401544401544401544401544401544401544401544401544401544401544401544401544401544401
54440154440154440154440154440154440154440154440154440154440154440154440154440154440154440154440154440154440154440154440154440154
44015444015444015444015444015444015444015444015444015444015444015444015444015444015444015444015444015444015444015444015444015444
01544401544401544401544401544401544401544401544401544401544401544401544401544401544401544401544401544401544401544401544401544401
54440154440154440154440154440154440154440154440154440154440154440154440154440154440154440154440154440154440154440154440154440154
44015444015444015444015444015444015444015444015444015444015444015444015444015444015444015444015444015444015444015444015444015444
01544401544401544401544401544401544401544401544401544401544401544401544401544401544401544401544401544401544401544401544401544401
54440154440154440154440154440154440154440154440154440154440154440154440154440154440154440154440154440154440154440154440154440154
44015444015444015444015444015444015444015444015444015444015444015444015444015444015444015444015444015444015444015444015444015444
01544401544401544401544401544401544401544401544401544401544401544401544401544401544401544401544401544401544401544401544401544401
54440154440154440154440154440154440154440154440154440154440154440154440154440154440154440154440154440154440154440154440154440154
44015444015444015444015444015444015444015444015444015444015444015444015444015444015444015444015444015444015444015444015444015444
01544401544401544401544401544401544401544401544401544401544401544401544401544401544401544401544401544401544401544401544401544401
54440154440154440154440154440154440154440154440154440154440154440154440154440154440154440154440154440154440154440154440154440154
44015444015444015444015444015444015444015444015444015444015444015444015444015444015444015444015444015444015444015444015444015444
01544401544401544401544401544401544401544401544401544401544401544401544401544401544401544401544401544401544401544401544401544401
54440154440154440154440154440154440154440154440154440154440154440154440154440154440154440154440154440154440154440154440154440154
44015444015444015444015444015444015444015444015444015444015444015444015444015444015444015444015444015444015444015444015444015444
01544401544401544401544401544401544401544401544401544401544401544401544401544401544401544401544401544401544401544401544401544401
54440154440154440154440154440154440154440154440154440154440154440154440154440154440154440154440154440154440154440154440154440154
44015444015444015444015444015444015444015444015444015444015444015444015444015444015444015444015444015444015444015444015444015444
01544401544401544401544401544401544401544401544401544401544401544401544401544401544401544401544401544401544401544401544401544401
54440154440154440154440154440154440154440154440154440154440154440154440154440154440154440154440154440154440154440154440154440154
44015444015444015444015444015444015444015444015444015444015444015444015444015444015444015444015444015444015444015444015444015444
01544401544401544401544401544401544401544401544401544401544401544401544401544401544401544401544401544401544401544401544401544401
54440154440154440154440154440154440154440154440154440154440154440154440154440154440154440154440154440154440154440154440154440154
44015444015444015444015444015444015444015444015444015444015444015444015444015444015444015444015444015444015444015444015444015444
01544401544401544401544401544401544401544401544401544401544401544401544401544401544401544401544401544401544401544401544401544401
54440154440154440154440154440154440154440154440154440154440154440154440154440154440154440154440154440154440154440154440154440154
44015444015444015444015444015444015444015444015444015444015444015444015444015444015444015444015444015444015444015444015444015444
01544401544401544401544401544401544401544401544401544401544401544401544401544401544401544401544401544401544401544401544401544401
54440154440154440154440154440154440154440154440154440154440154440154440154440154440154440154440154440154440154440154440154440154
44015444015444015444015444015444015444015444015444015444015444015444015444015444015444015444015444015444015444015444015444015444
01544401544401544401544401544401544401544401544401544401544401544401544401544401544401544401544401544401544401544401544401544401
54440154440154440154440154440154440154440154440154440154440154440154440154440154440154440154440154440154440154440154440154440154
44015444015444015444015444015444015444015444015444015444015444015444015444015444015444015444015444015444015444015444015444015444
01544401544401544401544401544401544401544401544401544401544401544401544401544401544401544401544401544401544401544401544401544401
54440154440154440154440154440154440154440154440154440154440154440154440154440154440154440154440154440154440154440154440154440154
44015444015444015444015444015444015444015444015444015444015444015444015444015444015444015444015444015444015444015444015444015444
01544401544401544401544401544401544401544401544401544401544401544401544401544401544401544401544401544401544401544401544401544401
54440154440154440154440154440154440154440154440154440154440154440154440154440154440154440154440154440154440154440154440154440154
44015444015444015444015444015444015444015444015444015444015444015444015444015444015444015444015444015444015444015444015444015444
01544401544401544401544401544401544401544401544401544401544401544401544401544401544401544401544401544401544401544401544401544401
54440154440154440154440154440154440154440154440154440154440154440154440154440154440154
grestore
0.8 setlinewidth
1 setlinejoin
0 setlinecap
[] 0 setdash
0 setgray
gsave
/o {
gsave
newpath
translate
0.8 setlinewidth
1 setlinejoin

0 setlinecap

0 0 m
0 -3.5 l

gsave
0 setgray
fill
grestore
stroke
grestore
} bind def
56.6259 44.28 o
grestore
/DejaVuSans 11.000 selectfont
gsave

53.1259 28.9206 translate
0 rotate
0 0 m /zero glyphshow
grestore
gsave
/o {
gsave
newpath
translate
0.8 setlinewidth
1 setlinejoin

0 setlinecap

0 0 m
0 -3.5 l

gsave
0 setgray
fill
grestore
stroke
grestore
} bind def
109.144 44.28 o
grestore
/DejaVuSans 11.000 selectfont
gsave

102.144 28.9206 translate
0 rotate
0 0 m /one glyphshow
6.99854 0 m /zero glyphshow
grestore
gsave
/o {
gsave
newpath
translate
0.8 setlinewidth
1 setlinejoin

0 setlinecap

0 0 m
0 -3.5 l

gsave
0 setgray
fill
grestore
stroke
grestore
} bind def
161.661 44.28 o
grestore
/DejaVuSans 11.000 selectfont
gsave

154.661 28.9206 translate
0 rotate
0 0 m /two glyphshow
6.99854 0 m /zero glyphshow
grestore
gsave
/o {
gsave
newpath
translate
0.8 setlinewidth
1 setlinejoin

0 setlinecap

0 0 m
0 -3.5 l

gsave
0 setgray
fill
grestore
stroke
grestore
} bind def
214.179 44.28 o
grestore
/DejaVuSans 11.000 selectfont
gsave

207.179 28.9206 translate
0 rotate
0 0 m /three glyphshow
6.99854 0 m /zero glyphshow
grestore
gsave
/o {
gsave
newpath
translate
0.8 setlinewidth
1 setlinejoin

0 setlinecap

0 0 m
0 -3.5 l

gsave
0 setgray
fill
grestore
stroke
grestore
} bind def
266.696 44.28 o
grestore
/DejaVuSans 11.000 selectfont
gsave

259.696 28.9206 translate
0 rotate
0 0 m /four glyphshow
6.99854 0 m /zero glyphshow
grestore
gsave
/o {
gsave
newpath
translate
0.8 setlinewidth
1 setlinejoin

0 setlinecap

0 0 m
0 -3.5 l

gsave
0 setgray
fill
grestore
stroke
grestore
} bind def
319.214 44.28 o
grestore
/DejaVuSans 11.000 selectfont
gsave

312.214 28.9206 translate
0 rotate
0 0 m /five glyphshow
6.99854 0 m /zero glyphshow
grestore
/DejaVuSans 12.000 selectfont
gsave

184.365 13.5144 translate
0 rotate
0 0 m /x glyphshow
grestore
gsave
/o {
gsave
newpath
translate
0.8 setlinewidth
1 setlinejoin

0 setlinecap

-0 0 m
-3.5 0 l

gsave
0 setgray
fill
grestore
stroke
grestore
} bind def
54 309.494 o
grestore
/DejaVuSans 11.000 selectfont
gsave

40 305.314 translate
0 rotate
0 0 m /zero glyphshow
grestore
gsave
/o {
gsave
newpath
translate
0.8 setlinewidth
1 setlinejoin

0 setlinecap

-0 0 m
-3.5 0 l

gsave
0 setgray
fill
grestore
stroke
grestore
} bind def
54 256.976 o
grestore
/DejaVuSans 11.000 selectfont
gsave

33 252.797 translate
0 rotate
0 0 m /one glyphshow
6.99854 0 m /zero glyphshow
grestore
gsave
/o {
gsave
newpath
translate
0.8 setlinewidth
1 setlinejoin

0 setlinecap

-0 0 m
-3.5 0 l

gsave
0 setgray
fill
grestore
stroke
grestore
} bind def
54 204.459 o
grestore
/DejaVuSans 11.000 selectfont
gsave

33 200.279 translate
0 rotate
0 0 m /two glyphshow
6.99854 0 m /zero glyphshow
grestore
gsave
/o {
gsave
newpath
translate
0.8 setlinewidth
1 setlinejoin

0 setlinecap

-0 0 m
-3.5 0 l

gsave
0 setgray
fill
grestore
stroke
grestore
} bind def
54 151.941 o
grestore
/DejaVuSans 11.000 selectfont
gsave

33 147.761 translate
0 rotate
0 0 m /three glyphshow
6.99854 0 m /zero glyphshow
grestore
gsave
/o {
gsave
newpath
translate
0.8 setlinewidth
1 setlinejoin

0 setlinecap

-0 0 m
-3.5 0 l

gsave
0 setgray
fill
grestore
stroke
grestore
} bind def
54 99.4235 o
grestore
/DejaVuSans 11.000 selectfont
gsave

33 95.2438 translate
0 rotate
0 0 m /four glyphshow
6.99854 0 m /zero glyphshow
grestore
gsave
/o {
gsave
newpath
translate
0.8 setlinewidth
1 setlinejoin

0 setlinecap

-0 0 m
-3.5 0 l

gsave
0 setgray
fill
grestore
stroke
grestore
} bind def
54 46.9059 o
grestore
/DejaVuSans 11.000 selectfont
gsave

33 42.7262 translate
0 rotate
0 0 m /five glyphshow
6.99854 0 m /zero glyphshow
grestore
/DejaVuSans 12.000 selectfont
gsave

26.5 174.645 translate
90 rotate
0 0 m /y glyphshow
grestore
0 setlinejoin
2 setlinecap
gsave
54 44.28 m
54 312.12 l
stroke
grestore
gsave
321.84 44.28 m
321.84 312.12 l
stroke
grestore
gsave
54 44.28 m
321.84 44.28 l
stroke
grestore
gsave
54 312.12 m
321.84 312.12 l
stroke
grestore
/DejaVuSans 13.000 selectfont
gsave

62.4044 318.12 translate
0 rotate
0 0 m /N glyphshow
9.72461 0 m /u glyphshow
17.9639 0 m /m glyphshow
30.6274 0 m /e glyphshow
38.6255 0 m /r glyphshow
43.9702 0 m /i glyphshow
47.582 0 m /c glyphshow
54.7295 0 m /a glyphshow
62.6958 0 m /l glyphshow
66.3076 0 m /space glyphshow
70.4399 0 m /S glyphshow
78.6919 0 m /o glyphshow
86.6455 0 m /l glyphshow
90.2573 0 m /u glyphshow
98.4966 0 m /t glyphshow
103.594 0 m /i glyphshow
107.206 0 m /o glyphshow
115.159 0 m /n glyphshow
123.398 0 m /space glyphshow
127.531 0 m /u glyphshow
135.77 0 m /s glyphshow
142.543 0 m /i glyphshow
146.155 0 m /n glyphshow
154.394 0 m /g glyphshow
162.646 0 m /space glyphshow
166.778 0 m /G glyphshow
176.852 0 m /a glyphshow
184.818 0 m /u glyphshow
193.058 0 m /s glyphshow
199.831 0 m /s glyphshow
206.604 0 m /hyphen glyphshow
211.294 0 m /S glyphshow
219.546 0 m /e glyphshow
227.544 0 m /i glyphshow
231.156 0 m /d glyphshow
239.408 0 m /e glyphshow
247.406 0 m /l glyphshow
grestore
gsave
338.58 39.6 m
352.44 39.6 l
352.44 316.8 l
338.58 316.8 l
cl
1 setgray
fill
grestore
gsave

338.4 39.6 translate
[1 0 0 1 0 0] concat
14.4 277.2 scale
/DataString 20 string def
20 385 8 [ 20 0 0 -385 0 385 ]
{
currentfile DataString readhexstring pop
} bind false 3 colorimage
fde725fde725fde725fde725fde725fde725fde725fde725fde725fde725fde725fde725fde725fde725fde725fde725fde725fde725fde725fde725fde725fd
e725fde725fde725fde725fde725fde725fde725fde725fde725fde725fde725fde725fde725fde725fde725fde725fde725fde725fde725fbe723fbe723fbe7
23fbe723fbe723fbe723fbe723fbe723fbe723fbe723fbe723fbe723fbe723fbe723fbe723fbe723fbe723fbe723fbe723fbe723f8e621f8e621f8e621f8e621
f8e621f8e621f8e621f8e621f8e621f8e621f8e621f8e621f8e621f8e621f8e621f8e621f8e621f8e621f8e621f8e621f8e621f8e621f8e621f8e621f8e621f8
e621f8e621f8e621f8e621f8e621f8e621f8e621f8e621f8e621f8e621f8e621f8e621f8e621f8e621f8e621f6e620f6e620f6e620f6e620f6e620f6e620f6e6
20f6e620f6e620f6e620f6e620f6e620f6e620f6e620f6e620f6e620f6e620f6e620f6e620f6e620f4e61ef4e61ef4e61ef4e61ef4e61ef4e61ef4e61ef4e61e
f4e61ef4e61ef4e61ef4e61ef4e61ef4e61ef4e61ef4e61ef4e61ef4e61ef4e61ef4e61ef4e61ef4e61ef4e61ef4e61ef4e61ef4e61ef4e61ef4e61ef4e61ef4
e61ef4e61ef4e61ef4e61ef4e61ef4e61ef4e61ef4e61ef4e61ef4e61ef4e61ef1e51df1e51df1e51df1e51df1e51df1e51df1e51df1e51df1e51df1e51df1e5
1df1e51df1e51df1e51df1e51df1e51df1e51df1e51df1e51df1e51defe51cefe51cefe51cefe51cefe51cefe51cefe51cefe51cefe51cefe51cefe51cefe51c
efe51cefe51cefe51cefe51cefe51cefe51cefe51cefe51cefe51cefe51cefe51cefe51cefe51cefe51cefe51cefe51cefe51cefe51cefe51cefe51cefe51cef
e51cefe51cefe51cefe51cefe51cefe51cefe51cece51bece51bece51bece51bece51bece51bece51bece51bece51bece51bece51bece51bece51bece51bece5
1bece51bece51bece51bece51bece51beae51aeae51aeae51aeae51aeae51aeae51aeae51aeae51aeae51aeae51aeae51aeae51aeae51aeae51aeae51aeae51a
eae51aeae51aeae51aeae51aeae51aeae51aeae51aeae51aeae51aeae51aeae51aeae51aeae51aeae51aeae51aeae51aeae51aeae51aeae51aeae51aeae51aea
e51aeae51aeae51ae7e419e7e419e7e419e7e419e7e419e7e419e7e419e7e419e7e419e7e419e7e419e7e419e7e419e7e419e7e419e7e419e7e419e7e419e7e4
19e7e419e5e419e5e419e5e419e5e419e5e419e5e419e5e419e5e419e5e419e5e419e5e419e5e419e5e419e5e419e5e419e5e419e5e419e5e419e5e419e5e419
e5e419e5e419e5e419e5e419e5e419e5e419e5e419e5e419e5e419e5e419e5e419e5e419e5e419e5e419e5e419e5e419e5e419e5e419e5e419e5e419e2e418e2
e418e2e418e2e418e2e418e2e418e2e418e2e418e2e418e2e418e2e418e2e418e2e418e2e418e2e418e2e418e2e418e2e418e2e418e2e418dfe318dfe318dfe3
18dfe318dfe318dfe318dfe318dfe318dfe318dfe318dfe318dfe318dfe318dfe318dfe318dfe318dfe318dfe318dfe318dfe318dfe318dfe318dfe318dfe318
dfe318dfe318dfe318dfe318dfe318dfe318dfe318dfe318dfe318dfe318dfe318dfe318dfe318dfe318dfe318dfe318dde318dde318dde318dde318dde318dd
e318dde318dde318dde318dde318dde318dde318dde318dde318dde318dde318dde318dde318dde318dde318dae319dae319dae319dae319dae319dae319dae3
19dae319dae319dae319dae319dae319dae319dae319dae319dae319dae319dae319dae319dae319dae319dae319dae319dae319dae319dae319dae319dae319
dae319dae319dae319dae319dae319dae319dae319dae319dae319dae319dae319dae319d8e219d8e219d8e219d8e219d8e219d8e219d8e219d8e219d8e219d8
e219d8e219d8e219d8e219d8e219d8e219d8e219d8e219d8e219d8e219d8e219d5e21ad5e21ad5e21ad5e21ad5e21ad5e21ad5e21ad5e21ad5e21ad5e21ad5e2
1ad5e21ad5e21ad5e21ad5e21ad5e21ad5e21ad5e21ad5e21ad5e21ad5e21ad5e21ad5e21ad5e21ad5e21ad5e21ad5e21ad5e21ad5e21ad5e21ad5e21ad5e21a
d5e21ad5e21ad5e21ad5e21ad5e21ad5e21ad5e21ad5e21ad2e21bd2e21bd2e21bd2e21bd2e21bd2e21bd2e21bd2e21bd2e21bd2e21bd2e21bd2e21bd2e21bd2
e21bd2e21bd2e21bd2e21bd2e21bd2e21bd2e21bd0e11cd0e11cd0e11cd0e11cd0e11cd0e11cd0e11cd0e11cd0e11cd0e11cd0e11cd0e11cd0e11cd0e11cd0e1
1cd0e11cd0e11cd0e11cd0e11cd0e11cd0e11cd0e11cd0e11cd0e11cd0e11cd0e11cd0e11cd0e11cd0e11cd0e11cd0e11cd0e11cd0e11cd0e11cd0e11cd0e11c
d0e11cd0e11cd0e11cd0e11ccde11dcde11dcde11dcde11dcde11dcde11dcde11dcde11dcde11dcde11dcde11dcde11dcde11dcde11dcde11dcde11dcde11dcd
e11dcde11dcde11dcae11fcae11fcae11fcae11fcae11fcae11fcae11fcae11fcae11fcae11fcae11fcae11fcae11fcae11fcae11fcae11fcae11fcae11fcae1
1fcae11fcae11fcae11fcae11fcae11fcae11fcae11fcae11fcae11fcae11fcae11fcae11fcae11fcae11fcae11fcae11fcae11fcae11fcae11fcae11fcae11f
c8e020c8e020c8e020c8e020c8e020c8e020c8e020c8e020c8e020c8e020c8e020c8e020c8e020c8e020c8e020c8e020c8e020c8e020c8e020c8e020c5e021c5
e021c5e021c5e021c5e021c5e021c5e021c5e021c5e021c5e021c5e021c5e021c5e021c5e021c5e021c5e021c5e021c5e021c5e021c5e021c5e021c5e021c5e0
21c5e021c5e021c5e021c5e021c5e021c5e021c5e021c5e021c5e021c5e021c5e021c5e021c5e021c5e021c5e021c5e021c5e021c2df23c2df23c2df23c2df23
c2df23c2df23c2df23c2df23c2df23c2df23c2df23c2df23c2df23c2df23c2df23c2df23c2df23c2df23c2df23c2df23c0df25c0df25c0df25c0df25c0df25c0
df25c0df25c0df25c0df25c0df25c0df25c0df25c0df25c0df25c0df25c0df25c0df25c0df25c0df25c0df25c0df25c0df25c0df25c0df25c0df25c0df25c0df
25c0df25c0df25c0df25c0df25c0df25c0df25c0df25c0df25c0df25c0df25c0df25c0df25c0df25bddf26bddf26bddf26bddf26bddf26bddf26bddf26bddf26
bddf26bddf26bddf26bddf26bddf26bddf26bddf26bddf26bddf26bddf26bddf26bddf26bade28bade28bade28bade28bade28bade28bade28bade28bade28ba
de28bade28bade28bade28bade28bade28bade28bade28bade28bade28bade28bade28bade28bade28bade28bade28bade28bade28bade28bade28bade28bade
28bade28bade28bade28bade28bade28bade28bade28bade28bade28b8de29b8de29b8de29b8de29b8de29b8de29b8de29b8de29b8de29b8de29b8de29b8de29
b8de29b8de29b8de29b8de29b8de29b8de29b8de29b8de29b5de2bb5de2bb5de2bb5de2bb5de2bb5de2bb5de2bb5de2bb5de2bb5de2bb5de2bb5de2bb5de2bb5
de2bb5de2bb5de2bb5de2bb5de2bb5de2bb5de2bb5de2bb5de2bb5de2bb5de2bb5de2bb5de2bb5de2bb5de2bb5de2bb5de2bb5de2bb5de2bb5de2bb5de2bb5de
2bb5de2bb5de2bb5de2bb5de2bb5de2bb2dd2db2dd2db2dd2db2dd2db2dd2db2dd2db2dd2db2dd2db2dd2db2dd2db2dd2db2dd2db2dd2db2dd2db2dd2db2dd2d
b2dd2db2dd2db2dd2db2dd2db0dd2fb0dd2fb0dd2fb0dd2fb0dd2fb0dd2fb0dd2fb0dd2fb0dd2fb0dd2fb0dd2fb0dd2fb0dd2fb0dd2fb0dd2fb0dd2fb0dd2fb0
dd2fb0dd2fb0dd2fb0dd2fb0dd2fb0dd2fb0dd2fb0dd2fb0dd2fb0dd2fb0dd2fb0dd2fb0dd2fb0dd2fb0dd2fb0dd2fb0dd2fb0dd2fb0dd2fb0dd2fb0dd2fb0dd
2fb0dd2faddc30addc30addc30addc30addc30addc30addc30addc30addc30addc30addc30addc30addc30addc30addc30addc30addc30addc30addc30addc30
aadc32aadc32aadc32aadc32aadc32aadc32aadc32aadc32aadc32aadc32aadc32aadc32aadc32aadc32aadc32aadc32aadc32aadc32aadc32aadc32aadc32aa
dc32aadc32aadc32aadc32aadc32aadc32aadc32aadc32aadc32aadc32aadc32aadc32aadc32aadc32aadc32aadc32aadc32aadc32aadc32a8db34a8db34a8db
34a8db34a8db34a8db34a8db34a8db34a8db34a8db34a8db34a8db34a8db34a8db34a8db34a8db34a8db34a8db34a8db34a8db34a5db36a5db36a5db36a5db36
a5db36a5db36a5db36a5db36a5db36a5db36a5db36a5db36a5db36a5db36a5db36a5db36a5db36a5db36a5db36a5db36a5db36a5db36a5db36a5db36a5db36a5
db36a5db36a5db36a5db36a5db36a5db36a5db36a5db36a5db36a5db36a5db36a5db36a5db36a5db36a5db36a2da37a2da37a2da37a2da37a2da37a2da37a2da
37a2da37a2da37a2da37a2da37a2da37a2da37a2da37a2da37a2da37a2da37a2da37a2da37a2da37a0da39a0da39a0da39a0da39a0da39a0da39a0da39a0da39
a0da39a0da39a0da39a0da39a0da39a0da39a0da39a0da39a0da39a0da39a0da39a0da39a0da39a0da39a0da39a0da39a0da39a0da39a0da39a0da39a0da39a0
da39a0da39a0da39a0da39a0da39a0da39a0da39a0da39a0da39a0da39a0da399dd93b9dd93b9dd93b9dd93b9dd93b9dd93b9dd93b9dd93b9dd93b9dd93b9dd9
3b9dd93b9dd93b9dd93b9dd93b9dd93b9dd93b9dd93b9dd93b9dd93b9bd93c9bd93c9bd93c9bd93c9bd93c9bd93c9bd93c9bd93c9bd93c9bd93c9bd93c9bd93c
9bd93c9bd93c9bd93c9bd93c9bd93c9bd93c9bd93c9bd93c9bd93c9bd93c9bd93c9bd93c9bd93c9bd93c9bd93c9bd93c9bd93c9bd93c9bd93c9bd93c9bd93c9b
d93c9bd93c9bd93c9bd93c9bd93c9bd93c9bd93c98d83e98d83e98d83e98d83e98d83e98d83e98d83e98d83e98d83e98d83e98d83e98d83e98d83e98d83e98d8
3e98d83e98d83e98d83e98d83e98d83e95d84095d84095d84095d84095d84095d84095d84095d84095d84095d84095d84095d84095d84095d84095d84095d840
95d84095d84095d84095d84095d84095d84095d84095d84095d84095d84095d84095d84095d84095d84095d84095d84095d84095d84095d84095d84095d84095
d84095d84095d84093d74193d74193d74193d74193d74193d74193d74193d74193d74193d74193d74193d74193d74193d74193d74193d74193d74193d74193d7
4193d74190d74390d74390d74390d74390d74390d74390d74390d74390d74390d74390d74390d74390d74390d74390d74390d74390d74390d74390d74390d743
90d74390d74390d74390d74390d74390d74390d74390d74390d74390d74390d74390d74390d74390d74390d74390d74390d74390d74390d74390d7438ed6458e
d6458ed6458ed6458ed6458ed6458ed6458ed6458ed6458ed6458ed6458ed6458ed6458ed6458ed6458ed6458ed6458ed6458ed6458ed6458bd6468bd6468bd6
468bd6468bd6468bd6468bd6468bd6468bd6468bd6468bd6468bd6468bd6468bd6468bd6468bd6468bd6468bd6468bd6468bd6468bd6468bd6468bd6468bd646
8bd6468bd6468bd6468bd6468bd6468bd6468bd6468bd6468bd6468bd6468bd6468bd6468bd6468bd6468bd6468bd64689d54889d54889d54889d54889d54889
d54889d54889d54889d54889d54889d54889d54889d54889d54889d54889d54889d54889d54889d54889d54886d54986d54986d54986d54986d54986d54986d5
4986d54986d54986d54986d54986d54986d54986d54986d54986d54986d54986d54986d54986d54986d54986d54986d54986d54986d54986d54986d54986d549
86d54986d54986d54986d54986d54986d54986d54986d54986d54986d54986d54986d54984d44b84d44b84d44b84d44b84d44b84d44b84d44b84d44b84d44b84
d44b84d44b84d44b84d44b84d44b84d44b84d44b84d44b84d44b84d44b84d44b81d34d81d34d81d34d81d34d81d34d81d34d81d34d81d34d81d34d81d34d81d3
4d81d34d81d34d81d34d81d34d81d34d81d34d81d34d81d34d81d34d81d34d81d34d81d34d81d34d81d34d81d34d81d34d81d34d81d34d81d34d81d34d81d34d
81d34d81d34d81d34d81d34d81d34d81d34d81d34d81d34d7fd34e7fd34e7fd34e7fd34e7fd34e7fd34e7fd34e7fd34e7fd34e7fd34e7fd34e7fd34e7fd34e7f
d34e7fd34e7fd34e7fd34e7fd34e7fd34e7fd34e7cd2507cd2507cd2507cd2507cd2507cd2507cd2507cd2507cd2507cd2507cd2507cd2507cd2507cd2507cd2
507cd2507cd2507cd2507cd2507cd2507cd2507cd2507cd2507cd2507cd2507cd2507cd2507cd2507cd2507cd2507cd2507cd2507cd2507cd2507cd2507cd250
7cd2507cd2507cd2507cd2507ad1517ad1517ad1517ad1517ad1517ad1517ad1517ad1517ad1517ad1517ad1517ad1517ad1517ad1517ad1517ad1517ad1517a
d1517ad1517ad15177d15377d15377d15377d15377d15377d15377d15377d15377d15377d15377d15377d15377d15377d15377d15377d15377d15377d15377d1
5377d15377d15377d15377d15377d15377d15377d15377d15377d15377d15377d15377d15377d15377d15377d15377d15377d15377d15377d15377d15377d153
75d05475d05475d05475d05475d05475d05475d05475d05475d05475d05475d05475d05475d05475d05475d05475d05475d05475d05475d05475d05473d05673
d05673d05673d05673d05673d05673d05673d05673d05673d05673d05673d05673d05673d05673d05673d05673d05673d05673d05673d05673d05673d05673d0
5673d05673d05673d05673d05673d05673d05673d05673d05673d05673d05673d05673d05673d05673d05673d05673d05673d05670cf5770cf5770cf5770cf57
70cf5770cf5770cf5770cf5770cf5770cf5770cf5770cf5770cf5770cf5770cf5770cf5770cf5770cf5770cf5770cf576ece586ece586ece586ece586ece586e
ce586ece586ece586ece586ece586ece586ece586ece586ece586ece586ece586ece586ece586ece586ece586ece586ece586ece586ece586ece586ece586ece
586ece586ece586ece586ece586ece586ece586ece586ece586ece586ece586ece586ece586ece586ccd5a6ccd5a6ccd5a6ccd5a6ccd5a6ccd5a6ccd5a6ccd5a
6ccd5a6ccd5a6ccd5a6ccd5a6ccd5a6ccd5a6ccd5a6ccd5a6ccd5a6ccd5a6ccd5a6ccd5a69cd5b69cd5b69cd5b69cd5b69cd5b69cd5b69cd5b69cd5b69cd5b69
cd5b69cd5b69cd5b69cd5b69cd5b69cd5b69cd5b69cd5b69cd5b69cd5b69cd5b69cd5b69cd5b69cd5b69cd5b69cd5b69cd5b69cd5b69cd5b69cd5b69cd5b69cd
5b69cd5b69cd5b69cd5b69cd5b69cd5b69cd5b69cd5b69cd5b69cd5b67cc5c67cc5c67cc5c67cc5c67cc5c67cc5c67cc5c67cc5c67cc5c67cc5c67cc5c67cc5c
67cc5c67cc5c67cc5c67cc5c67cc5c67cc5c67cc5c67cc5c65cb5e65cb5e65cb5e65cb5e65cb5e65cb5e65cb5e65cb5e65cb5e65cb5e65cb5e65cb5e65cb5e65
cb5e65cb5e65cb5e65cb5e65cb5e65cb5e65cb5e65cb5e65cb5e65cb5e65cb5e65cb5e65cb5e65cb5e65cb5e65cb5e65cb5e65cb5e65cb5e65cb5e65cb5e65cb
5e65cb5e65cb5e65cb5e65cb5e65cb5e63cb5f63cb5f63cb5f63cb5f63cb5f63cb5f63cb5f63cb5f63cb5f63cb5f63cb5f63cb5f63cb5f63cb5f63cb5f63cb5f
63cb5f63cb5f63cb5f63cb5f60ca6060ca6060ca6060ca6060ca6060ca6060ca6060ca6060ca6060ca6060ca6060ca6060ca6060ca6060ca6060ca6060ca6060
ca6060ca6060ca6060ca6060ca6060ca6060ca6060ca6060ca6060ca6060ca6060ca6060ca6060ca6060ca6060ca6060ca6060ca6060ca6060ca6060ca6060ca
6060ca605ec9625ec9625ec9625ec9625ec9625ec9625ec9625ec9625ec9625ec9625ec9625ec9625ec9625ec9625ec9625ec9625ec9625ec9625ec9625ec962
5cc8635cc8635cc8635cc8635cc8635cc8635cc8635cc8635cc8635cc8635cc8635cc8635cc8635cc8635cc8635cc8635cc8635cc8635cc8635cc8635cc8635c
c8635cc8635cc8635cc8635cc8635cc8635cc8635cc8635cc8635cc8635cc8635cc8635cc8635cc8635cc8635cc8635cc8635cc8635cc8635ac8645ac8645ac8
645ac8645ac8645ac8645ac8645ac8645ac8645ac8645ac8645ac8645ac8645ac8645ac8645ac8645ac8645ac8645ac8645ac86458c76558c76558c76558c765
58c76558c76558c76558c76558c76558c76558c76558c76558c76558c76558c76558c76558c76558c76558c76558c76558c76558c76558c76558c76558c76558
c76558c76558c76558c76558c76558c76558c76558c76558c76558c76558c76558c76558c76558c76558c76556c66756c66756c66756c66756c66756c66756c6
6756c66756c66756c66756c66756c66756c66756c66756c66756c66756c66756c66756c66756c66754c56854c56854c56854c56854c56854c56854c56854c568
54c56854c56854c56854c56854c56854c56854c56854c56854c56854c56854c56854c56854c56854c56854c56854c56854c56854c56854c56854c56854c56854
c56854c56854c56854c56854c56854c56854c56854c56854c56854c56854c56852c56952c56952c56952c56952c56952c56952c56952c56952c56952c56952c5
6952c56952c56952c56952c56952c56952c56952c56952c56952c56950c46a50c46a50c46a50c46a50c46a50c46a50c46a50c46a50c46a50c46a50c46a50c46a
50c46a50c46a50c46a50c46a50c46a50c46a50c46a50c46a50c46a50c46a50c46a50c46a50c46a50c46a50c46a50c46a50c46a50c46a50c46a50c46a50c46a50
c46a50c46a50c46a50c46a50c46a50c46a50c46a4ec36b4ec36b4ec36b4ec36b4ec36b4ec36b4ec36b4ec36b4ec36b4ec36b4ec36b4ec36b4ec36b4ec36b4ec3
6b4ec36b4ec36b4ec36b4ec36b4ec36b4cc26c4cc26c4cc26c4cc26c4cc26c4cc26c4cc26c4cc26c4cc26c4cc26c4cc26c4cc26c4cc26c4cc26c4cc26c4cc26c
4cc26c4cc26c4cc26c4cc26c4cc26c4cc26c4cc26c4cc26c4cc26c4cc26c4cc26c4cc26c4cc26c4cc26c4cc26c4cc26c4cc26c4cc26c4cc26c4cc26c4cc26c4c
c26c4cc26c4cc26c4ac16d4ac16d4ac16d4ac16d4ac16d4ac16d4ac16d4ac16d4ac16d4ac16d4ac16d4ac16d4ac16d4ac16d4ac16d4ac16d4ac16d4ac16d4ac1
6d4ac16d48c16e48c16e48c16e48c16e48c16e48c16e48c16e48c16e48c16e48c16e48c16e48c16e48c16e48c16e48c16e48c16e48c16e48c16e48c16e48c16e
48c16e48c16e48c16e48c16e48c16e48c16e48c16e48c16e48c16e48c16e48c16e48c16e48c16e48c16e48c16e48c16e48c16e48c16e48c16e48c16e46c06f46
c06f46c06f46c06f46c06f46c06f46c06f46c06f46c06f46c06f46c06f46c06f46c06f46c06f46c06f46c06f46c06f46c06f46c06f46c06f44bf7044bf7044bf
7044bf7044bf7044bf7044bf7044bf7044bf7044bf7044bf7044bf7044bf7044bf7044bf7044bf7044bf7044bf7044bf7044bf7044bf7044bf7044bf7044bf70
44bf7044bf7044bf7044bf7044bf7044bf7044bf7044bf7044bf7044bf7044bf7044bf7044bf7044bf7044bf7044bf7042be7142be7142be7142be7142be7142
be7142be7142be7142be7142be7142be7142be7142be7142be7142be7142be7142be7142be7142be7142be7140bd7240bd7240bd7240bd7240bd7240bd7240bd
7240bd7240bd7240bd7240bd7240bd7240bd7240bd7240bd7240bd7240bd7240bd7240bd7240bd7240bd7240bd7240bd7240bd7240bd7240bd7240bd7240bd72
40bd7240bd7240bd7240bd7240bd7240bd7240bd7240bd7240bd7240bd7240bd7240bd723fbc733fbc733fbc733fbc733fbc733fbc733fbc733fbc733fbc733f
bc733fbc733fbc733fbc733fbc733fbc733fbc733fbc733fbc733fbc733fbc733dbc743dbc743dbc743dbc743dbc743dbc743dbc743dbc743dbc743dbc743dbc
743dbc743dbc743dbc743dbc743dbc743dbc743dbc743dbc743dbc743dbc743dbc743dbc743dbc743dbc743dbc743dbc743dbc743dbc743dbc743dbc743dbc74
3dbc743dbc743dbc743dbc743dbc743dbc743dbc743dbc743bbb753bbb753bbb753bbb753bbb753bbb753bbb753bbb753bbb753bbb753bbb753bbb753bbb753b
bb753bbb753bbb753bbb753bbb753bbb753bbb753aba763aba763aba763aba763aba763aba763aba763aba763aba763aba763aba763aba763aba763aba763aba
763aba763aba763aba763aba763aba763aba763aba763aba763aba763aba763aba763aba763aba763aba763aba763aba763aba763aba763aba763aba763aba76
3aba763aba763aba763aba7638b97738b97738b97738b97738b97738b97738b97738b97738b97738b97738b97738b97738b97738b97738b97738b97738b97738
b97738b97738b97737b87837b87837b87837b87837b87837b87837b87837b87837b87837b87837b87837b87837b87837b87837b87837b87837b87837b87837b8
7837b87837b87837b87837b87837b87837b87837b87837b87837b87837b87837b87837b87837b87837b87837b87837b87837b87837b87837b87837b87837b878
35b77935b77935b77935b77935b77935b77935b77935b77935b77935b77935b77935b77935b77935b77935b77935b77935b77935b77935b77935b77934b67934
b67934b67934b67934b67934b67934b67934b67934b67934b67934b67934b67934b67934b67934b67934b67934b67934b67934b67934b67934b67934b67934b6
7934b67934b67934b67934b67934b67934b67934b67934b67934b67934b67934b67934b67934b67934b67934b67934b67934b67932b67a32b67a32b67a32b67a
32b67a32b67a32b67a32b67a32b67a32b67a32b67a32b67a32b67a32b67a32b67a32b67a32b67a32b67a32b67a32b67a31b57b31b57b31b57b31b57b31b57b31
b57b31b57b31b57b31b57b31b57b31b57b31b57b31b57b31b57b31b57b31b57b31b57b31b57b31b57b31b57b31b57b31b57b31b57b31b57b31b57b31b57b31b5
7b31b57b31b57b31b57b31b57b31b57b31b57b31b57b31b57b31b57b31b57b31b57b31b57b31b57b2fb47c2fb47c2fb47c2fb47c2fb47c2fb47c2fb47c2fb47c
2fb47c2fb47c2fb47c2fb47c2fb47c2fb47c2fb47c2fb47c2fb47c2fb47c2fb47c2fb47c2eb37c2eb37c2eb37c2eb37c2eb37c2eb37c2eb37c2eb37c2eb37c2e
b37c2eb37c2eb37c2eb37c2eb37c2eb37c2eb37c2eb37c2eb37c2eb37c2eb37c2eb37c2eb37c2eb37c2eb37c2eb37c2eb37c2eb37c2eb37c2eb37c2eb37c2eb3
7c2eb37c2eb37c2eb37c2eb37c2eb37c2eb37c2eb37c2eb37c2eb37c2db27d2db27d2db27d2db27d2db27d2db27d2db27d2db27d2db27d2db27d2db27d2db27d
2db27d2db27d2db27d2db27d2db27d2db27d2db27d2db27d2cb17e2cb17e2cb17e2cb17e2cb17e2cb17e2cb17e2cb17e2cb17e2cb17e2cb17e2cb17e2cb17e2c
b17e2cb17e2cb17e2cb17e2cb17e2cb17e2cb17e2cb17e2cb17e2cb17e2cb17e2cb17e2cb17e2cb17e2cb17e2cb17e2cb17e2cb17e2cb17e2cb17e2cb17e2cb1
7e2cb17e2cb17e2cb17e2cb17e2cb17e2ab07f2ab07f2ab07f2ab07f2ab07f2ab07f2ab07f2ab07f2ab07f2ab07f2ab07f2ab07f2ab07f2ab07f2ab07f2ab07f
2ab07f2ab07f2ab07f2ab07f29af7f29af7f29af7f29af7f29af7f29af7f29af7f29af7f29af7f29af7f29af7f29af7f29af7f29af7f29af7f29af7f29af7f29
af7f29af7f29af7f29af7f29af7f29af7f29af7f29af7f29af7f29af7f29af7f29af7f29af7f29af7f29af7f29af7f29af7f29af7f29af7f29af7f29af7f29af
7f29af7f28ae8028ae8028ae8028ae8028ae8028ae8028ae8028ae8028ae8028ae8028ae8028ae8028ae8028ae8028ae8028ae8028ae8028ae8028ae8028ae80
27ad8127ad8127ad8127ad8127ad8127ad8127ad8127ad8127ad8127ad8127ad8127ad8127ad8127ad8127ad8127ad8127ad8127ad8127ad8127ad8127ad8127
ad8127ad8127ad8127ad8127ad8127ad8127ad8127ad8127ad8127ad8127ad8127ad8127ad8127ad8127ad8127ad8127ad8127ad8127ad8126ad8126ad8126ad
8126ad8126ad8126ad8126ad8126ad8126ad8126ad8126ad8126ad8126ad8126ad8126ad8126ad8126ad8126ad8126ad8126ad8125ac8225ac8225ac8225ac82
25ac8225ac8225ac8225ac8225ac8225ac8225ac8225ac8225ac8225ac8225ac8225ac8225ac8225ac8225ac8225ac8225ac8225ac8225ac8225ac8225ac8225
ac8225ac8225ac8225ac8225ac8225ac8225ac8225ac8225ac8225ac8225ac8225ac8225ac8225ac8225ac8225ab8225ab8225ab8225ab8225ab8225ab8225ab
8225ab8225ab8225ab8225ab8225ab8225ab8225ab8225ab8225ab8225ab8225ab8225ab8225ab8224aa8324aa8324aa8324aa8324aa8324aa8324aa8324aa83
24aa8324aa8324aa8324aa8324aa8324aa8324aa8324aa8324aa8324aa8324aa8324aa8324aa8324aa8324aa8324aa8324aa8324aa8324aa8324aa8324aa8324
aa8324aa8324aa8324aa8324aa8324aa8324aa8324aa8324aa8324aa8324aa8323a98323a98323a98323a98323a98323a98323a98323a98323a98323a98323a9
8323a98323a98323a98323a98323a98323a98323a98323a98323a98322a88422a88422a88422a88422a88422a88422a88422a88422a88422a88422a88422a884
22a88422a88422a88422a88422a88422a88422a88422a88422a88422a88422a88422a88422a88422a88422a88422a88422a88422a88422a88422a88422a88422
a88422a88422a88422a88422a88422a88422a88422a78522a78522a78522a78522a78522a78522a78522a78522a78522a78522a78522a78522a78522a78522a7
8522a78522a78522a78522a78522a78521a68521a68521a68521a68521a68521a68521a68521a68521a68521a68521a68521a68521a68521a68521a68521a685
21a68521a68521a68521a68521a68521a68521a68521a68521a68521a68521a68521a68521a68521a68521a68521a68521a68521a68521a68521a68521a68521
a68521a68521a68521a58521a58521a58521a58521a58521a58521a58521a58521a58521a58521a58521a58521a58521a58521a58521a58521a58521a58521a5
8521a58520a48620a48620a48620a48620a48620a48620a48620a48620a48620a48620a48620a48620a48620a48620a48620a48620a48620a48620a48620a486
20a48620a48620a48620a48620a48620a48620a48620a48620a48620a48620a48620a48620a48620a48620a48620a48620a48620a48620a48620a48620a38620
a38620a38620a38620a38620a38620a38620a38620a38620a38620a38620a38620a38620a38620a38620a38620a38620a38620a38620a3861fa2871fa2871fa2
871fa2871fa2871fa2871fa2871fa2871fa2871fa2871fa2871fa2871fa2871fa2871fa2871fa2871fa2871fa2871fa2871fa2871fa2871fa2871fa2871fa287
1fa2871fa2871fa2871fa2871fa2871fa2871fa2871fa2871fa2871fa2871fa2871fa2871fa2871fa2871fa2871fa2871fa1871fa1871fa1871fa1871fa1871f
a1871fa1871fa1871fa1871fa1871fa1871fa1871fa1871fa1871fa1871fa1871fa1871fa1871fa1871fa1871fa1881fa1881fa1881fa1881fa1881fa1881fa1
881fa1881fa1881fa1881fa1881fa1881fa1881fa1881fa1881fa1881fa1881fa1881fa1881fa1881fa1881fa1881fa1881fa1881fa1881fa1881fa1881fa188
1fa1881fa1881fa1881fa1881fa1881fa1881fa1881fa1881fa1881fa1881fa1881fa1881fa0881fa0881fa0881fa0881fa0881fa0881fa0881fa0881fa0881f
a0881fa0881fa0881fa0881fa0881fa0881fa0881fa0881fa0881fa0881fa0881f9f881f9f881f9f881f9f881f9f881f9f881f9f881f9f881f9f881f9f881f9f
881f9f881f9f881f9f881f9f881f9f881f9f881f9f881f9f881f9f881f9f881f9f881f9f881f9f881f9f881f9f881f9f881f9f881f9f881f9f881f9f881f9f88
1f9f881f9f881f9f881f9f881f9f881f9f881f9f881f9f881f9e891f9e891f9e891f9e891f9e891f9e891f9e891f9e891f9e891f9e891f9e891f9e891f9e891f
9e891f9e891f9e891f9e891f9e891f9e891f9e891e9d891e9d891e9d891e9d891e9d891e9d891e9d891e9d891e9d891e9d891e9d891e9d891e9d891e9d891e9d
891e9d891e9d891e9d891e9d891e9d891e9d891e9d891e9d891e9d891e9d891e9d891e9d891e9d891e9d891e9d891e9d891e9d891e9d891e9d891e9d891e9d89
1e9d891e9d891e9d891e9d891e9c891e9c891e9c891e9c891e9c891e9c891e9c891e9c891e9c891e9c891e9c891e9c891e9c891e9c891e9c891e9c891e9c891e
9c891e9c891e9c891e9b8a1e9b8a1e9b8a1e9b8a1e9b8a1e9b8a1e9b8a1e9b8a1e9b8a1e9b8a1e9b8a1e9b8a1e9b8a1e9b8a1e9b8a1e9b8a1e9b8a1e9b8a1e9b
8a1e9b8a1e9b8a1e9b8a1e9b8a1e9b8a1e9b8a1e9b8a1e9b8a1e9b8a1e9b8a1e9b8a1e9b8a1e9b8a1e9b8a1e9b8a1e9b8a1e9b8a1e9b8a1e9b8a1e9b8a1e9b8a
1f9a8a1f9a8a1f9a8a1f9a8a1f9a8a1f9a8a1f9a8a1f9a8a1f9a8a1f9a8a1f9a8a1f9a8a1f9a8a1f9a8a1f9a8a1f9a8a1f9a8a1f9a8a1f9a8a1f9a8a1f998a1f
998a1f998a1f998a1f998a1f998a1f998a1f998a1f998a1f998a1f998a1f998a1f998a1f998a1f998a1f998a1f998a1f998a1f998a1f998a1f998a1f998a1f99
8a1f998a1f998a1f998a1f998a1f998a1f998a1f998a1f998a1f998a1f998a1f998a1f998a1f998a1f998a1f998a1f998a1f998a1f988b1f988b1f988b1f988b
1f988b1f988b1f988b1f988b1f988b1f988b1f988b1f988b1f988b1f988b1f988b1f988b1f988b1f988b1f988b1f988b1f978b1f978b1f978b1f978b1f978b1f
978b1f978b1f978b1f978b1f978b1f978b1f978b1f978b1f978b1f978b1f978b1f978b1f978b1f978b1f978b1f978b1f978b1f978b1f978b1f978b1f978b1f97
8b1f978b1f978b1f978b1f978b1f978b1f978b1f978b1f978b1f978b1f978b1f978b1f978b1f978b1f968b1f968b1f968b1f968b1f968b1f968b1f968b1f968b
1f968b1f968b1f968b1f968b1f968b1f968b1f968b1f968b1f968b1f968b1f968b1f968b1f958b1f958b1f958b1f958b1f958b1f958b1f958b1f958b1f958b1f
958b1f958b1f958b1f958b1f958b1f958b1f958b1f958b1f958b1f958b1f958b1f958b1f958b1f958b1f958b1f958b1f958b1f958b1f958b1f958b1f958b1f95
8b1f958b1f958b1f958b1f958b1f958b1f958b1f958b1f958b1f958b1f948c1f948c1f948c1f948c1f948c1f948c1f948c1f948c1f948c1f948c1f948c1f948c
1f948c1f948c1f948c1f948c1f948c1f948c1f948c1f948c20938c20938c20938c20938c20938c20938c20938c20938c20938c20938c20938c20938c20938c20
938c20938c20938c20938c20938c20938c20938c20938c20938c20938c20938c20938c20938c20938c20938c20938c20938c20938c20938c20938c20938c2093
8c20938c20938c20938c20938c20938c20928c20928c20928c20928c20928c20928c20928c20928c20928c20928c20928c20928c20928c20928c20928c20928c
20928c20928c20928c20928c20928c20928c20928c20928c20928c20928c20928c20928c20928c20928c20928c20928c20928c20928c20928c20928c20928c20
928c20928c20928c20928c20928c20928c20928c20928c20928c20928c20928c20928c20928c20928c20928c20928c20928c20928c20928c20928c20928c2092
8c20928c21918c21918c21918c21918c21918c21918c21918c21918c21918c21918c21918c21918c21918c21918c21918c21918c21918c21918c21918c21918c
21918c21918c21918c21918c21918c21918c21918c21918c21918c21918c21918c21918c21918c21918c21918c21918c21918c21918c21918c21918c21908d21
908d21908d21908d21908d21908d21908d21908d21908d21908d21908d21908d21908d21908d21908d21908d21908d21908d21908d21908d218f8d218f8d218f
8d218f8d218f8d218f8d218f8d218f8d218f8d218f8d218f8d218f8d218f8d218f8d218f8d218f8d218f8d218f8d218f8d218f8d218f8d218f8d218f8d218f8d
218f8d218f8d218f8d218f8d218f8d218f8d218f8d218f8d218f8d218f8d218f8d218f8d218f8d218f8d218f8d218f8d218e8d218e8d218e8d218e8d218e8d21
8e8d218e8d218e8d218e8d218e8d218e8d218e8d218e8d218e8d218e8d218e8d218e8d218e8d218e8d218e8d228d8d228d8d228d8d228d8d228d8d228d8d228d
8d228d8d228d8d228d8d228d8d228d8d228d8d228d8d228d8d228d8d228d8d228d8d228d8d228d8d228d8d228d8d228d8d228d8d228d8d228d8d228d8d228d8d
228d8d228d8d228d8d228d8d228d8d228d8d228d8d228d8d228d8d228d8d228d8d228d8d228c8d228c8d228c8d228c8d228c8d228c8d228c8d228c8d228c8d22
8c8d228c8d228c8d228c8d228c8d228c8d228c8d228c8d228c8d228c8d228c8d228b8d228b8d228b8d228b8d228b8d228b8d228b8d228b8d228b8d228b8d228b
8d228b8d228b8d228b8d228b8d228b8d228b8d228b8d228b8d228b8d228b8d228b8d228b8d228b8d228b8d228b8d228b8d228b8d228b8d228b8d228b8d228b8d
228b8d228b8d228b8d228b8d228b8d228b8d228b8d228b8d238a8d238a8d238a8d238a8d238a8d238a8d238a8d238a8d238a8d238a8d238a8d238a8d238a8d23
8a8d238a8d238a8d238a8d238a8d238a8d238a8d23898e23898e23898e23898e23898e23898e23898e23898e23898e23898e23898e23898e23898e23898e2389
8e23898e23898e23898e23898e23898e23898e23898e23898e23898e23898e23898e23898e23898e23898e23898e23898e23898e23898e23898e23898e23898e
23898e23898e23898e23898e23888e23888e23888e23888e23888e23888e23888e23888e23888e23888e23888e23888e23888e23888e23888e23888e23888e23
888e23888e23888e24878e24878e24878e24878e24878e24878e24878e24878e24878e24878e24878e24878e24878e24878e24878e24878e24878e24878e2487
8e24878e24878e24878e24878e24878e24878e24878e24878e24878e24878e24878e24878e24878e24878e24878e24878e24878e24878e24878e24878e24878e
24868e24868e24868e24868e24868e24868e24868e24868e24868e24868e24868e24868e24868e24868e24868e24868e24868e24868e24868e24868e25858e25
858e25858e25858e25858e25858e25858e25858e25858e25858e25858e25858e25858e25858e25858e25858e25858e25858e25858e25858e25858e25858e2585
8e25858e25858e25858e25858e25858e25858e25858e25858e25858e25858e25858e25858e25858e25858e25858e25858e25858e25848e25848e25848e25848e
25848e25848e25848e25848e25848e25848e25848e25848e25848e25848e25848e25848e25848e25848e25848e25848e25838e25838e25838e25838e25838e25
838e25838e25838e25838e25838e25838e25838e25838e25838e25838e25838e25838e25838e25838e25838e25838e25838e25838e25838e25838e25838e2583
8e25838e25838e25838e25838e25838e25838e25838e25838e25838e25838e25838e25838e25838e26828e26828e26828e26828e26828e26828e26828e26828e
26828e26828e26828e26828e26828e26828e26828e26828e26828e26828e26828e26828e26828e26828e26828e26828e26828e26828e26828e26828e26828e26
828e26828e26828e26828e26828e26828e26828e26828e26828e26828e26828e26828e26828e26828e26828e26828e26828e26828e26828e26828e26828e2682
8e26828e26828e26828e26828e26828e26828e26828e26828e26828e26818e26818e26818e26818e26818e26818e26818e26818e26818e26818e26818e26818e
26818e26818e26818e26818e26818e26818e26818e26818e27808e27808e27808e27808e27808e27808e27808e27808e27808e27808e27808e27808e27808e27
808e27808e27808e27808e27808e27808e27808e27808e27808e27808e27808e27808e27808e27808e27808e27808e27808e27808e27808e27808e27808e2780
8e27808e27808e27808e27808e27808e277f8e277f8e277f8e277f8e277f8e277f8e277f8e277f8e277f8e277f8e277f8e277f8e277f8e277f8e277f8e277f8e
277f8e277f8e277f8e277f8e277e8e277e8e277e8e277e8e277e8e277e8e277e8e277e8e277e8e277e8e277e8e277e8e277e8e277e8e277e8e277e8e277e8e27
7e8e277e8e277e8e277e8e277e8e277e8e277e8e277e8e277e8e277e8e277e8e277e8e277e8e277e8e277e8e277e8e277e8e277e8e277e8e277e8e277e8e277e
8e277e8e287d8e287d8e287d8e287d8e287d8e287d8e287d8e287d8e287d8e287d8e287d8e287d8e287d8e287d8e287d8e287d8e287d8e287d8e287d8e287d8e
287c8e287c8e287c8e287c8e287c8e287c8e287c8e287c8e287c8e287c8e287c8e287c8e287c8e287c8e287c8e287c8e287c8e287c8e287c8e287c8e287c8e28
7c8e287c8e287c8e287c8e287c8e287c8e287c8e287c8e287c8e287c8e287c8e287c8e287c8e287c8e287c8e287c8e287c8e287c8e287c8e297b8e297b8e297b
8e297b8e297b8e297b8e297b8e297b8e297b8e297b8e297b8e297b8e297b8e297b8e297b8e297b8e297b8e297b8e297b8e297b8e297a8e297a8e297a8e297a8e
297a8e297a8e297a8e297a8e297a8e297a8e297a8e297a8e297a8e297a8e297a8e297a8e297a8e297a8e297a8e297a8e297a8e297a8e297a8e297a8e297a8e29
7a8e297a8e297a8e297a8e297a8e297a8e297a8e297a8e297a8e297a8e297a8e297a8e297a8e297a8e297a8e29798e29798e29798e29798e29798e29798e2979
8e29798e29798e29798e29798e29798e29798e29798e29798e29798e29798e29798e29798e29798e2a788e2a788e2a788e2a788e2a788e2a788e2a788e2a788e
2a788e2a788e2a788e2a788e2a788e2a788e2a788e2a788e2a788e2a788e2a788e2a788e2a788e2a788e2a788e2a788e2a788e2a788e2a788e2a788e2a788e2a
788e2a788e2a788e2a788e2a788e2a788e2a788e2a788e2a788e2a788e2a788e2a778e2a778e2a778e2a778e2a778e2a778e2a778e2a778e2a778e2a778e2a77
8e2a778e2a778e2a778e2a778e2a778e2a778e2a778e2a778e2a778e2a768e2a768e2a768e2a768e2a768e2a768e2a768e2a768e2a768e2a768e2a768e2a768e
2a768e2a768e2a768e2a768e2a768e2a768e2a768e2a768e2a768e2a768e2a768e2a768e2a768e2a768e2a768e2a768e2a768e2a768e2a768e2a768e2a768e2a
768e2a768e2a768e2a768e2a768e2a768e2a768e2b758e2b758e2b758e2b758e2b758e2b758e2b758e2b758e2b758e2b758e2b758e2b758e2b758e2b758e2b75
8e2b758e2b758e2b758e2b758e2b758e2b748e2b748e2b748e2b748e2b748e2b748e2b748e2b748e2b748e2b748e2b748e2b748e2b748e2b748e2b748e2b748e
2b748e2b748e2b748e2b748e2b748e2b748e2b748e2b748e2b748e2b748e2b748e2b748e2b748e2b748e2b748e2b748e2b748e2b748e2b748e2b748e2b748e2b
748e2b748e2b748e2c738e2c738e2c738e2c738e2c738e2c738e2c738e2c738e2c738e2c738e2c738e2c738e2c738e2c738e2c738e2c738e2c738e2c738e2c73
8e2c738e2c728e2c728e2c728e2c728e2c728e2c728e2c728e2c728e2c728e2c728e2c728e2c728e2c728e2c728e2c728e2c728e2c728e2c728e2c728e2c728e
2c728e2c728e2c728e2c728e2c728e2c728e2c728e2c728e2c728e2c728e2c728e2c728e2c728e2c728e2c728e2c728e2c728e2c728e2c728e2c728e2c718e2c
718e2c718e2c718e2c718e2c718e2c718e2c718e2c718e2c718e2c718e2c718e2c718e2c718e2c718e2c718e2c718e2c718e2c718e2c718e2d718e2d718e2d71
8e2d718e2d718e2d718e2d718e2d718e2d718e2d718e2d718e2d718e2d718e2d718e2d718e2d718e2d718e2d718e2d718e2d718e2d718e2d718e2d718e2d718e
2d718e2d718e2d718e2d718e2d718e2d718e2d718e2d718e2d718e2d718e2d718e2d718e2d718e2d718e2d718e2d718e2d708e2d708e2d708e2d708e2d708e2d
708e2d708e2d708e2d708e2d708e2d708e2d708e2d708e2d708e2d708e2d708e2d708e2d708e2d708e2d708e2e6f8e2e6f8e2e6f8e2e6f8e2e6f8e2e6f8e2e6f
8e2e6f8e2e6f8e2e6f8e2e6f8e2e6f8e2e6f8e2e6f8e2e6f8e2e6f8e2e6f8e2e6f8e2e6f8e2e6f8e2e6f8e2e6f8e2e6f8e2e6f8e2e6f8e2e6f8e2e6f8e2e6f8e
2e6f8e2e6f8e2e6f8e2e6f8e2e6f8e2e6f8e2e6f8e2e6f8e2e6f8e2e6f8e2e6f8e2e6f8e2e6e8e2e6e8e2e6e8e2e6e8e2e6e8e2e6e8e2e6e8e2e6e8e2e6e8e2e
6e8e2e6e8e2e6e8e2e6e8e2e6e8e2e6e8e2e6e8e2e6e8e2e6e8e2e6e8e2e6e8e2e6d8e2e6d8e2e6d8e2e6d8e2e6d8e2e6d8e2e6d8e2e6d8e2e6d8e2e6d8e2e6d
8e2e6d8e2e6d8e2e6d8e2e6d8e2e6d8e2e6d8e2e6d8e2e6d8e2e6d8e2e6d8e2e6d8e2e6d8e2e6d8e2e6d8e2e6d8e2e6d8e2e6d8e2e6d8e2e6d8e2e6d8e2e6d8e
2e6d8e2e6d8e2e6d8e2e6d8e2e6d8e2e6d8e2e6d8e2e6d8e2f6c8e2f6c8e2f6c8e2f6c8e2f6c8e2f6c8e2f6c8e2f6c8e2f6c8e2f6c8e2f6c8e2f6c8e2f6c8e2f
6c8e2f6c8e2f6c8e2f6c8e2f6c8e2f6c8e2f6c8e2f6b8e2f6b8e2f6b8e2f6b8e2f6b8e2f6b8e2f6b8e2f6b8e2f6b8e2f6b8e2f6b8e2f6b8e2f6b8e2f6b8e2f6b
8e2f6b8e2f6b8e2f6b8e2f6b8e2f6b8e2f6b8e2f6b8e2f6b8e2f6b8e2f6b8e2f6b8e2f6b8e2f6b8e2f6b8e2f6b8e2f6b8e2f6b8e2f6b8e2f6b8e2f6b8e2f6b8e
2f6b8e2f6b8e2f6b8e2f6b8e306a8e306a8e306a8e306a8e306a8e306a8e306a8e306a8e306a8e306a8e306a8e306a8e306a8e306a8e306a8e306a8e306a8e30
6a8e306a8e306a8e30698e30698e30698e30698e30698e30698e30698e30698e30698e30698e30698e30698e30698e30698e30698e30698e30698e30698e3069
8e30698e30698e30698e30698e30698e30698e30698e30698e30698e30698e30698e30698e30698e30698e30698e30698e30698e30698e30698e30698e30698e
31688e31688e31688e31688e31688e31688e31688e31688e31688e31688e31688e31688e31688e31688e31688e31688e31688e31688e31688e31688e31678e31
678e31678e31678e31678e31678e31678e31678e31678e31678e31678e31678e31678e31678e31678e31678e31678e31678e31678e31678e31678e31678e3167
8e31678e31678e31678e31678e31678e31678e31678e31678e31678e31678e31678e31678e31678e31678e31678e31678e31678e31668e31668e31668e31668e
31668e31668e31668e31668e31668e31668e31668e31668e31668e31668e31668e31668e31668e31668e31668e31668e32658e32658e32658e32658e32658e32
658e32658e32658e32658e32658e32658e32658e32658e32658e32658e32658e32658e32658e32658e32658e32658e32658e32658e32658e32658e32658e3265
8e32658e32658e32658e32658e32658e32658e32658e32658e32658e32658e32658e32658e32658e32648e32648e32648e32648e32648e32648e32648e32648e
32648e32648e32648e32648e32648e32648e32648e32648e32648e32648e32648e32648e33638d33638d33638d33638d33638d33638d33638d33638d33638d33
638d33638d33638d33638d33638d33638d33638d33638d33638d33638d33638d33638d33638d33638d33638d33638d33638d33638d33638d33638d33638d3363
8d33638d33638d33638d33638d33638d33638d33638d33638d33638d33628d33628d33628d33628d33628d33628d33628d33628d33628d33628d33628d33628d
33628d33628d33628d33628d33628d33628d33628d33628d34618d34618d34618d34618d34618d34618d34618d34618d34618d34618d34618d34618d34618d34
618d34618d34618d34618d34618d34618d34618d34618d34618d34618d34618d34618d34618d34618d34618d34618d34618d34618d34618d34618d34618d3461
8d34618d34618d34618d34618d34618d34608d34608d34608d34608d34608d34608d34608d34608d34608d34608d34608d34608d34608d34608d34608d34608d
34608d34608d34608d34608d355f8d355f8d355f8d355f8d355f8d355f8d355f8d355f8d355f8d355f8d355f8d355f8d355f8d355f8d355f8d355f8d355f8d35
5f8d355f8d355f8d355f8d355f8d355f8d355f8d355f8d355f8d355f8d355f8d355f8d355f8d355f8d355f8d355f8d355f8d355f8d355f8d355f8d355f8d355f
8d355f8d355e8d355e8d355e8d355e8d355e8d355e8d355e8d355e8d355e8d355e8d355e8d355e8d355e8d355e8d355e8d355e8d355e8d355e8d355e8d355e8d
365d8d365d8d365d8d365d8d365d8d365d8d365d8d365d8d365d8d365d8d365d8d365d8d365d8d365d8d365d8d365d8d365d8d365d8d365d8d365d8d365d8d36
5d8d365d8d365d8d365d8d365d8d365d8d365d8d365d8d365d8d365d8d365d8d365d8d365d8d365d8d365d8d365d8d365d8d365d8d365d8d365c8d365c8d365c
8d365c8d365c8d365c8d365c8d365c8d365c8d365c8d365c8d365c8d365c8d365c8d365c8d365c8d365c8d365c8d365c8d365c8d375b8d375b8d375b8d375b8d
375b8d375b8d375b8d375b8d375b8d375b8d375b8d375b8d375b8d375b8d375b8d375b8d375b8d375b8d375b8d375b8d375b8d375b8d375b8d375b8d375b8d37
5b8d375b8d375b8d375b8d375b8d375b8d375b8d375b8d375b8d375b8d375b8d375b8d375b8d375b8d375b8d375a8c375a8c375a8c375a8c375a8c375a8c375a
8c375a8c375a8c375a8c375a8c375a8c375a8c375a8c375a8c375a8c375a8c375a8c375a8c375a8c38598c38598c38598c38598c38598c38598c38598c38598c
38598c38598c38598c38598c38598c38598c38598c38598c38598c38598c38598c38598c38598c38598c38598c38598c38598c38598c38598c38598c38598c38
598c38598c38598c38598c38598c38598c38598c38598c38598c38598c38598c38588c38588c38588c38588c38588c38588c38588c38588c38588c38588c3858
8c38588c38588c38588c38588c38588c38588c38588c38588c38588c39568c39568c39568c39568c39568c39568c39568c39568c39568c39568c39568c39568c
39568c39568c39568c39568c39568c39568c39568c39568c39568c39568c39568c39568c39568c39568c39568c39568c39568c39568c39568c39568c39568c39
568c39568c39568c39568c39568c39568c39568c39558c39558c39558c39558c39558c39558c39558c39558c39558c39558c39558c39558c39558c39558c3955
8c39558c39558c39558c39558c39558c3a548c3a548c3a548c3a548c3a548c3a548c3a548c3a548c3a548c3a548c3a548c3a548c3a548c3a548c3a548c3a548c
3a548c3a548c3a548c3a548c3a548c3a548c3a548c3a548c3a548c3a548c3a548c3a548c3a548c3a548c3a548c3a548c3a548c3a548c3a548c3a548c3a548c3a
548c3a548c3a548c3a538b3a538b3a538b3a538b3a538b3a538b3a538b3a538b3a538b3a538b3a538b3a538b3a538b3a538b3a538b3a538b3a538b3a538b3a53
8b3a538b3b528b3b528b3b528b3b528b3b528b3b528b3b528b3b528b3b528b3b528b3b528b3b528b3b528b3b528b3b528b3b528b3b528b3b528b3b528b3b528b
3b528b3b528b3b528b3b528b3b528b3b528b3b528b3b528b3b528b3b528b3b528b3b528b3b528b3b528b3b528b3b528b3b528b3b528b3b528b3b528b3b518b3b
518b3b518b3b518b3b518b3b518b3b518b3b518b3b518b3b518b3b518b3b518b3b518b3b518b3b518b3b518b3b518b3b518b3b518b3b518b3c508b3c508b3c50
8b3c508b3c508b3c508b3c508b3c508b3c508b3c508b3c508b3c508b3c508b3c508b3c508b3c508b3c508b3c508b3c508b3c508b3c508b3c508b3c508b3c508b
3c508b3c508b3c508b3c508b3c508b3c508b3c508b3c508b3c508b3c508b3c508b3c508b3c508b3c508b3c508b3c508b3c4f8a3c4f8a3c4f8a3c4f8a3c4f8a3c
4f8a3c4f8a3c4f8a3c4f8a3c4f8a3c4f8a3c4f8a3c4f8a3c4f8a3c4f8a3c4f8a3c4f8a3c4f8a3c4f8a3c4f8a3d4e8a3d4e8a3d4e8a3d4e8a3d4e8a3d4e8a3d4e
8a3d4e8a3d4e8a3d4e8a3d4e8a3d4e8a3d4e8a3d4e8a3d4e8a3d4e8a3d4e8a3d4e8a3d4e8a3d4e8a3d4e8a3d4e8a3d4e8a3d4e8a3d4e8a3d4e8a3d4e8a3d4e8a
3d4e8a3d4e8a3d4e8a3d4e8a3d4e8a3d4e8a3d4e8a3d4e8a3d4e8a3d4e8a3d4e8a3d4e8a3d4d8a3d4d8a3d4d8a3d4d8a3d4d8a3d4d8a3d4d8a3d4d8a3d4d8a3d
4d8a3d4d8a3d4d8a3d4d8a3d4d8a3d4d8a3d4d8a3d4d8a3d4d8a3d4d8a3d4d8a3e4c8a3e4c8a3e4c8a3e4c8a3e4c8a3e4c8a3e4c8a3e4c8a3e4c8a3e4c8a3e4c
8a3e4c8a3e4c8a3e4c8a3e4c8a3e4c8a3e4c8a3e4c8a3e4c8a3e4c8a3e4c8a3e4c8a3e4c8a3e4c8a3e4c8a3e4c8a3e4c8a3e4c8a3e4c8a3e4c8a3e4c8a3e4c8a
3e4c8a3e4c8a3e4c8a3e4c8a3e4c8a3e4c8a3e4c8a3e4c8a3e4a893e4a893e4a893e4a893e4a893e4a893e4a893e4a893e4a893e4a893e4a893e4a893e4a893e
4a893e4a893e4a893e4a893e4a893e4a893e4a893e49893e49893e49893e49893e49893e49893e49893e49893e49893e49893e49893e49893e49893e49893e49
893e49893e49893e49893e49893e49893e49893e49893e49893e49893e49893e49893e49893e49893e49893e49893e49893e49893e49893e49893e49893e4989
3e49893e49893e49893e49893f48893f48893f48893f48893f48893f48893f48893f48893f48893f48893f48893f48893f48893f48893f48893f48893f48893f
48893f48893f48893f47883f47883f47883f47883f47883f47883f47883f47883f47883f47883f47883f47883f47883f47883f47883f47883f47883f47883f47
883f47883f47883f47883f47883f47883f47883f47883f47883f47883f47883f47883f47883f47883f47883f47883f47883f47883f47883f47883f47883f4788
40468840468840468840468840468840468840468840468840468840468840468840468840468840468840468840468840468840468840468840468840458840
45884045884045884045884045884045884045884045884045884045884045884045884045884045884045884045884045884045884045884045884045884045
88404588404588404588404588404588404588404588404588404588404588404588404588404588404588404588404588404588414487414487414487414487
41448741448741448741448741448741448741448741448741448741448741448741448741448741448741448741448741428741428741428741428741428741
42874142874142874142874142874142874142874142874142874142874142874142874142874142874142874142874142874142874142874142874142874142
87414287414287414287414287414287414287414287414287414287414287414287414287414287424186424186424186424186424186424186424186424186
42418642418642418642418642418642418642418642418642418642418642418642418642408642408642408642408642408642408642408642408642408642
40864240864240864240864240864240864240864240864240864240864240864240864240864240864240864240864240864240864240864240864240864240
86424086424086424086424086424086424086424086424086424086423f85423f85423f85423f85423f85423f85423f85423f85423f85423f85423f85423f85
423f85423f85423f85423f85423f85423f85423f85423f85433e85433e85433e85433e85433e85433e85433e85433e85433e85433e85433e85433e85433e8543
3e85433e85433e85433e85433e85433e85433e85433e85433e85433e85433e85433e85433e85433e85433e85433e85433e85433e85433e85433e85433e85433e
85433e85433e85433e85433e85433e85433d84433d84433d84433d84433d84433d84433d84433d84433d84433d84433d84433d84433d84433d84433d84433d84
433d84433d84433d84433d84443b84443b84443b84443b84443b84443b84443b84443b84443b84443b84443b84443b84443b84443b84443b84443b84443b8444
3b84443b84443b84443b84443b84443b84443b84443b84443b84443b84443b84443b84443b84443b84443b84443b84443b84443b84443b84443b84443b84443b
84443b84443a83443a83443a83443a83443a83443a83443a83443a83443a83443a83443a83443a83443a83443a83443a83443a83443a83443a83443a83443a83
44398344398344398344398344398344398344398344398344398344398344398344398344398344398344398344398344398344398344398344398344398344
39834439834439834439834439834439834439834439834439834439834439834439834439834439834439834439834439834439834439834538824538824538
82453882453882453882453882453882453882453882453882453882453882453882453882453882453882453882453882453882453781453781453781453781
45378145378145378145378145378145378145378145378145378145378145378145378145378145378145378145378145378145378145378145378145378145
37814537814537814537814537814537814537814537814537814537814537814537814537814537814537814535814535814535814535814535814535814535
81453581453581453581453581453581453581453581453581453581453581453581453581453581463480463480463480463480463480463480463480463480
46348046348046348046348046348046348046348046348046348046348046348046348046348046348046348046348046348046348046348046348046348046
348046348046348046348046348046348046348046348046348046348046348046337f46337f46337f46337f46337f46337f46337f46337f46337f46337f4633
7f46337f46337f46337f46337f46337f46337f46337f46337f46337f46327e46327e46327e46327e46327e46327e46327e46327e46327e46327e46327e46327e
46327e46327e46327e46327e46327e46327e46327e46327e46327e46327e46327e46327e46327e46327e46327e46327e46327e46327e46327e46327e46327e46
327e46327e46327e46327e46327e46327e46327e46307e46307e46307e46307e46307e46307e46307e46307e46307e46307e46307e46307e46307e46307e4630
7e46307e46307e46307e46307e46307e472f7d472f7d472f7d472f7d472f7d472f7d472f7d472f7d472f7d472f7d472f7d472f7d472f7d472f7d472f7d472f7d
472f7d472f7d472f7d472f7d472f7d472f7d472f7d472f7d472f7d472f7d472f7d472f7d472f7d472f7d472f7d472f7d472f7d472f7d472f7d472f7d472f7d47
2f7d472f7d472f7d472e7c472e7c472e7c472e7c472e7c472e7c472e7c472e7c472e7c472e7c472e7c472e7c472e7c472e7c472e7c472e7c472e7c472e7c472e
7c472e7c472d7b472d7b472d7b472d7b472d7b472d7b472d7b472d7b472d7b472d7b472d7b472d7b472d7b472d7b472d7b472d7b472d7b472d7b472d7b472d7b
472d7b472d7b472d7b472d7b472d7b472d7b472d7b472d7b472d7b472d7b472d7b472d7b472d7b472d7b472d7b472d7b472d7b472d7b472d7b472d7b472c7a47
2c7a472c7a472c7a472c7a472c7a472c7a472c7a472c7a472c7a472c7a472c7a472c7a472c7a472c7a472c7a472c7a472c7a472c7a472c7a472a7a472a7a472a
7a472a7a472a7a472a7a472a7a472a7a472a7a472a7a472a7a472a7a472a7a472a7a472a7a472a7a472a7a472a7a472a7a472a7a472a7a472a7a472a7a472a7a
472a7a472a7a472a7a472a7a472a7a472a7a472a7a472a7a472a7a472a7a472a7a472a7a472a7a472a7a472a7a472a7a48297948297948297948297948297948
29794829794829794829794829794829794829794829794829794829794829794829794829794829794829794828784828784828784828784828784828784828
78482878482878482878482878482878482878482878482878482878482878482878482878482878482878482878482878482878482878482878482878482878
48287848287848287848287848287848287848287848287848287848287848287848287848267748267748267748267748267748267748267748267748267748
26774826774826774826774826774826774826774826774826774826774826774825764825764825764825764825764825764825764825764825764825764825
76482576482576482576482576482576482576482576482576482576482576482576482576482576482576482576482576482576482576482576482576482576
48257648257648257648257648257648257648257648257648247548247548247548247548247548247548247548247548247548247548247548247548247548
24754824754824754824754824754824754824754823744823744823744823744823744823744823744823744823744823744823744823744823744823744823
74482374482374482374482374482374482374482374482374482374482374482374482374482374482374482374482374482374482374482374482374482374
48237448237448237448237448217348217348217348217348217348217348217348217348217348217348217348217348217348217348217348217348217348
21734821734821734820714820714820714820714820714820714820714820714820714820714820714820714820714820714820714820714820714820714820
71482071482071482071482071482071482071482071482071482071482071482071482071482071482071482071482071482071482071482071482071482071
481f70481f70481f70481f70481f70481f70481f70481f70481f70481f70481f70481f70481f70481f70481f70481f70481f70481f70481f70481f70481d6f48
1d6f481d6f481d6f481d6f481d6f481d6f481d6f481d6f481d6f481d6f481d6f481d6f481d6f481d6f481d6f481d6f481d6f481d6f481d6f481d6f481d6f481d
6f481d6f481d6f481d6f481d6f481d6f481d6f481d6f481d6f481d6f481d6f481d6f481d6f481d6f481d6f481d6f481d6f481d6f481c6e481c6e481c6e481c6e
481c6e481c6e481c6e481c6e481c6e481c6e481c6e481c6e481c6e481c6e481c6e481c6e481c6e481c6e481c6e481c6e481b6d481b6d481b6d481b6d481b6d48
1b6d481b6d481b6d481b6d481b6d481b6d481b6d481b6d481b6d481b6d481b6d481b6d481b6d481b6d481b6d481b6d481b6d481b6d481b6d481b6d481b6d481b
6d481b6d481b6d481b6d481b6d481b6d481b6d481b6d481b6d481b6d481b6d481b6d481b6d481b6d481a6c481a6c481a6c481a6c481a6c481a6c481a6c481a6c
481a6c481a6c481a6c481a6c481a6c481a6c481a6c481a6c481a6c481a6c481a6c481a6c48186a48186a48186a48186a48186a48186a48186a48186a48186a48
186a48186a48186a48186a48186a48186a48186a48186a48186a48186a48186a48186a48186a48186a48186a48186a48186a48186a48186a48186a48186a4818
6a48186a48186a48186a48186a48186a48186a48186a48186a48186a481769481769481769481769481769481769481769481769481769481769481769481769
48176948176948176948176948176948176948176948176948166848166848166848166848166848166848166848166848166848166848166848166848166848
16684816684816684816684816684816684816684816684816684816684816684816684816684816684816684816684816684816684816684816684816684816
68481668481668481668481668481668481467481467481467481467481467481467481467481467481467481467481467481467481467481467481467481467
48146748146748146748146747136547136547136547136547136547136547136547136547136547136547136547136547136547136547136547136547136547
13654713654713654713654713654713654713654713654713654713654713654713654713654713654713654713654713654713654713654713654713654713
65471365471164471164471164471164471164471164471164471164471164471164471164471164471164471164471164471164471164471164471164471164
47106347106347106347106347106347106347106347106347106347106347106347106347106347106347106347106347106347106347106347106347106347
1063471063471063471063471063471063471063471063471063471063471063471063471063471063471063471063471063471063471063470e61470e61470e
61470e61470e61470e61470e61470e61470e61470e61470e61470e61470e61470e61470e61470e61470e61470e61470e61470e61470d60470d60470d60470d60
470d60470d60470d60470d60470d60470d60470d60470d60470d60470d60470d60470d60470d60470d60470d60470d60470d60470d60470d60470d60470d6047
0d60470d60470d60470d60470d60470d60470d60470d60470d60470d60470d60470d60470d60470d60470d60460b5e460b5e460b5e460b5e460b5e460b5e460b
5e460b5e460b5e460b5e460b5e460b5e460b5e460b5e460b5e460b5e460b5e460b5e460b5e460b5e460a5d460a5d460a5d460a5d460a5d460a5d460a5d460a5d
460a5d460a5d460a5d460a5d460a5d460a5d460a5d460a5d460a5d460a5d460a5d460a5d460a5d460a5d460a5d460a5d460a5d460a5d460a5d460a5d460a5d46
0a5d460a5d460a5d460a5d460a5d460a5d460a5d460a5d460a5d460a5d460a5d46085c46085c46085c46085c46085c46085c46085c46085c46085c46085c4608
5c46085c46085c46085c46085c46085c46085c46085c46085c46085c46075a46075a46075a46075a46075a46075a46075a46075a46075a46075a46075a46075a
46075a46075a46075a46075a46075a46075a46075a46075a46075a46075a46075a46075a46075a46075a46075a46075a46075a46075a46075a46075a46075a46
075a46075a46075a46075a46075a46075a46075a4505594505594505594505594505594505594505594505594505594505594505594505594505594505594505
59450559450559450559450559450559450457450457450457450457450457450457450457450457450457450457450457450457450457450457450457450457
45045745045745045745045745045745045745045745045745045745045745045745045745045745045745045745045745045745045745045745045745045745
04574504574504574402564402564402564402564402564402564402564402564402564402564402564402564402564402564402564402564402564402564402
56440256440154440154440154440154440154440154440154440154440154440154440154440154440154440154440154440154440154440154440154440154
440154440154440154440154440154440154440154440154440154440154440154440154440154440154440154440154440154440154440154440154
grestore
1 setlinejoin
0 setlinecap
gsave
/o {
gsave
newpath
translate
0.8 setlinewidth
1 setlinejoin

0 setlinecap

0 0 m
3.5 0 l

gsave
0 setgray
fill
grestore
stroke
grestore
} bind def
352.44 39.6 o
grestore
/DejaVuSans 11.000 selectfont
gsave

359.44 35.4203 translate
0 rotate
0 0 m /zero glyphshow
6.99854 0 m /period glyphshow
10.4951 0 m /zero glyphshow
grestore
gsave
/o {
gsave
newpath
translate
0.8 setlinewidth
1 setlinejoin

0 setlinecap

0 0 m
3.5 0 l

gsave
0 setgray
fill
grestore
stroke
grestore
} bind def
352.44 95.04 o
grestore
/DejaVuSans 11.000 selectfont
gsave

359.44 90.8603 translate
0 rotate
0 0 m /zero glyphshow
6.99854 0 m /period glyphshow
10.4951 0 m /two glyphshow
grestore
gsave
/o {
gsave
newpath
translate
0.8 setlinewidth
1 setlinejoin

0 setlinecap

0 0 m
3.5 0 l

gsave
0 setgray
fill
grestore
stroke
grestore
} bind def
352.44 150.48 o
grestore
/DejaVuSans 11.000 selectfont
gsave

359.44 146.3 translate
0 rotate
0 0 m /zero glyphshow
6.99854 0 m /period glyphshow
10.4951 0 m /four glyphshow
grestore
gsave
/o {
gsave
newpath
translate
0.8 setlinewidth
1 setlinejoin

0 setlinecap

0 0 m
3.5 0 l

gsave
0 setgray
fill
grestore
stroke
grestore
} bind def
352.44 205.92 o
grestore
/DejaVuSans 11.000 selectfont
gsave

359.44 201.74 translate
0 rotate
0 0 m /zero glyphshow
6.99854 0 m /period glyphshow
10.4951 0 m /six glyphshow
grestore
gsave
/o {
gsave
newpath
translate
0.8 setlinewidth
1 setlinejoin

0 setlinecap

0 0 m
3.5 0 l

gsave
0 setgray
fill
grestore
stroke
grestore
} bind def
352.44 261.36 o
grestore
/DejaVuSans 11.000 selectfont
gsave

359.44 257.18 translate
0 rotate
0 0 m /zero glyphshow
6.99854 0 m /period glyphshow
10.4951 0 m /eight glyphshow
grestore
gsave
/o {
gsave
newpath
translate
0.8 setlinewidth
1 setlinejoin

0 setlinecap

0 0 m
3.5 0 l

gsave
0 setgray
fill
grestore
stroke
grestore
} bind def
352.44 316.8 o
grestore
/DejaVuSans 11.000 selectfont
gsave

359.44 312.62 translate
0 rotate
0 0 m /one glyphshow
6.99854 0 m /period glyphshow
10.4951 0 m /zero glyphshow
grestore
/DejaVuSans 12.000 selectfont
gsave

390.065 135.747 translate
90 rotate
0 0 m /C glyphshow
8.37891 0 m /o glyphshow
15.7207 0 m /n glyphshow
23.3262 0 m /c glyphshow
29.9238 0 m /e glyphshow
37.3066 0 m /n glyphshow
44.9121 0 m /t glyphshow
49.6172 0 m /r glyphshow
54.5508 0 m /a glyphshow
61.9043 0 m /t glyphshow
66.6094 0 m /i glyphshow
69.9434 0 m /o glyphshow
77.2852 0 m /n glyphshow
grestore
0 setlinejoin
2 setlinecap
gsave
338.58 39.6 m
345.51 39.6 l
352.44 39.6 l
352.44 316.8 l
345.51 316.8 l
338.58 316.8 l
338.58 39.6 l
cl
stroke
grestore

end
showpage
